sample_id,PFBS,PFHxA,PFHxS,PFOA,PFOS,PFPeA
CA0110001_0110001041_2024-02-05_SE1,< 0.003,< 0.003,< 0.003,< 0.004,< 0.004,< 0.003
CA0110001_0110001053_2024-01-16_SE1,< 0.003,< 0.003,< 0.003,< 0.004,< 0.004,< 0.003
CA0110001_0110001801_2024-01-16_SE1,< 0.003,< 0.003,< 0.003,< 0.004,< 0.004,< 0.003
CA0110001_0110001803_2024-02-05_SE1,< 0.003,< 0.003,< 0.003,< 0.004,< 0.004,< 0.003
CA0110003_0110003801_2023-07-10_SE1,< 0.003,< 0.003,< 0.003,< 0.004,< 0.004,< 0.003
CA0110003_0110003802_2023-07-19_SE1,0.0038,< 0.003,0.0057,0.0040,< 0.004,< 0.003
CA0110003_0110003809_2023-07-12_SE1,< 0.003,< 0.003,< 0.003,< 0.004,< 0.004,< 0.003
CA0110003_0110003810_2023-07-11_SE1,< 0.003,< 0.003,< 0.003,< 0.004,< 0.004,< 0.003
CA0110003_0110003812_2023-07-11_SE1,< 0.003,< 0.003,0.0045,< 0.004,< 0.004,< 0.003
CA0110003_0110003813_2023-07-11_SE1,< 0.003,< 0.003,0.0053,< 0.004,0.0072,< 0.003
CA0110003_0110003825_2023-07-12_SE1,< 0.003,< 0.003,< 0.003,< 0.004,< 0.004,< 0.003
CA0110003_0110003827_2023-10-18_SE1,< 0.003,< 0.003,0.0058,< 0.004,0.0090,0.0032
CA0110005_0110005802_2023-04-25_SE1,< 0.003,< 0.003,< 0.003,< 0.004,< 0.004,< 0.003
CA0110005_0110005803_2023-04-04_SE1,< 0.003,< 0.003,< 0.003,< 0.004,< 0.004,< 0.003
CA0110005_0110005804_2023-04-25_SE1,< 0.003,< 0.003,< 0.003,< 0.004,< 0.004,< 0.003
CA0110005_0110005805_2023-04-25_SE1,< 0.003,< 0.003,< 0.003,< 0.004,< 0.004,< 0.003
CA0110005_0110005806_2023-06-13_SE1,< 0.003,< 0.003,< 0.003,< 0.004,< 0.004,< 0.003
CA0110005_0110005807_2023-11-28_SE1,< 0.003,< 0.003,< 0.003,< 0.004,< 0.004,< 0.003
CA0110006_0110006001_2025-04-02_SE1,< 0.003,< 0.003,< 0.003,< 0.004,< 0.004,< 0.003
CA0110006_0110006002_2025-04-02_SE1,< 0.003,< 0.003,< 0.003,< 0.004,< 0.004,< 0.003
CA0110008_0110008004A_2024-08-20_SE1,0.0039,0.0030,0.0087,0.0048,0.013,< 0.003
CA0110008_0110008005_2024-08-20_SE1,< 0.003,< 0.003,< 0.003,< 0.004,< 0.004,< 0.003
CA0110008_0110008803A_2024-08-20_SE1,0.0056,0.0030,0.022,0.0040,0.022,< 0.003
CA0110009_0110009003_2023-12-13_SE1,< 0.003,< 0.003,< 0.003,< 0.004,< 0.004,< 0.003
CA0110011_0110011001_2025-02-19_SE1,< 0.003,< 0.003,< 0.003,< 0.004,< 0.004,< 0.003
CA0110701_B295PUMPHOUSE_2025-01-07_SE1,< 0.003,< 0.003,< 0.003,< 0.004,< 0.004,< 0.003
CA0110701_SANDIATANKDISTSYSTEM_2025-10-01_SE1,< 0.003,< 0.003,< 0.003,< 0.004,< 0.004,< 0.003
CA0210002_WELL2_2026-01-21_SE1,< 0.003,< 0.003,< 0.003,< 0.004,< 0.004,< 0.003
CA0210002_WELL3R_2025-07-16_SE1,< 0.003,< 0.003,< 0.003,< 0.004,< 0.004,< 0.003
CA0210002_WELL4_2025-07-16_SE1,< 0.003,< 0.003,< 0.003,< 0.004,< 0.004,< 0.003
CA0210002_WELL5_2025-07-16_SE1,< 0.003,< 0.003,< 0.003,< 0.004,< 0.004,< 0.003
CA0300037_EP1_2023-03-20_SE1,< 0.003,< 0.003,< 0.003,< 0.004,< 0.004,< 0.003
CA0310001_EP1_2024-03-04_SE1,< 0.003,< 0.003,< 0.003,< 0.004,< 0.004,< 0.003
CA0310002_EP1_2024-02-05_SE1,< 0.003,< 0.003,< 0.003,< 0.004,< 0.004,< 0.003
CA0310003_EP1_2025-03-04_SE1,< 0.003,< 0.003,< 0.003,< 0.004,< 0.004,< 0.003
CA0310012_EP1_2023-02-22_SE1,< 0.003,< 0.003,< 0.003,< 0.004,< 0.004,< 0.003
CA0400070_EP001_2025-04-02_SE1,< 0.003,< 0.003,< 0.003,< 0.004,< 0.004,< 0.003
CA0410002_0410002104_2024-01-17_SE1,< 0.003,< 0.003,< 0.003,< 0.004,< 0.004,< 0.003
CA0410002_0410002105_2024-01-16_SE1,< 0.003,< 0.003,< 0.003,< 0.004,< 0.004,< 0.003
CA0410002_0410002803_2023-09-20_SE1,< 0.003,< 0.003,< 0.003,< 0.004,< 0.004,< 0.003
CA0410002_0410002805_2023-10-18_SE1,< 0.003,< 0.003,< 0.003,< 0.004,< 0.004,< 0.003
CA0410002_0410002806_2023-09-18_SE1,< 0.003,< 0.003,< 0.003,< 0.004,< 0.004,< 0.003
CA0410002_0410002807_2023-09-18_SE1,< 0.003,< 0.003,< 0.003,< 0.004,< 0.004,< 0.003
CA0410002_0410002808_2023-09-20_SE1,< 0.003,< 0.003,< 0.003,< 0.004,< 0.004,< 0.003
CA0410002_0410002809_2023-09-20_SE1,< 0.003,< 0.003,< 0.003,< 0.004,< 0.004,< 0.003
CA0410002_0410002810_2023-09-19_SE1,< 0.003,< 0.003,< 0.003,< 0.004,< 0.004,< 0.003
CA0410002_0410002812_2023-10-04_SE1,< 0.003,< 0.003,< 0.003,< 0.004,< 0.004,< 0.003
CA0410002_0410002815_2023-10-04_SE1,0.0038,< 0.003,0.0118,< 0.004,0.0110,< 0.003
CA0410002_0410002819_2024-01-16_SE1,< 0.003,< 0.003,< 0.003,< 0.004,< 0.004,< 0.003
CA0410002_0410002822_2023-10-04_SE1,< 0.003,< 0.003,0.0048,< 0.004,0.0040,< 0.003
CA0410002_0410002823_2023-10-04_SE1,< 0.003,< 0.003,< 0.003,< 0.004,< 0.004,< 0.003
CA0410002_0410002825_2024-01-23_SE1,< 0.003,< 0.003,0.0038,< 0.004,< 0.004,< 0.003
CA0410002_0410002826_2023-12-26_SE1,< 0.003,< 0.003,< 0.003,< 0.004,< 0.004,< 0.003
CA0410002_0410002828_2023-10-04_SE1,< 0.003,< 0.003,0.0048,< 0.004,0.0066,< 0.003
CA0410002_0410002831_2023-11-07_SE1,< 0.003,< 0.003,< 0.003,< 0.004,< 0.004,< 0.003
CA0410002_0410002837_2023-11-15_SE1,< 0.003,< 0.003,< 0.003,< 0.004,< 0.004,< 0.003
CA0410002_0410002840_2023-11-08_SE1,< 0.003,< 0.003,< 0.003,< 0.004,< 0.004,< 0.003
CA0410002_0410002841_2023-11-15_SE1,< 0.003,< 0.003,0.0041,< 0.004,< 0.004,< 0.003
CA0410002_0410002842_2023-12-27_SE1,< 0.003,< 0.003,< 0.003,< 0.004,< 0.004,< 0.003
CA0410002_0410002845_2023-11-15_SE1,< 0.003,< 0.003,< 0.003,< 0.004,< 0.004,< 0.003
CA0410002_0410002846_2023-11-08_SE1,< 0.003,< 0.003,< 0.003,< 0.004,< 0.004,< 0.003
CA0410002_0410002852_2023-12-11_SE1,< 0.003,< 0.003,< 0.003,< 0.004,< 0.004,< 0.003
CA0410002_0410002853_2023-12-05_SE1,< 0.003,< 0.003,< 0.003,< 0.004,< 0.004,< 0.003
CA0410002_0410002854_2023-12-13_SE1,< 0.003,< 0.003,< 0.003,< 0.004,< 0.004,< 0.003
CA0410002_0410002857_2023-12-12_SE1,0.0035,< 0.003,0.0088,< 0.004,0.0057,< 0.003
CA0410002_0410002860_2024-01-24_SE1,< 0.003,< 0.003,< 0.003,< 0.004,0.0040,< 0.003
CA0410002_0410002861_2023-12-12_SE1,< 0.003,< 0.003,< 0.003,< 0.004,< 0.004,< 0.003
CA0410002_0410002862_2023-12-05_SE1,< 0.003,< 0.003,< 0.003,< 0.004,< 0.004,< 0.003
CA0410002_0410002863_2023-12-13_SE1,< 0.003,< 0.003,< 0.003,< 0.004,< 0.004,< 0.003
CA0410002_0410002865_2024-01-17_SE1,< 0.003,< 0.003,< 0.003,< 0.004,< 0.004,< 0.003
CA0410002_0410002866_2024-01-16_SE1,< 0.003,< 0.003,< 0.003,< 0.004,< 0.004,< 0.003
CA0410002_0410002875_2024-01-17_SE1,0.0043,0.0041,0.0153,0.0059,0.0172,0.0044
CA0410002_0410002877_2024-02-06_SE1,< 0.003,< 0.003,0.0126,< 0.004,0.0131,< 0.003
CA0410002_0410002878_2024-02-21_SE1,< 0.003,< 0.003,< 0.003,< 0.004,< 0.004,< 0.003
CA0410004_EP002_2024-06-03_SE1,< 0.003,< 0.003,< 0.003,< 0.004,< 0.004,< 0.003
CA0410004_EP003_2024-06-03_SE1,< 0.003,0.0053,0.0128,< 0.004,0.0105,0.0065
CA0410004_EP010_2024-06-03_SE1,< 0.003,< 0.003,< 0.003,< 0.004,< 0.004,< 0.003
CA0410004_EP013_2024-06-03_SE1,< 0.003,< 0.003,< 0.003,< 0.004,< 0.004,< 0.003
CA0410004_EP015_2024-11-04_SE1,< 0.003,< 0.003,< 0.003,< 0.004,< 0.004,< 0.003
CA0410005_0410005_2024-10-21_SE1,< 0.003,< 0.003,< 0.003,< 0.004,< 0.004,< 0.003
CA0410005_0410005801_2024-10-22_SE1,< 0.003,< 0.003,< 0.003,< 0.004,< 0.004,< 0.003
CA0410006_0410006801_2023-09-06_SE1,< 0.003,< 0.003,< 0.003,< 0.004,< 0.004,< 0.003
CA0410007_EP001_2023-05-09_SE1,< 0.003,< 0.003,< 0.003,< 0.004,< 0.004,< 0.003
CA0410007_SS001_2023-02-21_SE1,< 0.003,< 0.003,< 0.003,< 0.004,< 0.004,< 0.003
CA0410008_EP1_2023-04-25_SE1,< 0.003,< 0.003,< 0.003,< 0.004,< 0.004,< 0.003
CA0510001_EP1_2024-02-06_SE1,< 0.003,< 0.003,< 0.003,< 0.004,< 0.004,< 0.003
CA0510002_EP1_2023-03-21_SE1,< 0.003,< 0.003,< 0.003,< 0.004,< 0.004,< 0.003
CA0510003_BOH_2023-02-21_SE1,< 0.003,< 0.003,< 0.003,< 0.004,< 0.004,< 0.003
CA0510006_510006002_2025-01-06_SE1,< 0.003,< 0.003,< 0.003,< 0.004,< 0.004,< 0.003
CA0510009_EP1_2023-01-11_SE1,< 0.003,< 0.003,< 0.003,< 0.004,< 0.004,< 0.003
CA0510009_EP2_2023-04-26_SE1,< 0.003,< 0.003,< 0.003,< 0.004,< 0.004,< 0.003
CA0510016_0510016801_2023-10-19_SE1,< 0.003,< 0.003,< 0.003,< 0.004,< 0.004,< 0.003
CA0510017_EP1_2025-02-04_SE1,< 0.003,< 0.003,< 0.003,< 0.004,< 0.004,< 0.003
CA0610002_EP1_2024-05-06_SE1,< 0.003,< 0.003,< 0.003,< 0.004,< 0.004,< 0.003
CA0610002_EP2_2024-05-06_SE1,< 0.003,< 0.003,< 0.003,< 0.004,< 0.004,< 0.003
CA0610002_EP3_2024-08-14_SE1,< 0.003,< 0.003,< 0.003,< 0.004,< 0.004,< 0.003
CA0610002_EP4_2024-05-06_SE1,< 0.003,< 0.003,< 0.003,< 0.004,< 0.004,< 0.003
CA0610002_EP5_2024-05-06_SE1,< 0.003,< 0.003,< 0.003,< 0.004,< 0.004,< 0.003
CA0610004_EP001_2024-02-06_SE1,< 0.003,< 0.003,< 0.003,< 0.004,< 0.004,< 0.003
CA0610004_EP002_2024-03-19_SE1,< 0.003,< 0.003,< 0.003,< 0.004,< 0.004,< 0.003
CA0710001_0710001801_2023-11-14_SE1,< 0.003,< 0.003,< 0.003,< 0.004,< 0.004,< 0.003
CA0710002_0710002801_2024-03-13_SE1,< 0.003,< 0.003,< 0.003,< 0.004,< 0.004,< 0.003
CA0710003_0710003801_2023-03-16_SE1,< 0.003,< 0.003,< 0.003,< 0.004,< 0.004,< 0.003
CA0710003_0710010002_2023-03-16_SE1,< 0.003,< 0.003,< 0.003,< 0.004,< 0.004,< 0.003
CA0710003_0710011002_2023-03-16_SE1,< 0.003,< 0.003,< 0.003,< 0.004,< 0.004,< 0.003
CA0710004_0710004804_2024-12-18_SE1,< 0.003,< 0.003,< 0.003,< 0.004,< 0.004,< 0.003
CA0710004_0710004805_2024-06-24_SE1,< 0.003,< 0.003,< 0.003,< 0.004,< 0.004,< 0.003
CA0710004_0710004806_2024-06-24_SE1,< 0.003,< 0.003,< 0.003,< 0.004,< 0.004,< 0.003
CA0710004_0710004807_2024-06-24_SE1,< 0.003,< 0.003,< 0.003,< 0.004,< 0.004,< 0.003
CA0710004_0710004810_2024-06-24_SE1,< 0.003,< 0.003,< 0.003,< 0.004,< 0.004,< 0.003
CA0710004_0710011002_2024-06-24_SE1,< 0.003,< 0.003,< 0.003,< 0.004,< 0.004,< 0.003
CA0710006_0710006001_2023-07-05_SE1,< 0.003,< 0.003,< 0.003,< 0.004,< 0.004,< 0.003
CA0710007_0710007007_2023-03-16_SE1,< 0.003,< 0.003,< 0.003,< 0.004,< 0.004,< 0.003
CA0710008_910801_2023-07-11_SE1,< 0.003,< 0.003,< 0.003,< 0.004,< 0.004,< 0.003
CA0710009_0710009015_2023-04-12_SE1,< 0.003,< 0.003,< 0.003,< 0.004,< 0.004,< 0.003
CA0810001_0810001801_2024-08-21_SE1,< 0.003,< 0.003,< 0.003,< 0.004,< 0.004,< 0.003
CA0900649_EP001_2024-04-10_SE1,< 0.003,< 0.003,< 0.003,< 0.004,< 0.004,< 0.003
CA0900659_EP002_2023-01-10_SE1,0.003,< 0.003,< 0.003,0.005,< 0.004,< 0.003
CA0910001_0910001803_2023-03-14_SE1,< 0.003,< 0.003,< 0.003,< 0.004,< 0.004,< 0.003
CA0910001_0910001804_2023-02-07_SE1,< 0.003,< 0.003,< 0.003,< 0.004,< 0.004,< 0.003
CA0910001_0910001805_2023-02-07_SE1,< 0.003,< 0.003,< 0.003,< 0.004,< 0.004,0.0032
CA0910002_0910002802_2024-02-29_SE1,< 0.003,< 0.003,< 0.003,< 0.004,< 0.004,< 0.003
CA0910002_0910002805_2023-07-12_SE1,< 0.003,< 0.003,< 0.003,< 0.004,< 0.004,< 0.003
CA0910002_0910002807_2023-07-12_SE1,< 0.003,< 0.003,< 0.003,< 0.004,< 0.004,< 0.003
CA0910002_0910002808_2023-11-20_SE1,< 0.003,< 0.003,< 0.003,< 0.004,< 0.004,< 0.003
CA0910002_0910002809_2023-08-09_SE1,< 0.003,< 0.003,< 0.003,< 0.004,< 0.004,< 0.003
CA0910002_0910002814_2023-08-09_SE1,< 0.003,< 0.003,< 0.003,< 0.004,< 0.004,< 0.003
CA0910002_0910002817_2024-01-09_SE1,< 0.003,< 0.003,< 0.003,0.0040,< 0.004,< 0.003
CA0910002_0910002818_2023-11-20_SE1,0.0031,0.0119,0.0056,0.0051,0.0047,0.0159
CA0910002_0910002819_2023-09-27_SE1,< 0.003,0.0113,< 0.003,< 0.004,< 0.004,0.0120
CA0910002_0910002822_2023-08-21_SE1,< 0.003,< 0.003,< 0.003,< 0.004,< 0.004,< 0.003
CA0910002_0910002823_2023-08-16_SE1,< 0.003,< 0.003,< 0.003,< 0.004,< 0.004,< 0.003
CA0910002_0910002824_2023-07-12_SE1,< 0.003,< 0.003,< 0.003,< 0.004,< 0.004,< 0.003
CA0910002_0910002826_2023-08-09_SE1,< 0.003,< 0.003,< 0.003,< 0.004,< 0.004,< 0.003
CA0910003_0910003001_2023-04-24_SE1,< 0.003,< 0.003,< 0.003,< 0.004,< 0.004,< 0.003
CA0910013_EP002_2023-11-06_SE1,< 0.003,< 0.003,< 0.003,< 0.004,< 0.004,< 0.003
CA0910013_EP004_2023-11-06_SE1,< 0.003,< 0.003,< 0.003,< 0.004,< 0.004,< 0.003
CA1010001_005_2023-05-10_SE1,< 0.003,< 0.003,< 0.003,< 0.004,< 0.004,< 0.003
CA1010001_009_2023-05-10_SE1,< 0.003,< 0.003,< 0.003,< 0.004,< 0.004,< 0.003
CA1010001_011_2023-05-10_SE1,< 0.003,< 0.003,< 0.003,< 0.004,< 0.004,< 0.003
CA1010001_012_2023-05-10_SE1,< 0.003,< 0.003,< 0.003,< 0.004,< 0.004,< 0.003
CA1010001_020_2023-05-10_SE1,< 0.003,< 0.003,< 0.003,< 0.004,< 0.004,< 0.003
CA1010001_022_2023-05-10_SE1,< 0.003,< 0.003,< 0.003,< 0.004,< 0.004,< 0.003
CA1010001_024_2023-05-10_SE1,< 0.003,< 0.003,< 0.003,< 0.004,< 0.004,< 0.003
CA1010003_1010003801_2023-05-05_SE1,< 0.003,< 0.003,< 0.003,< 0.004,< 0.004,< 0.003
CA1010003_1010003802_2023-05-17_SE1,< 0.003,< 0.003,< 0.003,< 0.004,< 0.004,< 0.003
CA1010003_1010003803_2023-05-10_SE1,< 0.003,0.0033,< 0.003,0.0040,< 0.004,< 0.003
CA1010003_1010003804_2023-05-18_SE1,< 0.003,< 0.003,< 0.003,< 0.004,< 0.004,< 0.003
CA1010003_1010003806_2023-05-08_SE1,< 0.003,< 0.003,< 0.003,< 0.004,< 0.004,< 0.003
CA1010003_1010003807_2023-05-04_SE1,< 0.003,< 0.003,< 0.003,< 0.004,< 0.004,< 0.003
CA1010003_1010003808_2023-05-25_SE1,< 0.003,< 0.003,< 0.003,< 0.004,< 0.004,< 0.003
CA1010003_1010003809_2023-05-08_SE1,< 0.003,< 0.003,< 0.003,< 0.004,< 0.004,< 0.003
CA1010003_1010003810_2023-05-08_SE1,< 0.003,< 0.003,< 0.003,< 0.004,< 0.004,< 0.003
CA1010003_1010003811_2023-05-09_SE1,< 0.003,< 0.003,< 0.003,< 0.004,< 0.004,< 0.003
CA1010003_1010003812_2023-05-04_SE1,< 0.003,< 0.003,< 0.003,< 0.004,< 0.004,< 0.003
CA1010003_1010003813_2023-05-24_SE1,0.0037,< 0.003,< 0.003,0.0096,0.019,< 0.003
CA1010003_1010003815_2023-05-17_SE1,< 0.003,< 0.003,< 0.003,< 0.004,< 0.004,< 0.003
CA1010003_1010003816_2023-05-24_SE1,< 0.003,< 0.003,< 0.003,< 0.004,< 0.004,< 0.003
CA1010003_1010003817_2023-05-25_SE1,< 0.003,< 0.003,< 0.003,< 0.004,< 0.004,< 0.003
CA1010003_1010003819_2023-05-18_SE1,< 0.003,< 0.003,< 0.003,< 0.004,< 0.004,< 0.003
CA1010003_1010003820_2023-05-04_SE1,0.0052,0.0067,0.0088,< 0.004,< 0.004,< 0.003
CA1010003_1010003821_2023-05-15_SE1,< 0.003,< 0.003,< 0.003,< 0.004,< 0.004,< 0.003
CA1010003_1010003822_2023-05-10_SE1,< 0.003,< 0.003,< 0.003,0.0042,0.0077,< 0.003
CA1010003_1010003824_2023-05-15_SE1,< 0.003,< 0.003,< 0.003,< 0.004,< 0.004,< 0.003
CA1010003_1010003825_2023-05-05_SE1,< 0.003,< 0.003,< 0.003,< 0.004,< 0.004,< 0.003
CA1010003_1010003826_2023-05-25_SE1,< 0.003,< 0.003,< 0.003,< 0.004,< 0.004,< 0.003
CA1010003_1010003827_2023-05-12_SE1,< 0.003,< 0.003,< 0.003,< 0.004,< 0.004,< 0.003
CA1010003_1010003828_2023-05-08_SE1,< 0.003,< 0.003,< 0.003,< 0.004,< 0.004,< 0.003
CA1010003_1010003829_2023-05-05_SE1,< 0.003,< 0.003,< 0.003,< 0.004,< 0.004,< 0.003
CA1010003_1010003830_2023-05-19_SE1,0.0058,< 0.003,< 0.003,< 0.004,< 0.004,< 0.003
CA1010003_1010003831_2023-05-09_SE1,0.0079,0.0031,< 0.003,< 0.004,0.0055,< 0.003
CA1010003_1010003832_2023-05-18_SE1,< 0.003,< 0.003,< 0.003,< 0.004,< 0.004,< 0.003
CA1010003_1010003833_2023-05-24_SE1,< 0.003,< 0.003,< 0.003,< 0.004,< 0.004,< 0.003
CA1010003_1010003834_2023-05-04_SE1,< 0.003,< 0.003,< 0.003,< 0.004,< 0.004,< 0.003
CA1010003_1010003836_2023-05-04_SE1,0.0043,0.0070,0.0034,0.014,0.031,0.0071
CA1010003_1010003838_2023-05-04_SE1,< 0.003,< 0.003,< 0.003,< 0.004,< 0.004,< 0.003
CA1010003_1010003839_2023-05-10_SE1,< 0.003,< 0.003,< 0.003,< 0.004,< 0.004,< 0.003
CA1010003_1010003840_2023-05-11_SE1,< 0.003,< 0.003,< 0.003,< 0.004,< 0.004,< 0.003
CA1010003_1010003841_2023-05-08_SE1,< 0.003,< 0.003,< 0.003,< 0.004,< 0.004,< 0.003
CA1010003_1010003842_2023-05-04_SE1,< 0.003,< 0.003,< 0.003,< 0.004,< 0.004,< 0.003
CA1010003_1010003843_2023-05-09_SE1,< 0.003,< 0.003,< 0.003,< 0.004,< 0.004,< 0.003
CA1010003_1010003844_2023-05-09_SE1,< 0.003,< 0.003,< 0.003,< 0.004,< 0.004,< 0.003
CA1010004_1010004801_2024-08-13_SE1,< 0.003,< 0.003,< 0.003,< 0.004,< 0.004,< 0.003
CA1010005_1010005_2025-02-12_SE1,< 0.003,< 0.003,< 0.003,< 0.004,< 0.004,< 0.003
CA1010005_10100050_2025-02-12_SE1,< 0.003,< 0.003,< 0.003,< 0.004,< 0.004,< 0.003
CA1010006_EP002_2023-09-05_SE1,< 0.003,< 0.003,< 0.003,< 0.004,< 0.004,< 0.003
CA1010006_EP004_2023-09-05_SE1,< 0.003,< 0.003,< 0.003,< 0.004,< 0.004,< 0.003
CA1010006_EP006_2023-07-18_SE1,< 0.003,< 0.003,< 0.003,< 0.004,< 0.004,< 0.003
CA1010006_EP007_2023-09-05_SE1,< 0.003,< 0.003,< 0.003,< 0.004,< 0.004,< 0.003
CA1010006_EP008_2023-07-24_SE1,< 0.003,< 0.003,< 0.003,< 0.004,< 0.004,< 0.003
CA1010006_EP009_2023-09-05_SE1,< 0.003,< 0.003,< 0.003,< 0.004,< 0.004,< 0.003
CA1010007_1010007653_2023-03-01_SE1,< 0.003,< 0.003,< 0.003,< 0.004,< 0.004,< 0.003
CA1010007_1010007654_2023-03-10_SE1,0.0048,0.0067,0.030,0.0089,0.015,0.0090
CA1010007_1010007656_2023-03-17_SE1,< 0.003,< 0.003,< 0.003,< 0.004,< 0.004,< 0.003
CA1010007_1010007657_2023-03-09_SE1,< 0.003,< 0.003,< 0.003,< 0.004,< 0.004,< 0.003
CA1010007_1010007658_2023-03-09_SE1,< 0.003,< 0.003,< 0.003,< 0.004,< 0.004,< 0.003
CA1010007_1010007659_2023-03-01_SE1,< 0.003,< 0.003,< 0.003,< 0.004,0.0057,< 0.003
CA1010007_1010007660_2023-09-29_SE1,< 0.003,< 0.003,< 0.003,< 0.004,< 0.004,< 0.003
CA1010007_1010007661_2024-02-09_SE1,< 0.003,< 0.003,< 0.003,< 0.004,< 0.004,< 0.003
CA1010007_1010007662_2024-02-08_SE1,< 0.003,< 0.003,< 0.003,< 0.004,< 0.004,< 0.003
CA1010007_1010007664_2024-02-28_SE1,< 0.003,< 0.003,< 0.003,< 0.004,< 0.004,< 0.003
CA1010007_1010007665_2024-02-28_SE1,< 0.003,< 0.003,< 0.003,< 0.004,< 0.004,< 0.003
CA1010007_1010007667_2024-02-07_SE1,< 0.003,< 0.003,< 0.003,< 0.004,< 0.004,< 0.003
CA1010007_1010007669_2024-06-12_SE1,< 0.003,< 0.003,< 0.003,< 0.004,< 0.004,< 0.003
CA1010007_1010007670_2024-02-28_SE1,< 0.003,< 0.003,< 0.003,< 0.004,< 0.004,0.0047
CA1010007_1010007671_2024-02-01_SE1,< 0.003,< 0.003,< 0.003,< 0.004,< 0.004,< 0.003
CA1010007_1010007672_2024-02-01_SE1,< 0.003,< 0.003,< 0.003,< 0.004,< 0.004,< 0.003
CA1010007_1010007685_2023-03-24_SE1,< 0.003,< 0.003,< 0.003,< 0.004,< 0.004,< 0.003
CA1010007_1010007705_2023-03-02_SE1,< 0.003,< 0.003,< 0.003,< 0.004,< 0.004,0.013
CA1010007_1010007711_2024-02-28_SE1,< 0.003,< 0.003,< 0.003,< 0.004,< 0.004,< 0.003
CA1010007_1010007712_2024-02-15_SE1,< 0.003,< 0.003,< 0.003,< 0.004,< 0.004,< 0.003
CA1010007_1010007713_2023-03-06_SE1,< 0.003,< 0.003,< 0.003,< 0.004,< 0.004,< 0.003
CA1010007_1010007714_2024-02-07_SE1,< 0.003,< 0.003,< 0.003,< 0.004,< 0.004,< 0.003
CA1010007_1010007716_2023-03-02_SE1,< 0.003,< 0.003,< 0.003,< 0.004,< 0.004,< 0.003
CA1010007_1010007723_2024-02-08_SE1,< 0.003,< 0.003,< 0.003,< 0.004,< 0.004,< 0.003
CA1010007_1010007725_2023-03-20_SE1,< 0.003,< 0.003,< 0.003,< 0.004,< 0.004,< 0.003
CA1010007_1010007726_2023-06-15_SE1,< 0.003,< 0.003,< 0.003,< 0.004,< 0.004,< 0.003
CA1010007_1010007727_2024-02-28_SE1,< 0.003,< 0.003,< 0.003,< 0.004,< 0.004,< 0.003
CA1010007_1010007729_2024-02-28_SE1,< 0.003,< 0.003,< 0.003,< 0.004,< 0.004,< 0.003
CA1010007_1010007733_2024-02-28_SE1,< 0.003,< 0.003,< 0.003,< 0.004,< 0.004,< 0.003
CA1010007_1010007736_2024-02-01_SE1,< 0.003,< 0.003,< 0.003,< 0.004,< 0.004,< 0.003
CA1010007_1010007738_2024-02-16_SE1,< 0.003,< 0.003,< 0.003,< 0.004,< 0.004,< 0.003
CA1010007_1010007739_2024-02-16_SE1,< 0.003,< 0.003,< 0.003,< 0.004,< 0.004,< 0.003
CA1010007_1010007742_2025-06-12_SE1,< 0.003,< 0.003,< 0.003,< 0.004,< 0.004,< 0.003
CA1010007_1010007743_2024-02-08_SE1,< 0.003,0.0036,< 0.003,< 0.004,< 0.004,0.0048
CA1010007_1010007745_2024-02-16_SE1,< 0.003,< 0.003,< 0.003,< 0.004,< 0.004,< 0.003
CA1010007_1010007746_2024-02-16_SE1,< 0.003,< 0.003,< 0.003,< 0.004,< 0.004,< 0.003
CA1010007_1010007747_2024-02-08_SE1,0.0080,0.0091,0.0045,0.013,0.030,0.014
CA1010007_1010007748_2024-02-28_SE1,0.0072,0.014,0.0072,0.0065,< 0.004,0.015
CA1010007_1010007749_2024-02-16_SE1,< 0.003,< 0.003,< 0.003,< 0.004,< 0.004,< 0.003
CA1010007_1010007750_2024-02-16_SE1,< 0.003,< 0.003,< 0.003,< 0.004,< 0.004,< 0.003
CA1010007_1010007751_2024-02-16_SE1,< 0.003,< 0.003,< 0.003,< 0.004,< 0.004,< 0.003
CA1010007_1010007753_2024-02-23_SE1,< 0.003,< 0.003,< 0.003,< 0.004,< 0.004,< 0.003
CA1010007_1010007754_2024-02-23_SE1,< 0.003,< 0.003,< 0.003,< 0.004,< 0.004,< 0.003
CA1010007_1010007756_2024-02-22_SE1,0.0048,0.0053,< 0.003,0.0041,< 0.004,0.014
CA1010007_1010007757_2024-02-01_SE1,< 0.003,< 0.003,< 0.003,0.0063,< 0.004,< 0.003
CA1010007_1010007759_2024-02-28_SE1,< 0.003,< 0.003,< 0.003,< 0.004,< 0.004,< 0.003
CA1010007_1010007760_2023-03-13_SE1,< 0.003,< 0.003,< 0.003,< 0.004,< 0.004,< 0.003
CA1010007_1010007761_2024-02-15_SE1,< 0.003,< 0.003,< 0.003,< 0.004,< 0.004,< 0.003
CA1010007_1010007762_2024-02-15_SE1,< 0.003,< 0.003,< 0.003,< 0.004,< 0.004,< 0.003
CA1010007_1010007763_2024-02-23_SE1,< 0.003,< 0.003,< 0.003,< 0.004,< 0.004,< 0.003
CA1010007_1010007766_2024-02-28_SE1,< 0.003,< 0.003,< 0.003,< 0.004,< 0.004,< 0.003
CA1010007_1010007767_2024-02-01_SE1,< 0.003,< 0.003,< 0.003,< 0.004,< 0.004,< 0.003
CA1010007_1010007768_2023-03-20_SE1,0.0086,0.034,0.0055,0.016,0.029,0.047
CA1010007_1010007769_2023-03-17_SE1,< 0.003,0.0038,< 0.003,< 0.004,< 0.004,0.0048
CA1010007_1010007770_2024-02-23_SE1,< 0.003,< 0.003,< 0.003,< 0.004,< 0.004,< 0.003
CA1010007_1010007772_2024-02-08_SE1,< 0.003,< 0.003,< 0.003,< 0.004,< 0.004,< 0.003
CA1010007_1010007773_2024-02-28_SE1,< 0.003,0.0076,< 0.003,0.0061,0.0048,0.011
CA1010007_1010007775_2024-02-23_SE1,< 0.003,< 0.003,< 0.003,< 0.004,< 0.004,< 0.003
CA1010007_1010007776_2024-02-23_SE1,< 0.003,0.0053,0.0070,0.0057,0.0049,0.0056
CA1010007_1010007777_2024-02-07_SE1,< 0.003,< 0.003,< 0.003,0.0055,0.0053,< 0.003
CA1010007_1010007779_2024-02-16_SE1,< 0.003,< 0.003,< 0.003,< 0.004,< 0.004,< 0.003
CA1010007_1010007781_2023-03-10_SE1,< 0.003,< 0.003,0.0073,< 0.004,0.0063,< 0.003
CA1010007_1010007783_2023-03-24_SE1,< 0.003,< 0.003,< 0.003,< 0.004,< 0.004,< 0.003
CA1010007_1010007785_2024-02-07_SE1,< 0.003,< 0.003,< 0.003,< 0.004,< 0.004,< 0.003
CA1010007_1010007786_2023-03-16_SE1,< 0.003,< 0.003,< 0.003,< 0.004,< 0.004,< 0.003
CA1010007_1010007787_2023-03-09_SE1,< 0.003,< 0.003,< 0.003,< 0.004,< 0.004,< 0.003
CA1010007_1010007789_2024-02-15_SE1,< 0.003,< 0.003,< 0.003,< 0.004,< 0.004,< 0.003
CA1010007_1010007790_2025-04-23_SE1,< 0.003,< 0.003,< 0.003,< 0.004,< 0.004,< 0.003
CA1010007_1010007791_2023-03-01_SE1,< 0.003,< 0.003,< 0.003,< 0.004,< 0.004,< 0.003
CA1010007_1010007792_2023-03-07_SE1,< 0.003,< 0.003,< 0.003,< 0.004,< 0.004,< 0.003
CA1010007_1010007793_2023-03-07_SE1,< 0.003,< 0.003,< 0.003,< 0.004,< 0.004,< 0.003
CA1010007_1010007798_2023-03-09_SE1,< 0.003,< 0.003,< 0.003,< 0.004,< 0.004,< 0.003
CA1010007_1010007799_2023-09-29_SE1,< 0.003,< 0.003,0.013,< 0.004,< 0.004,< 0.003
CA1010007_1010007801_2024-02-23_SE1,< 0.003,< 0.003,< 0.003,< 0.004,< 0.004,< 0.003
CA1010007_1010007805_2024-02-23_SE1,< 0.003,< 0.003,< 0.003,< 0.004,< 0.004,< 0.003
CA1010007_1010007807_2024-02-28_SE1,< 0.003,< 0.003,< 0.003,< 0.004,< 0.004,< 0.003
CA1010007_1010007811_2024-02-08_SE1,< 0.003,< 0.003,< 0.003,< 0.004,< 0.004,< 0.003
CA1010007_1010007813_2024-02-16_SE1,< 0.003,< 0.003,< 0.003,< 0.004,< 0.004,< 0.003
CA1010007_1010007815_2023-03-02_SE1,< 0.003,< 0.003,< 0.003,< 0.004,< 0.004,< 0.003
CA1010007_1010007816_2024-02-28_SE1,< 0.003,< 0.003,< 0.003,< 0.004,< 0.004,< 0.003
CA1010007_1010007818_2023-03-06_SE1,< 0.003,< 0.003,< 0.003,< 0.004,< 0.004,< 0.003
CA1010007_1010007821_2023-06-14_SE1,< 0.003,< 0.003,< 0.003,< 0.004,< 0.004,< 0.003
CA1010007_1010007823_2023-03-13_SE1,0.0038,0.0047,0.027,0.0050,0.0077,0.0030
CA1010007_1010007825_2024-10-23_SE1,< 0.003,< 0.003,< 0.003,< 0.004,< 0.004,< 0.003
CA1010007_1010007826_2023-03-07_SE1,< 0.003,< 0.003,< 0.003,< 0.004,< 0.004,< 0.003
CA1010007_1010007827_2024-02-15_SE1,< 0.003,< 0.003,< 0.003,< 0.004,0.0054,< 0.003
CA1010007_1010007828_2023-03-10_SE1,< 0.003,< 0.003,< 0.003,< 0.004,< 0.004,< 0.003
CA1010007_1010007829_2023-03-01_SE1,< 0.003,< 0.003,< 0.003,< 0.004,< 0.004,< 0.003
CA1010007_1010007831_2023-03-02_SE1,< 0.003,< 0.003,< 0.003,< 0.004,< 0.004,< 0.003
CA1010007_1010007832_2024-02-07_SE1,< 0.003,< 0.003,< 0.003,< 0.004,< 0.004,< 0.003
CA1010007_1010007833_2024-02-22_SE1,< 0.003,< 0.003,< 0.003,< 0.004,< 0.004,< 0.003
CA1010007_1010007834_2024-02-22_SE1,< 0.003,< 0.003,< 0.003,< 0.004,< 0.004,< 0.003
CA1010007_1010007835_2024-02-09_SE1,< 0.003,< 0.003,< 0.003,< 0.004,< 0.004,< 0.003
CA1010007_1010007836_2024-02-16_SE1,< 0.003,< 0.003,< 0.003,< 0.004,< 0.004,< 0.003
CA1010007_1010007840_2023-03-20_SE1,< 0.003,< 0.003,< 0.003,< 0.004,< 0.004,< 0.003
CA1010007_1010007842_2024-02-28_SE1,< 0.003,< 0.003,< 0.003,< 0.004,< 0.004,< 0.003
CA1010007_1010007844_2024-02-01_SE1,< 0.003,< 0.003,0.0032,0.0058,< 0.004,< 0.003
CA1010007_1010007845_2024-02-22_SE1,< 0.003,< 0.003,< 0.003,< 0.004,< 0.004,< 0.003
CA1010007_1010007846_2023-03-08_SE1,< 0.003,< 0.003,< 0.003,< 0.004,< 0.004,< 0.003
CA1010007_1010007847_2024-02-09_SE1,< 0.003,< 0.003,< 0.003,< 0.004,< 0.004,< 0.003
CA1010007_1010007848_2024-02-07_SE1,< 0.003,< 0.003,< 0.003,< 0.004,< 0.004,< 0.003
CA1010007_1010007849_2024-02-01_SE1,< 0.003,< 0.003,< 0.003,< 0.004,< 0.004,< 0.003
CA1010007_1010007850_2024-02-09_SE1,< 0.003,< 0.003,< 0.003,0.0049,0.0079,< 0.003
CA1010007_1010007851_2023-03-06_SE1,< 0.003,< 0.003,< 0.003,< 0.004,< 0.004,< 0.003
CA1010007_1010007854_2024-02-28_SE1,< 0.003,< 0.003,< 0.003,0.0047,0.0061,< 0.003
CA1010007_1010007857_2024-02-07_SE1,< 0.003,< 0.003,< 0.003,< 0.004,< 0.004,< 0.003
CA1010007_1010007858_2024-02-07_SE1,< 0.003,< 0.003,< 0.003,< 0.004,< 0.004,< 0.003
CA1010007_1010007859_2023-03-02_SE1,< 0.003,< 0.003,< 0.003,< 0.004,< 0.004,< 0.003
CA1010007_1010007861_2024-02-09_SE1,< 0.003,< 0.003,< 0.003,< 0.004,< 0.004,0.0030
CA1010007_1010007862_2024-02-23_SE1,< 0.003,< 0.003,< 0.003,< 0.004,< 0.004,< 0.003
CA1010007_1010007863_2023-03-02_SE1,< 0.003,< 0.003,< 0.003,< 0.004,< 0.004,< 0.003
CA1010007_1010007864_2023-03-06_SE1,< 0.003,< 0.003,< 0.003,< 0.004,< 0.004,< 0.003
CA1010007_1010007865_2023-03-02_SE1,< 0.003,< 0.003,< 0.003,< 0.004,< 0.004,< 0.003
CA1010007_1010007866_2024-02-01_SE1,0.0036,< 0.003,< 0.003,0.0048,0.014,< 0.003
CA1010007_1010007867_2024-02-09_SE1,< 0.003,< 0.003,< 0.003,< 0.004,< 0.004,< 0.003
CA1010007_1010007869_2023-03-08_SE1,< 0.003,< 0.003,< 0.003,< 0.004,< 0.004,< 0.003
CA1010007_1010007870_2024-02-09_SE1,< 0.003,< 0.003,< 0.003,< 0.004,< 0.004,< 0.003
CA1010007_1010007871_2023-03-24_SE1,< 0.003,< 0.003,< 0.003,< 0.004,< 0.004,< 0.003
CA1010007_1010007874_2024-02-07_SE1,< 0.003,< 0.003,< 0.003,< 0.004,< 0.004,< 0.003
CA1010007_1010007875_2024-02-09_SE1,< 0.003,< 0.003,< 0.003,< 0.004,< 0.004,< 0.003
CA1010007_1010007877_2023-03-03_SE1,0.0030,< 0.003,< 0.003,< 0.004,< 0.004,< 0.003
CA1010007_1010007880_2023-03-07_SE1,< 0.003,< 0.003,< 0.003,< 0.004,0.0076,< 0.003
CA1010007_1010007881_2023-03-03_SE1,< 0.003,< 0.003,< 0.003,< 0.004,0.0052,< 0.003
CA1010007_1010007883_2023-03-06_SE1,< 0.003,< 0.003,< 0.003,< 0.004,< 0.004,< 0.003
CA1010007_1010007884_2023-03-08_SE1,< 0.003,< 0.003,< 0.003,< 0.004,< 0.004,< 0.003
CA1010007_1010007885_2023-03-03_SE1,< 0.003,< 0.003,< 0.003,< 0.004,< 0.004,< 0.003
CA1010007_1010007887_2023-03-03_SE1,< 0.003,< 0.003,< 0.003,< 0.004,< 0.004,< 0.003
CA1010007_1010007888_2023-03-08_SE1,< 0.003,< 0.003,< 0.003,< 0.004,< 0.004,< 0.003
CA1010007_1010007889_2023-03-08_SE1,< 0.003,< 0.003,< 0.003,< 0.004,< 0.004,< 0.003
CA1010007_1010007890_2023-03-24_SE1,< 0.003,< 0.003,< 0.003,< 0.004,< 0.004,< 0.003
CA1010007_1010007891_2023-03-03_SE1,< 0.003,< 0.003,< 0.003,< 0.004,< 0.004,< 0.003
CA1010007_1010007893_2023-03-03_SE1,< 0.003,< 0.003,< 0.003,< 0.004,< 0.004,< 0.003
CA1010007_1010007894_2023-03-20_SE1,< 0.003,< 0.003,< 0.003,< 0.004,< 0.004,< 0.003
CA1010007_1010007896_2023-03-08_SE1,< 0.003,< 0.003,< 0.003,< 0.004,< 0.004,< 0.003
CA1010007_1010007897_2023-03-16_SE1,< 0.003,< 0.003,< 0.003,< 0.004,< 0.004,< 0.003
CA1010007_1010007898_2023-03-06_SE1,0.0058,< 0.003,< 0.003,0.0058,0.018,0.0034
CA1010007_1010007899_2023-03-17_SE1,< 0.003,< 0.003,< 0.003,< 0.004,< 0.004,< 0.003
CA1010007_1010007900_2023-03-16_SE1,< 0.003,< 0.003,< 0.003,< 0.004,< 0.004,< 0.003
CA1010007_1010007901_2023-03-17_SE1,< 0.003,< 0.003,< 0.003,< 0.004,< 0.004,< 0.003
CA1010007_1010007902_2023-03-17_SE1,< 0.003,< 0.003,< 0.003,< 0.004,< 0.004,< 0.003
CA1010007_1010007903_2023-03-16_SE1,< 0.003,< 0.003,< 0.003,< 0.004,< 0.004,< 0.003
CA1010007_1010007904_2023-03-17_SE1,< 0.003,< 0.003,< 0.003,< 0.004,0.0048,< 0.003
CA1010007_1010007905_2023-03-20_SE1,< 0.003,< 0.003,< 0.003,< 0.004,< 0.004,< 0.003
CA1010007_1010007906_2023-03-20_SE1,< 0.003,< 0.003,< 0.003,< 0.004,< 0.004,< 0.003
CA1010007_1010007907_2023-03-17_SE1,< 0.003,0.0030,< 0.003,< 0.004,< 0.004,0.0031
CA1010007_1010007908_2023-03-20_SE1,< 0.003,0.0041,< 0.003,< 0.004,< 0.004,0.0050
CA1010007_1010007910_2023-03-16_SE1,< 0.003,< 0.003,< 0.003,< 0.004,< 0.004,< 0.003
CA1010007_1010007912_2023-03-16_SE1,< 0.003,0.0032,0.0037,0.0062,0.013,0.0041
CA1010007_1010007914_2023-03-09_SE1,< 0.003,< 0.003,< 0.003,< 0.004,< 0.004,< 0.003
CA1010007_1010007917_2023-03-07_SE1,< 0.003,< 0.003,< 0.003,< 0.004,< 0.004,< 0.003
CA1010007_1010007918_2023-03-13_SE1,< 0.003,< 0.003,< 0.003,< 0.004,< 0.004,< 0.003
CA1010007_1010007921_2023-03-10_SE1,< 0.003,< 0.003,0.010,0.0043,0.0096,< 0.003
CA1010007_1010007922_2023-03-07_SE1,< 0.003,< 0.003,< 0.003,0.0041,< 0.004,< 0.003
CA1010007_1010007923_2023-03-07_SE1,< 0.003,< 0.003,< 0.003,< 0.004,< 0.004,< 0.003
CA1010007_1010007924_2023-03-06_SE1,< 0.003,< 0.003,< 0.003,< 0.004,0.0057,< 0.003
CA1010007_1010007925_2023-03-13_SE1,< 0.003,< 0.003,< 0.003,< 0.004,< 0.004,< 0.003
CA1010007_1010007926_2023-03-10_SE1,< 0.003,< 0.003,< 0.003,< 0.004,< 0.004,< 0.003
CA1010007_1010007927_2023-03-10_SE1,< 0.003,< 0.003,< 0.003,< 0.004,< 0.004,< 0.003
CA1010007_1010007928_2023-03-13_SE1,< 0.003,0.0041,< 0.003,< 0.004,< 0.004,0.0049
CA1010007_1010007931_2023-03-01_SE1,< 0.003,< 0.003,< 0.003,< 0.004,< 0.004,< 0.003
CA1010007_1010007933_2023-03-01_SE1,< 0.003,< 0.003,< 0.003,< 0.004,< 0.004,< 0.003
CA1010007_1010007939_2023-03-08_SE1,< 0.003,0.0035,< 0.003,0.0065,0.0047,0.0035
CA1010007_1010007942_2023-03-03_SE1,< 0.003,< 0.003,< 0.003,< 0.004,< 0.004,< 0.003
CA1010007_1010007943_2023-03-13_SE1,< 0.003,< 0.003,< 0.003,< 0.004,< 0.004,< 0.003
CA1010007_1010007944_2023-03-10_SE1,< 0.003,< 0.003,0.0055,< 0.004,< 0.004,< 0.003
CA1010007_1010007949_2024-02-08_SE1,< 0.003,0.0037,< 0.003,0.0043,< 0.004,0.0045
CA1010007_1010007952_2024-02-08_SE1,< 0.003,< 0.003,< 0.003,0.0047,0.0061,0.0031
CA1010007_1010007953_2024-02-08_SE1,< 0.003,< 0.003,< 0.003,< 0.004,< 0.004,< 0.003
CA1010007_1010007975_2024-10-23_SE1,< 0.003,< 0.003,< 0.003,< 0.004,< 0.004,< 0.003
CA1010007_1010007976_2023-03-24_SE1,< 0.003,< 0.003,< 0.003,< 0.004,< 0.004,< 0.003
CA1010018_1010018019_2024-06-21_SE1,< 0.003,< 0.003,< 0.003,< 0.004,< 0.004,< 0.003
CA1010018_1010018020_2025-03-13_SE1,< 0.003,< 0.003,< 0.003,< 0.004,< 0.004,< 0.003
CA1010018_1010018021_2024-06-21_SE1,< 0.003,< 0.003,< 0.003,< 0.004,< 0.004,< 0.003
CA1010018_1010018022_2024-06-21_SE1,< 0.003,< 0.003,< 0.003,< 0.004,< 0.004,< 0.003
CA1010018_1010018023_2024-06-21_SE1,< 0.003,< 0.003,< 0.003,< 0.004,< 0.004,< 0.003
CA1010019_WL09_2023-01-24_SE1,< 0.003,< 0.003,< 0.003,< 0.004,< 0.004,< 0.003
CA1010019_WL10_2023-01-24_SE1,< 0.003,< 0.003,< 0.003,< 0.004,< 0.004,< 0.003
CA1010019_WL12_2023-01-24_SE1,< 0.003,< 0.003,< 0.003,< 0.004,< 0.004,< 0.003
CA1010019_WL13_2023-01-24_SE1,< 0.003,< 0.003,< 0.003,< 0.004,< 0.004,< 0.003
CA1010019_WL14_2023-01-24_SE1,< 0.003,< 0.003,< 0.003,< 0.004,< 0.004,< 0.003
CA1010019_WL15_2023-01-24_SE1,< 0.003,< 0.003,< 0.003,< 0.004,< 0.004,< 0.003
CA1010019_WL16_2023-01-24_SE1,< 0.003,< 0.003,< 0.003,< 0.004,< 0.004,< 0.003
CA1010020_EP1_2024-03-05_SE1,< 0.003,< 0.003,< 0.003,< 0.004,< 0.004,< 0.003
CA1010020_EP2_2024-03-05_SE1,< 0.003,< 0.003,< 0.003,< 0.004,< 0.004,< 0.003
CA1010020_EP3_2024-03-05_SE1,< 0.003,< 0.003,< 0.003,< 0.004,< 0.004,< 0.003
CA1010021_EP01_2024-05-07_SE1,< 0.003,< 0.003,< 0.003,< 0.004,< 0.004,< 0.003
CA1010023_EP1_2023-02-07_SE1,< 0.003,< 0.003,< 0.003,< 0.004,< 0.004,< 0.003
CA1010024_1010024801_2025-03-18_SE1,< 0.003,< 0.003,< 0.003,< 0.004,< 0.004,< 0.003
CA1010024_1010024803_2025-03-04_SE1,< 0.003,< 0.003,< 0.003,< 0.004,< 0.004,< 0.003
CA1010024_1010024804_2025-03-04_SE1,< 0.003,< 0.003,< 0.003,< 0.004,< 0.004,< 0.003
CA1010024_1010024805_2025-03-18_SE1,< 0.003,< 0.003,< 0.003,< 0.004,< 0.004,< 0.003
CA1010024_1010024806_2025-03-24_SE1,< 0.003,< 0.003,< 0.003,< 0.004,< 0.004,< 0.003
CA1010024_1010024814_2025-03-18_SE1,< 0.003,< 0.003,< 0.003,< 0.004,< 0.004,< 0.003
CA1010024_1010024815_2025-03-04_SE1,< 0.003,< 0.003,< 0.003,< 0.004,< 0.004,< 0.003
CA1010024_1010024816_2025-05-15_SE1,< 0.003,< 0.003,< 0.003,< 0.004,< 0.004,< 0.003
CA1010025_TP002_2025-01-28_SE1,< 0.003,< 0.003,< 0.003,< 0.004,< 0.004,< 0.003
CA1010026_EP005_2024-03-22_SE1,< 0.003,< 0.003,< 0.003,< 0.004,< 0.004,< 0.003
CA1010026_EP006_2024-03-22_SE1,< 0.003,< 0.003,< 0.003,< 0.004,< 0.004,< 0.003
CA1010026_EP007_2024-03-22_SE1,< 0.003,< 0.003,< 0.003,< 0.004,< 0.004,< 0.003
CA1010026_EP008_2024-03-22_SE1,< 0.003,< 0.003,< 0.003,< 0.004,< 0.004,< 0.003
CA1010026_EP009_2024-03-22_SE1,0.0056,0.016,0.0035,0.012,0.0088,0.020
CA1010027_1010027801_2023-10-20_SE1,< 0.003,< 0.003,< 0.003,< 0.004,< 0.004,< 0.003
CA1010027_1010027802_2023-10-20_SE1,< 0.003,< 0.003,< 0.003,< 0.004,< 0.004,< 0.003
CA1010027_1010027803_2023-10-20_SE1,< 0.003,< 0.003,< 0.003,< 0.004,< 0.004,< 0.003
CA1010027_1010027804_2023-10-20_SE1,< 0.003,< 0.003,< 0.003,< 0.004,< 0.004,< 0.003
CA1010027_1010027805_2023-10-20_SE1,< 0.003,< 0.003,< 0.003,< 0.004,< 0.004,< 0.003
CA1010027_1010027806_2023-10-20_SE1,< 0.003,< 0.003,< 0.003,< 0.004,< 0.004,< 0.003
CA1010027_1010027807_2023-10-20_SE1,< 0.003,< 0.003,< 0.003,< 0.004,< 0.004,< 0.003
CA1010029_1010029802_2024-03-13_SE1,< 0.003,< 0.003,< 0.003,< 0.004,< 0.004,< 0.003
CA1010029_1010029803_2024-01-25_SE1,< 0.003,0.0047,< 0.003,0.0056,0.0067,0.0051
CA1010029_1010029804_2024-01-25_SE1,< 0.003,< 0.003,< 0.003,< 0.004,< 0.004,< 0.003
CA1010029_1010029805_2024-01-25_SE1,< 0.003,< 0.003,< 0.003,< 0.004,< 0.004,< 0.003
CA1010029_1010029807_2024-01-29_SE1,< 0.003,< 0.003,< 0.003,< 0.004,< 0.004,< 0.003
CA1010029_1010029808_2024-01-25_SE1,< 0.003,< 0.003,< 0.003,< 0.004,< 0.004,< 0.003
CA1010029_1010029809_2024-01-25_SE1,< 0.003,< 0.003,< 0.003,< 0.004,< 0.004,< 0.003
CA1010029_1010029810_2024-01-25_SE1,< 0.003,< 0.003,< 0.003,< 0.004,< 0.004,< 0.003
CA1010029_1010029811_2024-01-25_SE1,< 0.003,< 0.003,< 0.003,< 0.004,< 0.004,< 0.003
CA1010034_EP003_2023-04-12_SE1,< 0.003,< 0.003,< 0.003,< 0.004,< 0.004,< 0.003
CA1010034_EP004_2023-03-07_SE1,< 0.003,< 0.003,< 0.003,< 0.004,< 0.004,< 0.003
CA1010034_EP005_2023-03-27_SE1,< 0.003,< 0.003,< 0.003,< 0.004,< 0.004,< 0.003
CA1010042_006_2024-03-04_SE1,< 0.003,< 0.003,< 0.003,< 0.004,< 0.004,< 0.003
CA1010042_007_2024-03-04_SE1,< 0.003,< 0.003,< 0.003,< 0.004,< 0.004,< 0.003
CA1010042_012_2024-03-04_SE1,< 0.003,< 0.003,< 0.003,< 0.004,< 0.004,< 0.003
CA1010044_EP1_2023-01-10_SE1,< 0.003,< 0.003,< 0.003,< 0.004,< 0.004,< 0.003
CA1010339_1010339801_2023-03-27_SE1,< 0.003,< 0.003,< 0.003,< 0.004,< 0.004,< 0.003
CA1010339_1010339802_2023-03-27_SE1,< 0.003,< 0.003,< 0.003,< 0.004,< 0.004,0.0034
CA1010339_1010339803_2023-04-07_SE1,< 0.003,< 0.003,< 0.003,< 0.004,< 0.004,< 0.003
CA1110001_EP001_2024-05-20_SE1,< 0.003,< 0.003,< 0.003,< 0.004,< 0.004,< 0.003
CA1110001_EP004_2024-05-20_SE1,< 0.003,< 0.003,< 0.003,< 0.004,< 0.004,< 0.003
CA1110001_EP007_2024-05-20_SE1,< 0.003,< 0.003,< 0.003,< 0.004,< 0.004,< 0.003
CA1110001_EP008_2024-05-20_SE1,< 0.003,< 0.003,< 0.003,< 0.004,< 0.004,< 0.003
CA1110001_EP009_2024-05-20_SE1,< 0.003,< 0.003,< 0.003,< 0.004,< 0.004,< 0.003
CA1110001_EP010_2024-05-20_SE1,< 0.003,< 0.003,< 0.003,< 0.004,< 0.004,< 0.003
CA1110001_EP011_2024-05-20_SE1,< 0.003,< 0.003,< 0.003,< 0.004,< 0.004,< 0.003
CA1110003_TP001_2025-06-09_SE1,< 0.003,< 0.003,< 0.003,< 0.004,< 0.004,< 0.003
CA1110003_TP002_2025-06-11_SE1,< 0.003,< 0.003,< 0.003,< 0.004,< 0.004,< 0.003
CA1110003_TP003_2025-06-12_SE1,< 0.003,< 0.003,< 0.003,< 0.004,< 0.004,< 0.003
CA1110003_TP004_2025-06-09_SE1,< 0.003,< 0.003,< 0.003,< 0.004,< 0.004,< 0.003
CA1210001_1210001802_2025-02-12_SE1,< 0.003,< 0.003,< 0.003,< 0.004,< 0.004,< 0.003
CA1210002_EP001_2023-03-01_SE1,< 0.003,< 0.003,< 0.003,< 0.004,< 0.004,< 0.003
CA1210004_1210004007_2024-06-25_SE1,< 0.003,< 0.003,< 0.003,< 0.004,< 0.004,< 0.003
CA1210006_1210006801_2023-03-29_SE1,< 0.003,< 0.003,< 0.003,< 0.004,< 0.004,< 0.003
CA1210009_1210009802_2025-03-18_SE1,< 0.003,< 0.003,< 0.003,< 0.004,< 0.004,< 0.003
CA1210009_1210009804_2025-03-18_SE1,< 0.003,< 0.003,< 0.003,< 0.004,< 0.004,< 0.003
CA1210009_1210009805_2025-03-18_SE1,< 0.003,< 0.003,< 0.003,< 0.004,< 0.004,< 0.003
CA1210009_1210009806_2025-03-18_SE1,< 0.003,< 0.003,< 0.003,< 0.004,< 0.004,< 0.003
CA1210012_RD006_2025-03-04_SE1,< 0.003,< 0.003,< 0.003,< 0.004,< 0.004,< 0.003
CA1210012_RD011_2025-03-04_SE1,< 0.003,< 0.003,< 0.003,< 0.004,< 0.004,< 0.003
CA1210016_1210016022_2024-06-18_SE1,< 0.003,< 0.003,< 0.003,< 0.004,< 0.004,< 0.003
CA1300549_TAP001_2023-03-07_SE1,< 0.003,< 0.003,< 0.003,< 0.004,< 0.004,< 0.003
CA1300554_EP1_2023-03-21_SE1,< 0.003,< 0.003,< 0.003,< 0.004,< 0.004,< 0.003
CA1310001_1310001801_2023-09-13_SE1,< 0.003,< 0.003,< 0.003,< 0.004,< 0.004,< 0.003
CA1310002_1310002801_2024-03-18_SE1,< 0.003,< 0.003,< 0.003,< 0.004,< 0.004,< 0.003
CA1310003_EP1_2024-02-07_SE1,< 0.003,< 0.003,< 0.003,< 0.004,< 0.004,< 0.003
CA1310004_1310004801_2023-10-16_SE1,< 0.003,< 0.003,< 0.003,< 0.004,< 0.004,< 0.003
CA1310005_EP1_2024-03-05_SE1,< 0.003,< 0.003,< 0.003,< 0.004,< 0.004,< 0.003
CA1310006_1310006002_2024-11-21_SE1,< 0.003,< 0.003,< 0.003,< 0.004,< 0.004,< 0.003
CA1310007_EP001_2024-01-09_SE1,< 0.003,< 0.003,< 0.003,< 0.004,< 0.004,< 0.003
CA1310800_EP001_2025-03-26_SE1,< 0.003,< 0.003,< 0.003,< 0.004,< 0.004,< 0.003
CA1310801_WTP_2024-01-10_SE1,< 0.003,< 0.003,< 0.003,< 0.004,< 0.004,< 0.003
CA1410001_EP1_2023-02-07_SE1,< 0.003,< 0.003,< 0.003,< 0.004,< 0.004,< 0.003
CA1410001_EP2_2023-02-07_SE1,< 0.003,< 0.003,< 0.003,< 0.004,< 0.004,< 0.003
CA1503341_1503341801_2024-11-18_SE1,< 0.003,< 0.003,< 0.003,< 0.004,< 0.004,< 0.003
CA1510001_1510001021_2024-11-21_SE1,< 0.003,< 0.003,< 0.003,< 0.004,< 0.004,< 0.003
CA1510001_1510001022_2024-11-21_SE1,< 0.003,< 0.003,< 0.003,< 0.004,< 0.004,< 0.003
CA1510001_1510001028_2024-11-21_SE1,< 0.003,< 0.003,< 0.003,< 0.004,< 0.004,< 0.003
CA1510003_1510003005_2023-12-13_SE1,< 0.003,< 0.003,< 0.003,< 0.004,0.0052,< 0.003
CA1510003_1510003038_2023-12-13_SE1,< 0.003,< 0.003,0.0051,< 0.004,0.011,< 0.003
CA1510003_1510003108_2023-11-28_SE1,< 0.003,< 0.003,< 0.003,< 0.004,< 0.004,< 0.003
CA1510003_1510003139_2023-11-15_SE1,< 0.003,< 0.003,< 0.003,< 0.004,< 0.004,< 0.003
CA1510003_1510003167_2023-11-06_SE1,< 0.003,< 0.003,< 0.003,< 0.004,< 0.004,< 0.003
CA1510003_1510003168_2023-11-07_SE1,< 0.003,< 0.003,< 0.003,< 0.004,< 0.004,< 0.003
CA1510003_1510003194_2023-12-12_SE1,< 0.003,< 0.003,< 0.003,< 0.004,< 0.004,< 0.003
CA1510003_1510003196_2023-12-11_SE1,< 0.003,< 0.003,< 0.003,< 0.004,< 0.004,< 0.003
CA1510003_1510003267_2023-12-12_SE1,< 0.003,< 0.003,< 0.003,< 0.004,< 0.004,< 0.003
CA1510003_1510003268_2023-12-06_SE1,< 0.003,< 0.003,< 0.003,< 0.004,< 0.004,< 0.003
CA1510003_1510003802_2023-07-12_SE1,< 0.003,< 0.003,< 0.003,< 0.004,< 0.004,< 0.003
CA1510003_1510003803_2023-07-17_SE1,< 0.003,< 0.003,< 0.003,< 0.004,< 0.004,< 0.003
CA1510003_1510003804_2023-07-17_SE1,< 0.003,< 0.003,< 0.003,< 0.004,< 0.004,< 0.003
CA1510003_1510003808_2023-07-11_SE1,< 0.003,< 0.003,< 0.003,< 0.004,< 0.004,< 0.003
CA1510003_1510003809_2023-07-11_SE1,< 0.003,< 0.003,< 0.003,< 0.004,< 0.004,< 0.003
CA1510003_1510003813_2023-07-25_SE1,< 0.003,< 0.003,< 0.003,< 0.004,< 0.004,< 0.003
CA1510003_1510003819_2023-07-25_SE1,< 0.003,< 0.003,< 0.003,< 0.004,< 0.004,< 0.003
CA1510003_1510003822_2023-07-11_SE1,< 0.003,< 0.003,0.0056,< 0.004,0.0042,< 0.003
CA1510003_1510003824_2024-02-13_SE1,< 0.003,< 0.003,< 0.003,< 0.004,< 0.004,< 0.003
CA1510003_1510003826_2023-08-09_SE1,< 0.003,< 0.003,< 0.003,< 0.004,< 0.004,< 0.003
CA1510003_1510003834_2023-08-08_SE1,< 0.003,< 0.003,< 0.003,< 0.004,< 0.004,< 0.003
CA1510003_1510003836_2023-08-08_SE1,< 0.003,< 0.003,< 0.003,< 0.004,< 0.004,< 0.003
CA1510003_1510003837_2023-08-08_SE1,< 0.003,< 0.003,< 0.003,< 0.004,< 0.004,< 0.003
CA1510003_1510003839_2023-08-10_SE1,< 0.003,< 0.003,< 0.003,< 0.004,< 0.004,< 0.003
CA1510003_1510003841_2023-08-09_SE1,< 0.003,< 0.003,< 0.003,< 0.004,< 0.004,< 0.003
CA1510003_1510003842_2023-08-08_SE1,< 0.003,< 0.003,< 0.003,0.0045,0.0040,< 0.003
CA1510003_1510003847_2023-09-12_SE1,< 0.003,< 0.003,< 0.003,< 0.004,< 0.004,< 0.003
CA1510003_1510003848_2023-09-11_SE1,< 0.003,< 0.003,< 0.003,< 0.004,< 0.004,< 0.003
CA1510003_1510003849_2023-10-12_SE1,< 0.003,< 0.003,0.0073,< 0.004,0.013,< 0.003
CA1510003_1510003853_2023-09-11_SE1,< 0.003,< 0.003,< 0.003,< 0.004,< 0.004,< 0.003
CA1510003_1510003858_2023-09-18_SE1,< 0.003,< 0.003,< 0.003,< 0.004,< 0.004,< 0.003
CA1510003_1510003863_2024-06-11_SE1,< 0.003,< 0.003,< 0.003,< 0.004,< 0.004,< 0.003
CA1510003_1510003868_2023-09-21_SE1,< 0.003,< 0.003,< 0.003,< 0.004,0.0052,< 0.003
CA1510003_1510003869_2023-09-27_SE1,< 0.003,0.0039,0.0061,0.0060,0.0067,0.0049
CA1510003_1510003870_2024-03-25_SE1,< 0.003,< 0.003,< 0.003,< 0.004,< 0.004,< 0.003
CA1510003_1510003872_2023-10-10_SE1,< 0.003,< 0.003,< 0.003,< 0.004,< 0.004,< 0.003
CA1510003_1510003875_2023-10-17_SE1,< 0.003,< 0.003,< 0.003,< 0.004,0.0045,< 0.003
CA1510003_1510003880_2023-10-18_SE1,< 0.003,< 0.003,< 0.003,< 0.004,< 0.004,< 0.003
CA1510003_1510003881_2025-10-24_SE1,< 0.003,< 0.003,< 0.003,< 0.004,< 0.004,< 0.003
CA1510003_1510003883_2023-10-12_SE1,< 0.003,< 0.003,< 0.003,< 0.004,< 0.004,< 0.003
CA1510003_1510003884_2023-10-24_SE1,< 0.003,0.0035,0.0046,0.0091,0.011,0.0054
CA1510003_1510003887_2023-10-16_SE1,< 0.003,< 0.003,< 0.003,< 0.004,< 0.004,0.0055
CA1510003_1510003891_2023-11-20_SE1,< 0.003,< 0.003,< 0.003,< 0.004,< 0.004,< 0.003
CA1510003_1510003893_2023-11-07_SE1,< 0.003,< 0.003,< 0.003,< 0.004,< 0.004,< 0.003
CA1510003_1510003896_2023-11-08_SE1,0.0066,0.0046,< 0.003,< 0.004,< 0.004,0.0033
CA1510003_1510003911_2023-11-07_SE1,< 0.003,< 0.003,< 0.003,< 0.004,< 0.004,< 0.003
CA1510003_1510031899_2023-11-27_SE1,< 0.003,< 0.003,< 0.003,< 0.004,< 0.004,< 0.003
CA1510005_1510005801_2024-03-19_SE1,< 0.003,< 0.003,< 0.003,< 0.004,< 0.004,< 0.003
CA1510005_1510005802_2024-03-12_SE1,< 0.003,< 0.003,< 0.003,< 0.004,< 0.004,< 0.003
CA1510005_1510005803_2024-03-19_SE1,< 0.003,< 0.003,< 0.003,< 0.004,< 0.004,< 0.003
CA1510005_1510005805_2024-03-19_SE1,< 0.003,< 0.003,< 0.003,< 0.004,< 0.004,< 0.003
CA1510005_1510005806_2024-06-11_SE1,< 0.003,< 0.003,< 0.003,< 0.004,< 0.004,< 0.003
CA1510005_1510005807_2024-06-11_SE1,< 0.003,< 0.003,< 0.003,< 0.004,< 0.004,< 0.003
CA1510005_1510005813_2024-03-12_SE1,< 0.003,< 0.003,< 0.003,< 0.004,< 0.004,< 0.003
CA1510005_1510005814_2024-03-12_SE1,< 0.003,< 0.003,< 0.003,< 0.004,< 0.004,< 0.003
CA1510005_1510005816_2024-03-12_SE1,< 0.003,< 0.003,< 0.003,< 0.004,< 0.004,< 0.003
CA1510005_1510005817_2024-03-12_SE1,< 0.003,< 0.003,< 0.003,< 0.004,< 0.004,< 0.003
CA1510005_1510005820_2024-03-19_SE1,< 0.003,< 0.003,< 0.003,< 0.004,< 0.004,< 0.003
CA1510005_1510005821_2024-03-19_SE1,< 0.003,< 0.003,< 0.003,< 0.004,< 0.004,< 0.003
CA1510006_1510006803_2024-05-16_SE1,< 0.003,< 0.003,< 0.003,< 0.004,< 0.004,< 0.003
CA1510006_1510006808_2024-05-16_SE1,< 0.003,< 0.003,< 0.003,< 0.004,< 0.004,< 0.003
CA1510006_1510006809_2024-05-16_SE1,< 0.003,< 0.003,< 0.003,< 0.004,< 0.004,< 0.003
CA1510012_1510012801_2023-11-13_SE1,< 0.003,< 0.003,< 0.003,< 0.004,< 0.004,< 0.003
CA1510012_1510012803_2023-11-13_SE1,< 0.003,< 0.003,< 0.003,< 0.004,< 0.004,< 0.003
CA1510012_1510012807_2023-11-13_SE1,< 0.003,< 0.003,< 0.003,< 0.004,< 0.004,< 0.003
CA1510012_1510012808_2023-11-13_SE1,< 0.003,< 0.003,< 0.003,< 0.004,< 0.004,< 0.003
CA1510012_1510012810_2023-11-13_SE1,< 0.003,< 0.003,< 0.003,< 0.004,< 0.004,< 0.003
CA1510012_1510012811_2023-11-13_SE1,< 0.003,< 0.003,< 0.003,< 0.004,< 0.004,< 0.003
CA1510013_1510013012_2025-02-26_SE1,< 0.003,< 0.003,< 0.003,< 0.004,< 0.004,< 0.003
CA1510013_1510013013_2025-03-06_SE1,< 0.003,< 0.003,< 0.003,< 0.004,< 0.004,< 0.003
CA1510013_1510013016_2025-02-26_SE1,< 0.003,< 0.003,< 0.003,< 0.004,< 0.004,< 0.003
CA1510014_21A_2025-02-04_SE1,< 0.003,< 0.003,< 0.003,< 0.004,< 0.004,< 0.003
CA1510014_22_2025-02-04_SE1,< 0.003,< 0.003,< 0.003,< 0.004,< 0.004,< 0.003
CA1510014_6_2025-02-04_SE1,< 0.003,< 0.003,< 0.003,< 0.004,< 0.004,< 0.003
CA1510014_9_2025-02-04_SE1,< 0.003,< 0.003,< 0.003,< 0.004,< 0.004,< 0.003
CA1510014_CC010_2025-02-04_SE1,< 0.003,< 0.003,< 0.003,< 0.004,< 0.004,< 0.003
CA1510015_EP01_2023-02-13_SE1,< 0.003,< 0.003,< 0.003,< 0.004,< 0.004,< 0.003
CA1510015_EP03_2023-02-13_SE1,< 0.003,< 0.003,< 0.003,< 0.004,< 0.004,< 0.003
CA1510015_EP07_2023-02-13_SE1,< 0.003,< 0.003,< 0.003,< 0.004,< 0.004,< 0.003
CA1510017_1510017801_2025-03-27_SE1,< 0.003,< 0.003,< 0.003,< 0.004,< 0.004,< 0.003
CA1510017_1510017802_2025-03-25_SE1,< 0.003,< 0.003,< 0.003,< 0.004,< 0.004,< 0.003
CA1510017_1510017803_2025-03-25_SE1,< 0.003,< 0.003,< 0.003,< 0.004,< 0.004,< 0.003
CA1510017_1510017805_2025-03-25_SE1,< 0.003,< 0.003,< 0.003,< 0.004,< 0.004,< 0.003
CA1510017_1510017806_2025-03-25_SE1,< 0.003,< 0.003,< 0.003,< 0.004,< 0.004,< 0.003
CA1510017_1510017812_2025-06-23_SE1,< 0.003,< 0.003,< 0.003,< 0.004,< 0.004,< 0.003
CA1510017_1510017813_2025-03-25_SE1,< 0.003,< 0.003,< 0.003,< 0.004,< 0.004,< 0.003
CA1510017_1510017814_2025-03-25_SE1,< 0.003,< 0.003,< 0.003,< 0.004,< 0.004,< 0.003
CA1510018_1510018010_2024-03-19_SE1,< 0.003,< 0.003,< 0.003,< 0.004,< 0.004,< 0.003
CA1510018_1510018994_2024-03-19_SE1,< 0.003,< 0.003,< 0.003,< 0.004,< 0.004,< 0.003
CA1510019_1510019801_2023-05-23_SE1,< 0.003,< 0.003,< 0.003,< 0.004,< 0.004,< 0.003
CA1510019_1510019802_2023-05-23_SE1,< 0.003,< 0.003,< 0.003,< 0.004,< 0.004,< 0.003
CA1510019_1510019804_2023-05-23_SE1,< 0.003,< 0.003,< 0.003,< 0.004,< 0.004,< 0.003
CA1510019_1510019808_2023-05-23_SE1,< 0.003,< 0.003,< 0.003,< 0.004,< 0.004,< 0.003
CA1510019_1510019809_2023-05-23_SE1,< 0.003,< 0.003,< 0.003,< 0.004,< 0.004,< 0.003
CA1510019_1510019810_2023-05-23_SE1,< 0.003,< 0.003,< 0.003,< 0.004,< 0.004,< 0.003
CA1510020_EP001_2025-05-20_SE1,< 0.003,< 0.003,< 0.003,< 0.004,< 0.004,< 0.003
CA1510021_005_2023-11-14_SE1,< 0.003,< 0.003,< 0.003,< 0.004,< 0.004,< 0.003
CA1510021_006_2023-11-16_SE1,< 0.003,< 0.003,< 0.003,< 0.004,< 0.004,< 0.003
CA1510021_008_2023-11-16_SE1,< 0.003,< 0.003,< 0.003,< 0.004,< 0.004,< 0.003
CA1510021_009_2023-11-16_SE1,< 0.003,< 0.003,< 0.003,< 0.004,< 0.004,< 0.003
CA1510021_017_2023-11-14_SE1,< 0.003,< 0.003,< 0.003,< 0.004,< 0.004,< 0.003
CA1510021_019_2023-11-14_SE1,< 0.003,< 0.003,< 0.003,< 0.004,< 0.004,< 0.003
CA1510022_1510022801_2023-10-10_SE1,< 0.003,< 0.003,< 0.003,< 0.004,< 0.004,< 0.003
CA1510024_SR1_2023-12-04_SE1,< 0.003,< 0.003,< 0.003,< 0.004,< 0.004,< 0.003
CA1510024_SR3_2023-12-04_SE1,< 0.003,< 0.003,< 0.003,< 0.004,< 0.004,< 0.003
CA1510024_SR4_2023-12-04_SE1,< 0.003,< 0.003,< 0.003,< 0.004,< 0.004,< 0.003
CA1510024_SR5_2023-12-04_SE1,< 0.003,< 0.003,< 0.003,< 0.004,< 0.004,< 0.003
CA1510024_SR6_2023-12-04_SE1,< 0.003,< 0.003,< 0.003,< 0.004,< 0.004,< 0.003
CA1510024_SR7_2023-12-04_SE1,< 0.003,< 0.003,< 0.003,< 0.004,< 0.004,< 0.003
CA1510025_CV2_2024-02-27_SE1,< 0.003,< 0.003,< 0.003,< 0.004,< 0.004,< 0.003
CA1510025_CV3_2024-02-24_SE1,< 0.003,< 0.003,< 0.003,< 0.004,< 0.004,< 0.003
CA1510025_P17_2024-02-27_SE1,< 0.003,< 0.003,< 0.003,< 0.004,< 0.004,< 0.003
CA1510025_Y23_2024-02-27_SE1,< 0.003,< 0.003,< 0.003,< 0.004,< 0.004,< 0.003
CA1510029_1510029049_2025-02-10_SE1,< 0.003,< 0.003,< 0.003,< 0.004,< 0.004,< 0.003
CA1510029_1510029051_2025-02-10_SE1,< 0.003,< 0.003,< 0.003,< 0.004,< 0.004,< 0.003
CA1510029_151002953_2025-02-10_SE1,< 0.003,< 0.003,< 0.003,< 0.004,< 0.004,< 0.003
CA1510029_1510029801_2025-02-10_SE1,< 0.003,0.0034,< 0.003,< 0.004,< 0.004,0.0031
CA1510029_1510029804_2025-02-10_SE1,< 0.003,< 0.003,< 0.003,< 0.004,< 0.004,< 0.003
CA1510029_1510029805_2025-02-10_SE1,< 0.003,< 0.003,< 0.003,< 0.004,< 0.004,< 0.003
CA1510029_1510029810_2025-02-10_SE1,< 0.003,< 0.003,< 0.003,< 0.004,< 0.004,< 0.003
CA1510029_1510029811_2025-02-10_SE1,< 0.003,< 0.003,< 0.003,< 0.004,< 0.004,< 0.003
CA1510029_1510029814_2025-02-10_SE1,< 0.003,< 0.003,< 0.003,< 0.004,< 0.004,< 0.003
CA1510029_1510029815_2025-02-10_SE1,< 0.003,< 0.003,< 0.003,< 0.004,< 0.004,< 0.003
CA1510029_1510029816_2025-02-10_SE1,< 0.003,< 0.003,< 0.003,< 0.004,< 0.004,< 0.003
CA1510029_1510029817_2025-02-10_SE1,< 0.003,< 0.003,< 0.003,< 0.004,< 0.004,< 0.003
CA1510029_1510029818_2025-02-10_SE1,< 0.003,< 0.003,< 0.003,< 0.004,< 0.004,< 0.003
CA1510031_1510031_2024-12-16_SE1,< 0.003,< 0.003,< 0.003,< 0.004,< 0.004,< 0.003
CA1510031_1510031067_2024-12-04_SE1,< 0.003,< 0.003,< 0.003,< 0.004,< 0.004,< 0.003
CA1510031_1510031073_2024-12-04_SE1,< 0.003,< 0.003,< 0.003,< 0.004,< 0.004,< 0.003
CA1510031_1510031150_2024-12-12_SE1,< 0.003,< 0.003,< 0.003,< 0.004,< 0.004,< 0.003
CA1510031_1510031803_2025-05-21_SE1,< 0.003,< 0.003,< 0.003,< 0.004,< 0.004,< 0.003
CA1510031_1510031804_2024-07-15_SE1,< 0.003,< 0.003,< 0.003,< 0.004,< 0.004,< 0.003
CA1510031_1510031807_2024-07-10_SE1,< 0.003,< 0.003,< 0.003,< 0.004,< 0.004,< 0.003
CA1510031_1510031809_2024-07-11_SE1,< 0.003,< 0.003,< 0.003,< 0.004,< 0.004,< 0.003
CA1510031_1510031811_2024-07-11_SE1,< 0.003,< 0.003,< 0.003,< 0.004,0.0049,< 0.003
CA1510031_1510031812_2024-07-16_SE1,< 0.003,< 0.003,< 0.003,< 0.004,< 0.004,< 0.003
CA1510031_1510031816_2024-08-15_SE1,< 0.003,< 0.003,< 0.003,< 0.004,< 0.004,< 0.003
CA1510031_1510031817_2024-08-15_SE1,< 0.003,< 0.003,< 0.003,< 0.004,< 0.004,< 0.003
CA1510031_1510031821_2024-08-13_SE1,< 0.003,< 0.003,< 0.003,< 0.004,< 0.004,< 0.003
CA1510031_1510031823_2024-08-19_SE1,< 0.003,< 0.003,< 0.003,< 0.004,< 0.004,< 0.003
CA1510031_1510031827_2024-08-14_SE1,< 0.003,< 0.003,< 0.003,< 0.004,< 0.004,< 0.003
CA1510031_1510031830_2024-08-26_SE1,< 0.003,< 0.003,< 0.003,< 0.004,< 0.004,< 0.003
CA1510031_1510031831_2024-08-16_SE1,< 0.003,< 0.003,< 0.003,< 0.004,< 0.004,< 0.003
CA1510031_1510031832_2024-09-10_SE1,< 0.003,< 0.003,< 0.003,< 0.004,< 0.004,< 0.003
CA1510031_1510031837_2024-09-17_SE1,< 0.003,< 0.003,< 0.003,< 0.004,< 0.004,< 0.003
CA1510031_1510031838_2024-09-24_SE1,< 0.003,< 0.003,< 0.003,< 0.004,< 0.004,< 0.003
CA1510031_1510031840_2024-09-17_SE1,< 0.003,< 0.003,< 0.003,< 0.004,< 0.004,< 0.003
CA1510031_1510031841_2025-03-12_SE1,< 0.003,< 0.003,0.0042,< 0.004,0.0076,< 0.003
CA1510031_1510031842_2024-09-16_SE1,< 0.003,< 0.003,< 0.003,< 0.004,< 0.004,< 0.003
CA1510031_1510031844_2025-11-21_SE1,< 0.003,< 0.003,< 0.003,< 0.004,< 0.004,< 0.003
CA1510031_1510031845_2024-09-10_SE1,< 0.003,< 0.003,< 0.003,< 0.004,< 0.004,< 0.003
CA1510031_1510031847_2024-10-07_SE1,< 0.003,< 0.003,< 0.003,< 0.004,< 0.004,< 0.003
CA1510031_1510031848_2024-10-08_SE1,< 0.003,< 0.003,< 0.003,< 0.004,< 0.004,< 0.003
CA1510031_1510031849_2024-10-08_SE1,< 0.003,< 0.003,< 0.003,< 0.004,< 0.004,< 0.003
CA1510031_1510031850_2024-10-09_SE1,< 0.003,< 0.003,< 0.003,< 0.004,< 0.004,< 0.003
CA1510031_1510031851_2024-10-09_SE1,< 0.003,< 0.003,< 0.003,< 0.004,< 0.004,< 0.003
CA1510031_1510031852_2024-10-14_SE1,< 0.003,< 0.003,< 0.003,< 0.004,< 0.004,< 0.003
CA1510031_1510031854_2024-10-29_SE1,< 0.003,< 0.003,< 0.003,< 0.004,< 0.004,< 0.003
CA1510031_1510031856_2024-11-14_SE1,< 0.003,< 0.003,< 0.003,< 0.004,< 0.004,< 0.003
CA1510031_1510031857_2024-11-18_SE1,< 0.003,< 0.003,< 0.003,< 0.004,< 0.004,< 0.003
CA1510031_1510031859_2024-11-20_SE1,< 0.003,< 0.003,< 0.003,< 0.004,< 0.004,< 0.003
CA1510031_1510031860_2024-11-21_SE1,< 0.003,< 0.003,< 0.003,< 0.004,< 0.004,< 0.003
CA1510031_1510031862_2024-11-25_SE1,< 0.003,< 0.003,< 0.003,< 0.004,< 0.004,< 0.003
CA1510031_1510031870_2024-11-13_SE1,< 0.003,< 0.003,< 0.003,< 0.004,< 0.004,< 0.003
CA1510031_1510031872_2024-12-09_SE1,< 0.003,< 0.003,< 0.003,< 0.004,< 0.004,< 0.003
CA1510031_1510031874_2024-11-21_SE1,< 0.003,< 0.003,< 0.003,< 0.004,< 0.004,< 0.003
CA1510031_1510031875_2024-12-04_SE1,< 0.003,< 0.003,< 0.003,< 0.004,< 0.004,< 0.003
CA1510031_1510031878_2024-12-04_SE1,< 0.003,< 0.003,< 0.003,< 0.004,< 0.004,< 0.003
CA1510031_1510031879_2025-06-21_SE1,< 0.003,< 0.003,< 0.003,< 0.004,< 0.004,< 0.003
CA1510032_1510032010_2023-12-19_SE1,< 0.003,< 0.003,< 0.003,< 0.004,< 0.004,< 0.003
CA1510032_1510032016_2023-12-19_SE1,< 0.003,< 0.003,< 0.003,< 0.004,< 0.004,< 0.003
CA1510032_1510032801_2023-12-19_SE1,< 0.003,< 0.003,< 0.003,< 0.004,< 0.004,< 0.003
CA1510032_1510032802_2023-12-19_SE1,< 0.003,< 0.003,< 0.003,< 0.004,< 0.004,< 0.003
CA1510032_1510032803_2023-12-19_SE1,< 0.003,< 0.003,< 0.003,< 0.004,< 0.004,< 0.003
CA1510038_EP1_2024-04-10_SE1,< 0.003,< 0.003,< 0.003,< 0.004,< 0.004,< 0.003
CA1510038_EP2_2024-04-10_SE1,< 0.003,< 0.003,< 0.003,< 0.004,< 0.004,< 0.003
CA1510038_EP3_2024-04-10_SE1,< 0.003,< 0.003,< 0.003,0.0057,< 0.004,< 0.003
CA1510038_EP4_2024-04-10_SE1,< 0.003,< 0.003,< 0.003,< 0.004,< 0.004,< 0.003
CA1510038_EP6_2024-04-10_SE1,< 0.003,< 0.003,< 0.003,< 0.004,< 0.004,< 0.003
CA1510038_EP7_2024-04-10_SE1,< 0.003,< 0.003,< 0.003,< 0.004,< 0.004,< 0.003
CA1510045_CA1510045006006_2024-06-04_SE1,0.0039,0.0068,0.0036,0.0082,< 0.004,0.0072
CA1510045_CA1510045010010_2024-06-04_SE1,< 0.003,< 0.003,< 0.003,< 0.004,< 0.004,< 0.003
CA1510045_CA1510045012012_2024-08-13_SE1,0.0033,0.0043,0.0031,0.0103,0.0057,0.0053
CA1510045_CA1510045019019_2024-06-04_SE1,< 0.003,< 0.003,< 0.003,< 0.004,< 0.004,< 0.003
CA1510045_CA1510045020020_2024-06-04_SE1,< 0.003,< 0.003,< 0.003,< 0.004,< 0.004,< 0.003
CA1510045_CA1510045021021_2024-06-04_SE1,< 0.003,< 0.003,< 0.003,< 0.004,< 0.004,< 0.003
CA1510045_CA1510045039039_2024-06-04_SE1,< 0.003,< 0.003,< 0.003,< 0.004,< 0.004,< 0.003
CA1510045_CA1510045045045_2024-06-04_SE1,< 0.003,< 0.003,< 0.003,< 0.004,< 0.004,< 0.003
CA1510055_1510055034_2024-11-20_SE1,< 0.003,< 0.003,< 0.003,< 0.004,< 0.004,< 0.003
CA1510055_1510055801_2024-11-14_SE1,< 0.003,< 0.003,< 0.003,< 0.004,< 0.004,< 0.003
CA1510055_1510055802_2024-11-19_SE1,< 0.003,< 0.003,< 0.003,< 0.004,< 0.004,< 0.003
CA1510055_1510055803_2024-11-07_SE1,< 0.003,< 0.003,< 0.003,< 0.004,< 0.004,< 0.003
CA1510055_1510055810_2024-11-13_SE1,< 0.003,< 0.003,< 0.003,< 0.004,< 0.004,< 0.003
CA1510055_1510055813_2025-06-09_SE1,< 0.003,< 0.003,< 0.003,< 0.004,< 0.004,< 0.003
CA1510055_1510055814_2024-11-18_SE1,< 0.003,< 0.003,< 0.003,< 0.004,< 0.004,< 0.003
CA1510055_1510055815_2025-05-17_SE1,< 0.003,< 0.003,< 0.003,< 0.004,0.0046,< 0.003
CA1510055_1510055816_2024-11-07_SE1,< 0.003,< 0.003,< 0.003,< 0.004,< 0.004,< 0.003
CA1510701_4004POST_2023-01-31_SE1,< 0.003,< 0.003,< 0.003,< 0.004,< 0.004,< 0.003
CA1510701_791POST_2023-01-31_SE1,< 0.003,< 0.003,< 0.003,< 0.004,< 0.004,< 0.003
CA1510703_EP015_2024-05-21_SE1,< 0.003,< 0.003,< 0.003,< 0.004,< 0.004,< 0.003
CA1510703_EP018_2024-05-21_SE1,< 0.003,< 0.003,< 0.003,< 0.004,< 0.004,< 0.003
CA1510703_EP027C_2024-05-21_SE1,< 0.003,< 0.003,< 0.003,< 0.004,< 0.004,< 0.003
CA1510703_EP028A_2024-05-21_SE1,< 0.003,< 0.003,< 0.003,< 0.004,< 0.004,< 0.003
CA1510703_EP030_2024-05-21_SE1,< 0.003,< 0.003,< 0.003,< 0.004,< 0.004,< 0.003
CA1510703_EP031_2024-05-21_SE1,< 0.003,< 0.003,< 0.003,< 0.004,< 0.004,< 0.003
CA1510800_EP011_2024-03-05_SE1,< 0.003,< 0.003,< 0.003,< 0.004,< 0.004,< 0.003
CA1510801_EP004_2025-04-10_SE1,< 0.003,< 0.003,< 0.003,< 0.004,< 0.004,< 0.003
CA1510802_EP001_2024-07-16_SE1,< 0.003,< 0.003,< 0.003,< 0.004,< 0.004,< 0.003
CA1610001_011_2023-06-20_SE1,< 0.003,< 0.003,< 0.003,< 0.004,< 0.004,< 0.003
CA1610002_1610002801_2023-02-14_SE1,< 0.003,< 0.003,< 0.003,< 0.004,< 0.004,< 0.003
CA1610002_1610002802_2023-02-14_SE1,< 0.003,< 0.003,< 0.003,< 0.004,< 0.004,< 0.003
CA1610003_1610003001_2025-05-21_SE1,< 0.003,< 0.003,< 0.003,< 0.004,< 0.004,< 0.003
CA1610003_1610003002_2025-05-21_SE1,< 0.003,< 0.003,< 0.003,< 0.004,< 0.004,< 0.003
CA1610003_1610003003_2025-05-21_SE1,< 0.003,< 0.003,< 0.003,< 0.004,< 0.004,< 0.003
CA1610003_1610003004_2025-05-21_SE1,< 0.003,< 0.003,< 0.003,< 0.004,< 0.004,< 0.003
CA1610003_1610003810_2025-05-21_SE1,< 0.003,< 0.003,< 0.003,< 0.004,< 0.004,< 0.003
CA1610003_1610003817_2025-05-21_SE1,< 0.003,< 0.003,< 0.003,< 0.004,< 0.004,< 0.003
CA1610003_1610003818_2025-05-21_SE1,< 0.003,< 0.003,< 0.003,< 0.004,< 0.004,< 0.003
CA1610003_1610003819_2025-05-21_SE1,< 0.003,< 0.003,< 0.003,< 0.004,< 0.004,< 0.003
CA1610003_1610003820_2025-05-21_SE1,< 0.003,< 0.003,< 0.003,< 0.004,< 0.004,< 0.003
CA1610003_1610003821_2025-05-21_SE1,< 0.003,< 0.003,< 0.003,< 0.004,< 0.004,< 0.003
CA1610003_1610003822_2025-05-21_SE1,< 0.003,< 0.003,< 0.003,< 0.004,< 0.004,< 0.003
CA1610003_1610003823_2025-05-21_SE1,< 0.003,< 0.003,< 0.003,< 0.004,< 0.004,< 0.003
CA1610003_1610003825_2025-05-21_SE1,< 0.003,< 0.003,< 0.003,< 0.004,< 0.004,< 0.003
CA1610004_1610004025_2023-07-03_SE1,< 0.003,< 0.003,< 0.003,< 0.004,< 0.004,< 0.003
CA1610005_1610005801_2023-10-30_SE1,< 0.003,< 0.003,< 0.003,< 0.004,< 0.004,< 0.003
CA1610005_1610005802_2023-10-30_SE1,< 0.003,< 0.003,< 0.003,< 0.004,< 0.004,< 0.003
CA1610005_1610005803_2023-10-30_SE1,< 0.003,< 0.003,< 0.003,< 0.004,< 0.004,< 0.003
CA1610005_1610005804_2023-10-30_SE1,< 0.003,< 0.003,< 0.003,< 0.004,< 0.004,< 0.003
CA1610700_1610700801_2024-03-23_SE1,< 0.003,< 0.003,< 0.003,< 0.004,< 0.004,< 0.003
CA1710002_EP1_2023-06-21_SE1,< 0.003,< 0.003,< 0.003,< 0.004,< 0.004,< 0.003
CA1710003_EP1_2024-02-06_SE1,< 0.003,< 0.003,< 0.003,< 0.004,< 0.004,< 0.003
CA1710004_EP1_2023-05-09_SE1,< 0.003,< 0.003,< 0.003,< 0.004,< 0.004,< 0.003
CA1710004_EP2_2023-01-10_SE1,< 0.003,< 0.003,< 0.003,< 0.004,< 0.004,< 0.003
CA1710005_TP001_2024-03-05_SE1,< 0.003,< 0.003,< 0.003,< 0.004,< 0.004,< 0.003
CA1710006_EP1_2023-01-11_SE1,< 0.003,< 0.003,< 0.003,< 0.004,< 0.004,< 0.003
CA1710007_KVWWD3002_2025-02-05_SE1,< 0.003,< 0.003,< 0.003,< 0.004,< 0.004,< 0.003
CA1710007_KVWWD3003_2025-02-05_SE1,< 0.003,< 0.003,< 0.003,< 0.004,< 0.004,< 0.003
CA1710007_KVWWD3006_2025-02-05_SE1,< 0.003,< 0.003,< 0.003,< 0.004,< 0.004,< 0.003
CA1710007_KVWWD3007_2025-02-05_SE1,< 0.003,< 0.003,< 0.003,< 0.004,< 0.004,< 0.003
CA1710014_CA1710014002002_2024-03-26_SE1,< 0.003,< 0.003,< 0.003,< 0.004,< 0.004,< 0.003
CA1710015_EP006_2025-02-05_SE1,< 0.003,< 0.003,< 0.003,< 0.004,< 0.004,< 0.003
CA1805004_CCC001_2024-05-07_SE1,< 0.003,< 0.003,< 0.003,< 0.004,< 0.004,< 0.003
CA1805004_HDSP001_2024-05-07_SE1,< 0.003,< 0.003,< 0.003,< 0.004,< 0.004,< 0.003
CA1810001_EP003_2024-02-05_SE1,< 0.003,< 0.003,< 0.003,< 0.004,< 0.004,< 0.003
CA1810001_EP007_2024-02-06_SE1,< 0.003,< 0.003,< 0.003,< 0.004,< 0.004,< 0.003
CA1810001_EP008_2024-02-06_SE1,< 0.003,< 0.003,< 0.003,< 0.004,< 0.004,< 0.003
CA1810001_EP009_2024-02-05_SE1,< 0.003,< 0.003,< 0.003,< 0.004,< 0.004,< 0.003
CA1810001_EP012_2024-02-05_SE1,< 0.003,< 0.003,< 0.003,< 0.004,< 0.004,< 0.003
CA1900046_EP2_2023-05-03_SE1,< 0.003,< 0.003,0.0031,0.0045,0.0065,< 0.003
CA1900679_EP1_2024-07-17_SE1,< 0.003,< 0.003,0.0041,0.0078,0.0262,< 0.003
CA1910001_1910001807_2024-03-12_SE1,< 0.003,< 0.003,< 0.003,< 0.004,< 0.004,< 0.003
CA1910003_1910003801_2023-11-27_SE1,< 0.003,< 0.003,< 0.003,< 0.004,< 0.004,< 0.003
CA1910003_1910003803_2023-11-27_SE1,< 0.003,< 0.003,< 0.003,< 0.004,0.0056,< 0.003
CA1910003_1910003805_2024-02-16_SE1,< 0.003,< 0.003,< 0.003,< 0.004,< 0.004,< 0.003
CA1910003_1910003811_2023-11-27_SE1,< 0.003,< 0.003,< 0.003,< 0.004,0.0088,< 0.003
CA1910003_1910003812_2023-08-31_SE1,< 0.003,< 0.003,< 0.003,< 0.004,< 0.004,< 0.003
CA1910003_1910003816_2023-11-27_SE1,< 0.003,< 0.003,0.0048,< 0.004,< 0.004,< 0.003
CA1910003_1910003817_2023-08-31_SE1,< 0.003,< 0.003,< 0.003,< 0.004,< 0.004,< 0.003
CA1910003_1910003819_2023-08-31_SE1,< 0.003,< 0.003,< 0.003,< 0.004,< 0.004,< 0.003
CA1910003_1910003998_2023-08-31_SE1,< 0.003,< 0.003,< 0.003,< 0.004,< 0.004,< 0.003
CA1910004_1910004803_2023-12-06_SE1,< 0.003,< 0.003,< 0.003,< 0.004,< 0.004,< 0.003
CA1910004_1910004808_2024-06-06_SE1,< 0.003,< 0.003,< 0.003,< 0.004,< 0.004,< 0.003
CA1910004_1910004819_2023-01-19_SE1,< 0.003,< 0.003,0.0033,< 0.004,0.011,< 0.003
CA1910004_1910004825_2023-12-11_SE1,< 0.003,< 0.003,< 0.003,< 0.004,< 0.004,< 0.003
CA1910004_1910004826_2023-05-31_SE1,< 0.003,< 0.003,< 0.003,< 0.004,0.0099,< 0.003
CA1910005_008_2023-07-25_SE1,< 0.003,< 0.003,< 0.003,< 0.004,< 0.004,< 0.003
CA1910005_1910005003_2023-10-19_SE1,< 0.003,< 0.003,< 0.003,< 0.004,< 0.004,< 0.003
CA1910006_BJT_2024-03-12_SE1,< 0.003,< 0.003,< 0.003,< 0.004,< 0.004,< 0.003
CA1910006_HLT_2024-03-12_SE1,< 0.003,< 0.003,< 0.003,< 0.004,< 0.004,< 0.003
CA1910006_ITT_2024-03-12_SE1,< 0.003,< 0.003,< 0.003,< 0.004,< 0.004,< 0.003
CA1910006_MGT_2024-03-12_SE1,< 0.003,< 0.003,< 0.003,< 0.004,< 0.004,< 0.003
CA1910006_PH2_2024-03-12_SE1,< 0.003,< 0.003,< 0.003,< 0.004,< 0.004,< 0.003
CA1910006_TT_2024-03-12_SE1,< 0.003,< 0.003,< 0.003,< 0.004,< 0.004,< 0.003
CA1910006_TWT2_2024-03-12_SE1,< 0.003,< 0.003,< 0.003,< 0.004,< 0.004,< 0.003
CA1910006_WLT_2024-03-12_SE1,< 0.003,< 0.003,< 0.003,< 0.004,< 0.004,< 0.003
CA1910007_1910007815_2023-12-14_SE1,< 0.003,0.0035,< 0.003,0.0044,0.0058,< 0.003
CA1910007_1910007816_2024-06-12_SE1,< 0.003,< 0.003,< 0.003,0.0077,0.0051,< 0.003
CA1910007_1910007817_2023-12-14_SE1,< 0.003,< 0.003,< 0.003,< 0.004,< 0.004,< 0.003
CA1910007_1910007818_2023-12-14_SE1,< 0.003,< 0.003,< 0.003,< 0.004,< 0.004,< 0.003
CA1910007_1910007819_2023-12-14_SE1,< 0.003,< 0.003,< 0.003,< 0.004,< 0.004,< 0.003
CA1910009_1910009817_2024-10-31_SE1,< 0.003,< 0.003,< 0.003,< 0.004,< 0.004,< 0.003
CA1910009_1910009898_2024-10-31_SE1,< 0.003,< 0.003,< 0.003,< 0.004,< 0.004,< 0.003
CA1910009_1910009899_2024-10-31_SE1,< 0.003,< 0.003,< 0.003,< 0.004,< 0.004,< 0.003
CA1910010_EP1_2023-05-09_SE1,< 0.003,< 0.003,< 0.003,< 0.004,< 0.004,< 0.003
CA1910010_EP3_2023-05-09_SE1,< 0.003,< 0.003,< 0.003,< 0.004,< 0.004,< 0.003
CA1910011_1910011804_2025-01-06_SE1,< 0.003,< 0.003,< 0.003,< 0.004,< 0.004,< 0.003
CA1910011_1910011810_2025-01-07_SE1,< 0.003,< 0.003,< 0.003,< 0.004,< 0.004,< 0.003
CA1910011_1910011812_2025-01-07_SE1,< 0.003,< 0.003,< 0.003,< 0.004,0.0084,< 0.003
CA1910011_1910011818_2025-01-07_SE1,< 0.003,< 0.003,< 0.003,< 0.004,< 0.004,< 0.003
CA1910011_1910011832_2025-01-06_SE1,0.0041,0.0066,< 0.003,< 0.004,< 0.004,0.0073
CA1910013_1910013801_2023-09-27_SE1,< 0.003,< 0.003,0.0051,< 0.004,0.017,< 0.003
CA1910013_1910013802_2024-10-10_SE1,< 0.003,< 0.003,< 0.003,< 0.004,0.0051,< 0.003
CA1910013_1910013805_2023-09-27_SE1,< 0.003,< 0.003,0.0033,< 0.004,0.014,< 0.003
CA1910013_1910013807_2024-10-10_SE1,< 0.003,< 0.003,0.0033,< 0.004,0.011,< 0.003
CA1910013_1910013808_2023-09-27_SE1,< 0.003,< 0.003,< 0.003,< 0.004,0.0061,< 0.003
CA1910013_1910013809_2024-08-12_SE1,< 0.003,< 0.003,< 0.003,< 0.004,0.011,< 0.003
CA1910017_1910017804_2023-06-08_SE1,0.0071,0.0112,0.0047,0.0147,0.0115,0.0082
CA1910017_1910017809_2023-06-08_SE1,0.0066,0.0161,0.0045,0.0205,0.0178,0.0127
CA1910017_1910017812_2023-06-08_SE1,< 0.003,< 0.003,< 0.003,< 0.004,< 0.004,< 0.003
CA1910017_1910017816_2023-06-22_SE1,< 0.003,0.0056,< 0.003,< 0.004,< 0.004,0.0176
CA1910017_1910017817_2023-06-08_SE1,< 0.003,< 0.003,< 0.003,< 0.004,< 0.004,< 0.003
CA1910017_1910017818_2025-06-25_SE1,< 0.003,< 0.003,< 0.003,< 0.004,< 0.004,0.0067
CA1910018_EP001_2025-03-24_SE1,< 0.003,< 0.003,0.003,< 0.004,0.016,< 0.003
CA1910018_EP002_2025-03-31_SE1,< 0.003,< 0.003,0.0056,0.0076,0.031,< 0.003
CA1910019_1910019803_2024-05-13_SE1,< 0.003,< 0.003,< 0.003,< 0.004,< 0.004,< 0.003
CA1910019_1910019804_2024-05-13_SE1,< 0.003,< 0.003,< 0.003,< 0.004,< 0.004,< 0.003
CA1910019_1910019805_2024-05-13_SE1,< 0.003,< 0.003,< 0.003,< 0.004,0.0048,< 0.003
CA1910019_1910019806_2024-05-13_SE1,< 0.003,< 0.003,< 0.003,< 0.004,< 0.004,< 0.003
CA1910020_EP001_2025-01-13_SE1,< 0.003,< 0.003,< 0.003,< 0.004,< 0.004,< 0.003
CA1910020_EP002_2025-01-13_SE1,< 0.003,< 0.003,< 0.003,< 0.004,< 0.004,< 0.003
CA1910021_1910021012_2023-02-28_SE1,< 0.003,< 0.003,< 0.003,< 0.004,< 0.004,< 0.003
CA1910021_1910021013_2023-02-06_SE1,< 0.003,< 0.003,< 0.003,< 0.004,< 0.004,< 0.003
CA1910021_1910021018_2023-03-28_SE1,< 0.003,< 0.003,< 0.003,< 0.004,< 0.004,< 0.003
CA1910021_1910021803_2023-02-06_SE1,< 0.003,< 0.003,< 0.003,< 0.004,< 0.004,< 0.003
CA1910022_1910022801_2026-06-16_SE1,0.0063,0.0039,0.0056,< 0.004,< 0.004,0.0036
CA1910023_EP007_2024-01-29_SE1,< 0.003,< 0.003,< 0.003,< 0.004,< 0.004,< 0.003
CA1910023_EP008_2024-01-29_SE1,< 0.003,< 0.003,< 0.003,< 0.004,< 0.004,< 0.003
CA1910024_1910024802_2023-12-07_SE1,0.0051,0.0076,0.0037,0.0093,< 0.004,0.0058
CA1910024_1910024804_2023-09-18_SE1,< 0.003,< 0.003,< 0.003,< 0.004,< 0.004,< 0.003
CA1910024_1910024805_2023-09-27_SE1,< 0.003,0.0033,< 0.003,< 0.004,< 0.004,< 0.003
CA1910024_1910024806_2023-11-06_SE1,< 0.003,< 0.003,< 0.003,< 0.004,< 0.004,< 0.003
CA1910024_1910024809_2023-09-19_SE1,< 0.003,< 0.003,< 0.003,< 0.004,< 0.004,< 0.003
CA1910024_1910024812_2023-09-27_SE1,< 0.003,0.0056,< 0.003,0.0129,0.0104,0.0043
CA1910024_1910024815_2023-09-19_SE1,< 0.003,< 0.003,< 0.003,< 0.004,< 0.004,< 0.003
CA1910024_1910024816_2023-09-27_SE1,< 0.003,< 0.003,< 0.003,< 0.004,< 0.004,< 0.003
CA1910024_1910024818_2023-09-18_SE1,< 0.003,< 0.003,< 0.003,< 0.004,< 0.004,0.0031
CA1910024_1910024821_2023-09-19_SE1,< 0.003,< 0.003,< 0.003,< 0.004,< 0.004,< 0.003
CA1910024_1910024822_2023-09-27_SE1,< 0.003,< 0.003,< 0.003,< 0.004,< 0.004,< 0.003
CA1910026_1910026016_2023-09-14_SE1,< 0.003,< 0.003,< 0.003,< 0.004,< 0.004,< 0.003
CA1910026_1910026801_2023-09-14_SE1,< 0.003,< 0.003,0.0041,0.0049,0.017,< 0.003
CA1910026_1910026802_2023-09-14_SE1,< 0.003,< 0.003,< 0.003,< 0.004,< 0.004,< 0.003
CA1910026_1910026803_2023-09-14_SE1,< 0.003,< 0.003,< 0.003,< 0.004,< 0.004,< 0.003
CA1910026_1910026804_2023-09-14_SE1,< 0.003,< 0.003,< 0.003,< 0.004,< 0.004,< 0.003
CA1910026_1910026805_2023-09-14_SE1,< 0.003,< 0.003,< 0.003,< 0.004,< 0.004,< 0.003
CA1910028_1910028015_2023-02-22_SE1,0.0041,0.0076,0.0034,0.0051,< 0.004,0.0078
CA1910028_1910028020_2023-02-22_SE1,< 0.003,< 0.003,< 0.003,< 0.004,< 0.004,< 0.003
CA1910028_1910028802_2023-02-22_SE1,0.0031,0.0052,< 0.003,< 0.004,< 0.004,0.0055
CA1910028_1910028803_2023-02-22_SE1,0.0041,0.0079,0.0032,0.0051,< 0.004,0.0080
CA1910028_1910028804_2023-02-22_SE1,0.0042,0.0046,0.0044,< 0.004,< 0.004,0.0047
CA1910028_1910028805_2023-02-22_SE1,< 0.003,< 0.003,< 0.003,< 0.004,< 0.004,< 0.003
CA1910029_EP010_2023-09-12_SE1,< 0.003,< 0.003,< 0.003,< 0.004,< 0.004,< 0.003
CA1910030_1910030011_2023-11-14_SE1,< 0.003,< 0.003,< 0.003,< 0.004,< 0.004,< 0.003
CA1910033_1910033803_2024-01-08_SE1,< 0.003,< 0.003,< 0.003,< 0.004,< 0.004,< 0.003
CA1910033_1910033804_2024-01-08_SE1,< 0.003,< 0.003,< 0.003,< 0.004,< 0.004,< 0.003
CA1910033_1910033805_2024-01-09_SE1,< 0.003,< 0.003,0.0035,< 0.004,< 0.004,< 0.003
CA1910033_1910033807_2024-01-08_SE1,< 0.003,< 0.003,< 0.003,< 0.004,< 0.004,< 0.003
CA1910033_1910033808_2024-01-10_SE1,< 0.003,< 0.003,< 0.003,< 0.004,< 0.004,< 0.003
CA1910033_1910033810_2024-01-08_SE1,< 0.003,< 0.003,< 0.003,< 0.004,< 0.004,< 0.003
CA1910033_1910033811_2024-01-09_SE1,< 0.003,< 0.003,< 0.003,< 0.004,< 0.004,< 0.003
CA1910033_1910033813_2024-07-10_SE1,< 0.003,< 0.003,< 0.003,< 0.004,< 0.004,< 0.003
CA1910033_1910033830_2024-01-10_SE1,< 0.003,< 0.003,< 0.003,< 0.004,< 0.004,< 0.003
CA1910034_1910034007_2025-01-14_SE1,0.0068,0.015,< 0.003,0.0083,0.012,0.019
CA1910034_1910034019_2025-01-14_SE1,0.0066,0.014,0.0034,0.0086,0.014,0.017
CA1910034_1910034024_2025-01-14_SE1,0.006,0.0067,0.0054,0.011,0.027,0.0084
CA1910034_1910034025_2025-01-14_SE1,0.0053,0.0079,0.0066,0.01,0.032,0.01
CA1910034_1910034033_2025-01-14_SE1,0.0057,0.0072,0.0061,0.012,0.038,0.0081
CA1910036_1910036802_2025-01-07_SE1,< 0.003,< 0.003,< 0.003,< 0.004,< 0.004,< 0.003
CA1910036_1910036803_2025-01-07_SE1,< 0.003,< 0.003,< 0.003,< 0.004,< 0.004,< 0.003
CA1910036_1910036804_2025-01-07_SE1,< 0.003,< 0.003,< 0.003,< 0.004,0.0079,< 0.003
CA1910036_1910036807_2025-01-08_SE1,< 0.003,< 0.003,< 0.003,< 0.004,< 0.004,0.0088
CA1910036_1910036813_2025-01-08_SE1,< 0.003,< 0.003,< 0.003,< 0.004,< 0.004,< 0.003
CA1910036_1910036821_2025-01-07_SE1,< 0.003,< 0.003,< 0.003,< 0.004,< 0.004,< 0.003
CA1910036_1910036824_2025-01-08_SE1,< 0.003,< 0.003,< 0.003,< 0.004,< 0.004,< 0.003
CA1910036_1910036825_2025-01-27_SE1,< 0.003,< 0.003,< 0.003,< 0.004,< 0.004,< 0.003
CA1910036_1910036826_2025-01-08_SE1,< 0.003,< 0.003,< 0.003,< 0.004,< 0.004,< 0.003
CA1910036_1910036826_2025-01-27_SE1,< 0.003,< 0.003,< 0.003,< 0.004,< 0.004,< 0.003
CA1910038_1910038811_2023-09-21_SE1,< 0.003,< 0.003,< 0.003,< 0.004,< 0.004,< 0.003
CA1910038_1910038812_2023-09-21_SE1,< 0.003,< 0.003,< 0.003,< 0.004,< 0.004,< 0.003
CA1910038_1910038813_2023-09-21_SE1,< 0.003,< 0.003,< 0.003,< 0.004,< 0.004,< 0.003
CA1910038_1910038821_2024-08-05_SE1,< 0.003,< 0.003,< 0.003,< 0.004,< 0.004,< 0.003
CA1910039_1910039009_2025-04-08_SE1,< 0.003,< 0.003,< 0.003,< 0.004,< 0.004,< 0.003
CA1910039_1910039803_2025-02-28_SE1,< 0.003,< 0.003,< 0.003,< 0.004,< 0.004,< 0.003
CA1910039_1910039806_2025-02-28_SE1,< 0.003,< 0.003,< 0.003,< 0.004,< 0.004,< 0.003
CA1910039_1910039807_2025-02-28_SE1,< 0.003,< 0.003,< 0.003,< 0.004,< 0.004,< 0.003
CA1910039_1910039808_2025-02-28_SE1,< 0.003,< 0.003,< 0.003,< 0.004,< 0.004,< 0.003
CA1910039_1910039809_2025-02-28_SE1,< 0.003,< 0.003,< 0.003,< 0.004,< 0.004,< 0.003
CA1910039_1910039815_2025-02-28_SE1,< 0.003,< 0.003,< 0.003,< 0.004,< 0.004,< 0.003
CA1910039_1910039826_2025-02-28_SE1,< 0.003,< 0.003,< 0.003,< 0.004,< 0.004,< 0.003
CA1910039_1910039846_2025-02-28_SE1,< 0.003,< 0.003,< 0.003,< 0.004,< 0.004,0.0056
CA1910040_1910040003_2025-03-07_SE1,< 0.003,< 0.003,< 0.003,< 0.004,< 0.004,< 0.003
CA1910042_10_2024-02-28_SE1,0.0067,0.015,0.0031,0.011,0.017,0.017
CA1910042_4_2024-02-28_SE1,0.0063,0.013,< 0.003,0.0072,0.01,0.016
CA1910042_5_2024-02-28_SE1,0.0068,0.014,< 0.003,0.0076,0.0098,0.016
CA1910042_6_2024-02-28_SE1,0.01,0.0033,0.0048,0.0092,0.027,0.0038
CA1910042_7_2024-02-28_SE1,0.0046,0.009,< 0.003,0.0086,0.013,0.0098
CA1910042_8_2024-02-28_SE1,0.0048,0.0092,< 0.003,0.0077,0.011,0.0089
CA1910042_9_2024-02-28_SE1,0.0058,0.0096,< 0.003,0.0097,0.023,0.01
CA1910043_1910043001_2024-10-03_SE1,0.0120,0.0115,0.0051,0.0087,0.0104,0.0116
CA1910043_1910043002_2024-10-09_SE1,0.0168,0.0093,0.0045,0.0136,0.0147,0.0106
CA1910043_1910043003_2024-10-09_SE1,0.0102,0.0115,0.0047,0.0110,0.0090,0.0122
CA1910043_1910043017_2024-10-08_SE1,< 0.003,< 0.003,< 0.003,< 0.004,< 0.004,< 0.003
CA1910043_1910043804_2024-10-08_SE1,< 0.003,< 0.003,< 0.003,< 0.004,< 0.004,< 0.003
CA1910044_1910044804_2024-06-12_SE1,< 0.003,< 0.003,< 0.003,< 0.004,< 0.004,< 0.003
CA1910044_1910044805_2024-06-12_SE1,< 0.003,< 0.003,< 0.003,< 0.004,< 0.004,< 0.003
CA1910044_1910044811_2024-06-12_SE1,< 0.003,< 0.003,< 0.003,< 0.004,< 0.004,< 0.003
CA1910046_EP1_2024-02-12_SE1,< 0.003,< 0.003,< 0.003,< 0.004,< 0.004,< 0.003
CA1910047_1910047801_2023-06-14_SE1,< 0.003,< 0.003,< 0.003,< 0.004,< 0.004,< 0.003
CA1910047_1910047804_2023-06-14_SE1,< 0.003,< 0.003,< 0.003,< 0.004,< 0.004,< 0.003
CA1910049_1910049004_2023-01-10_SE1,< 0.003,< 0.003,0.0048,0.005,0.021,< 0.003
CA1910049_1910049005_2023-01-10_SE1,< 0.003,< 0.003,< 0.003,< 0.004,< 0.004,< 0.003
CA1910049_1910049006_2024-04-25_SE1,< 0.003,< 0.003,< 0.003,< 0.004,< 0.004,< 0.003
CA1910049_1910049007_2024-04-15_SE1,< 0.003,< 0.003,< 0.003,< 0.004,< 0.004,< 0.003
CA1910049_1910049010_2023-01-10_SE1,< 0.003,< 0.003,< 0.003,< 0.004,< 0.004,< 0.003
CA1910049_1910049011_2023-01-10_SE1,< 0.003,< 0.003,< 0.003,< 0.004,< 0.004,< 0.003
CA1910050_EP1_2024-02-21_SE1,0.0057,0.0101,< 0.003,< 0.004,< 0.004,0.0174
CA1910050_EP2_2024-02-21_SE1,< 0.003,< 0.003,< 0.003,< 0.004,< 0.004,< 0.003
CA1910050_EP3_2024-02-21_SE1,< 0.003,< 0.003,< 0.003,< 0.004,< 0.004,< 0.003
CA1910051_1910051016_2024-02-26_SE1,< 0.003,< 0.003,< 0.003,< 0.004,< 0.004,< 0.003
CA1910051_1910051801_2024-02-26_SE1,< 0.003,< 0.003,< 0.003,0.0044,< 0.004,< 0.003
CA1910052_1910052003_2025-05-12_SE1,< 0.003,< 0.003,< 0.003,< 0.004,< 0.004,< 0.003
CA1910052_1910052006_2023-06-12_SE1,< 0.003,< 0.003,< 0.003,< 0.004,< 0.004,< 0.003
CA1910052_1910052024_2023-06-12_SE1,< 0.003,< 0.003,< 0.003,< 0.004,< 0.004,< 0.003
CA1910052_1910052802_2023-06-12_SE1,< 0.003,< 0.003,< 0.003,< 0.004,< 0.004,< 0.003
CA1910052_1910052803_2023-06-12_SE1,< 0.003,< 0.003,< 0.003,< 0.004,< 0.004,< 0.003
CA1910054_EP001_2023-02-14_SE1,< 0.003,< 0.003,< 0.003,< 0.004,< 0.004,< 0.003
CA1910059_1910059800_2024-12-19_SE1,< 0.003,< 0.003,< 0.003,< 0.004,< 0.004,< 0.003
CA1910059_1910059801_2024-12-19_SE1,< 0.003,< 0.003,< 0.003,< 0.004,< 0.004,< 0.003
CA1910059_1910059812_2024-12-19_SE1,0.003,< 0.003,< 0.003,0.0045,0.0087,< 0.003
CA1910060_EP019_2023-01-27_SE1,< 0.003,< 0.003,< 0.003,< 0.004,< 0.004,< 0.003
CA1910061_EP1_2024-03-13_SE1,< 0.003,< 0.003,< 0.003,< 0.004,< 0.004,< 0.003
CA1910062_1910062_2024-11-12_SE1,< 0.003,< 0.003,< 0.003,< 0.004,< 0.004,< 0.003
CA1910062_1910062002_2024-11-12_SE1,< 0.003,< 0.003,< 0.003,< 0.004,< 0.004,< 0.003
CA1910062_1910062003_2024-11-12_SE1,< 0.003,< 0.003,< 0.003,< 0.004,< 0.004,< 0.003
CA1910062_EP004_2024-11-12_SE1,< 0.003,< 0.003,< 0.003,< 0.004,< 0.004,< 0.003
CA1910063_1910063817_2026-03-31_SE1,< 0.003,< 0.003,< 0.003,< 0.004,< 0.004,< 0.003
CA1910063_1910063820_2026-03-31_SE1,< 0.003,< 0.003,< 0.003,< 0.004,< 0.004,< 0.003
CA1910064_EP16_2025-03-04_SE1,< 0.003,< 0.003,< 0.003,< 0.004,< 0.004,< 0.003
CA1910064_EP17_2025-03-04_SE1,< 0.003,< 0.003,< 0.003,< 0.004,< 0.004,< 0.003
CA1910064_EP18_2025-03-04_SE1,< 0.003,< 0.003,< 0.003,< 0.004,< 0.004,< 0.003
CA1910064_EP20_2025-03-24_SE1,< 0.003,< 0.003,< 0.003,< 0.004,< 0.004,< 0.003
CA1910064_EP22_2025-03-04_SE1,< 0.003,< 0.003,< 0.003,< 0.004,< 0.004,< 0.003
CA1910065_1910065811_2023-04-20_SE1,< 0.003,< 0.003,< 0.003,< 0.004,< 0.004,< 0.003
CA1910065_SSP1910065325_2023-04-20_SE1,< 0.003,< 0.003,< 0.003,< 0.004,< 0.004,< 0.003
CA1910067_BYPIN_2023-12-26_SE1,< 0.003,< 0.003,< 0.003,< 0.004,< 0.004,< 0.003
CA1910067_EGLRK42A_2023-12-26_SE1,< 0.003,< 0.003,< 0.003,< 0.004,< 0.004,< 0.003
CA1910067_PVACM_2024-01-25_SE1,< 0.003,< 0.003,< 0.003,< 0.004,< 0.004,< 0.003
CA1910067_RSCBCL_2023-12-27_SE1,< 0.003,< 0.003,< 0.003,< 0.004,< 0.004,< 0.003
CA1910070_023_2023-09-11_SE1,< 0.003,< 0.003,< 0.003,< 0.004,< 0.004,< 0.003
CA1910070_036_2023-09-12_SE1,< 0.003,< 0.003,< 0.003,< 0.004,< 0.004,< 0.003
CA1910070_051_2023-09-12_SE1,< 0.003,< 0.003,< 0.003,< 0.004,< 0.004,< 0.003
CA1910070_067_2023-09-11_SE1,< 0.003,< 0.003,< 0.003,< 0.004,< 0.004,< 0.003
CA1910070_101_2023-09-11_SE1,< 0.003,< 0.003,< 0.003,< 0.004,< 0.004,< 0.003
CA1910070_102_2023-09-11_SE1,< 0.003,< 0.003,< 0.003,< 0.004,< 0.004,< 0.003
CA1910070_105_2023-09-12_SE1,< 0.003,< 0.003,< 0.003,< 0.004,< 0.004,< 0.003
CA1910070_117_2023-09-11_SE1,< 0.003,< 0.003,< 0.003,< 0.004,< 0.004,< 0.003
CA1910070_124_2023-09-12_SE1,< 0.003,< 0.003,< 0.003,< 0.004,< 0.004,< 0.003
CA1910070_T041601_2023-09-12_SE1,< 0.003,< 0.003,< 0.003,< 0.004,< 0.004,< 0.003
CA1910072_1910072850_2023-01-24_SE1,< 0.003,< 0.003,< 0.003,< 0.004,< 0.004,< 0.003
CA1910072_1910072854_2023-05-23_SE1,< 0.003,< 0.003,< 0.003,< 0.004,< 0.004,< 0.003
CA1910073_1910073006_2025-07-01_SE1,< 0.003,< 0.003,0.0041,< 0.004,0.0043,< 0.003
CA1910077_1910077801_2024-03-04_SE1,< 0.003,< 0.003,< 0.003,< 0.004,< 0.004,< 0.003
CA1910077_1910077816_2024-03-04_SE1,< 0.003,< 0.003,< 0.003,< 0.004,< 0.004,< 0.003
CA1910077_1910077820_2024-03-04_SE1,< 0.003,< 0.003,< 0.003,< 0.004,< 0.004,< 0.003
CA1910079_1910079018_2024-09-12_SE1,< 0.003,< 0.003,< 0.003,< 0.004,< 0.004,< 0.003
CA1910079_1910079801_2024-09-12_SE1,< 0.003,< 0.003,0.0038,0.0042,0.013,< 0.003
CA1910079_1910079802_2024-09-12_SE1,< 0.003,< 0.003,< 0.003,< 0.004,< 0.004,< 0.003
CA1910079_1910079805_2024-09-12_SE1,< 0.003,< 0.003,< 0.003,< 0.004,0.0085,< 0.003
CA1910079_1910079806_2024-09-12_SE1,< 0.003,< 0.003,0.0046,0.0052,0.018,< 0.003
CA1910079_1910079807_2024-09-12_SE1,< 0.003,< 0.003,0.0049,0.0061,0.021,0.0033
CA1910083_1910083005_2024-08-29_SE1,< 0.003,< 0.003,< 0.003,< 0.004,< 0.004,< 0.003
CA1910083_1910083801_2024-08-29_SE1,< 0.003,< 0.003,< 0.003,< 0.004,< 0.004,< 0.003
CA1910084_EP001_2024-02-14_SE1,< 0.003,< 0.003,< 0.003,< 0.004,0.0113,< 0.003
CA1910084_EP003_2024-02-14_SE1,< 0.003,< 0.003,< 0.003,< 0.004,0.0049,< 0.003
CA1910085_EP001_2023-03-21_SE1,< 0.003,< 0.003,< 0.003,< 0.004,< 0.004,< 0.003
CA1910085_EP002_2025-08-12_SE1,< 0.003,< 0.003,< 0.003,< 0.004,0.0043,< 0.003
CA1910086_EP01_2025-02-24_SE1,< 0.003,< 0.003,0.0060,0.0068,0.0231,< 0.003
CA1910086_EP03_2024-02-12_SE1,< 0.003,< 0.003,< 0.003,< 0.004,0.0108,< 0.003
CA1910086_EP04_2024-02-12_SE1,< 0.003,< 0.003,< 0.003,< 0.004,< 0.004,< 0.003
CA1910090_1910090801_2024-10-09_SE1,< 0.003,0.0087,< 0.003,< 0.004,0.0041,0.0058
CA1910091_1910091801_2023-08-29_SE1,0.0039,< 0.003,0.0071,< 0.004,0.043,< 0.003
CA1910091_1910091803_2023-08-29_SE1,0.011,0.005,0.0086,0.016,0.047,0.0057
CA1910091_1910091808_2024-04-19_SE1,0.01,0.008,0.0056,0.013,0.04,0.0083
CA1910092_1910092812_2024-09-16_SE1,< 0.003,< 0.003,< 0.003,< 0.004,< 0.004,< 0.003
CA1910096_1910096008_2023-06-22_SE1,< 0.003,< 0.003,< 0.003,< 0.004,< 0.004,< 0.003
CA1910096_1910096NDF01_2023-06-22_SE1,< 0.003,< 0.003,0.0078,< 0.004,< 0.004,< 0.003
CA1910097_3003_2025-03-03_SE1,< 0.003,< 0.003,< 0.003,< 0.004,< 0.004,< 0.003
CA1910097_3004_2025-03-03_SE1,< 0.003,< 0.003,< 0.003,< 0.004,< 0.004,< 0.003
CA1910097_4001_2025-03-03_SE1,< 0.003,0.0063,< 0.003,< 0.004,< 0.004,0.0032
CA1910097_4002_2025-03-03_SE1,0.0225,0.0530,0.0035,0.0055,< 0.004,0.0182
CA1910097_8011_2025-03-03_SE1,< 0.003,< 0.003,< 0.003,< 0.004,< 0.004,< 0.003
CA1910098_191009821_2023-07-24_SE1,< 0.003,< 0.003,< 0.003,< 0.004,< 0.004,< 0.003
CA1910098_1910098805_2024-07-30_SE1,< 0.003,< 0.003,< 0.003,< 0.004,< 0.004,< 0.003
CA1910098_1910098807_2024-07-31_SE1,< 0.003,< 0.003,< 0.003,< 0.004,< 0.004,< 0.003
CA1910098_1910098817_2023-07-25_SE1,< 0.003,< 0.003,< 0.003,< 0.004,< 0.004,< 0.003
CA1910098_1910098819_2023-07-19_SE1,< 0.003,< 0.003,< 0.003,< 0.004,< 0.004,< 0.003
CA1910098_1910098820_2023-10-31_SE1,< 0.003,0.013,< 0.003,< 0.004,< 0.004,0.015
CA1910101_EP01_2024-10-30_SE1,0.0065,0.0066,0.0037,0.0086,0.023,0.0085
CA1910102_1910102802_2024-06-03_SE1,< 0.003,< 0.003,< 0.003,< 0.004,< 0.004,< 0.003
CA1910102_1910102813_2024-06-03_SE1,0.0045,0.0063,< 0.003,< 0.004,< 0.004,0.0046
CA1910102_1910102815_2024-06-03_SE1,< 0.003,< 0.003,< 0.003,< 0.004,< 0.004,< 0.003
CA1910102_1910102822_2024-06-03_SE1,< 0.003,< 0.003,< 0.003,< 0.004,< 0.004,< 0.003
CA1910102_1910102826_2024-06-03_SE1,< 0.003,< 0.003,< 0.003,< 0.004,< 0.004,< 0.003
CA1910103_EP2_2023-02-07_SE1,< 0.003,< 0.003,< 0.003,< 0.004,< 0.004,< 0.003
CA1910104_1910104001_2023-07-25_SE1,< 0.003,< 0.003,< 0.003,< 0.004,< 0.004,< 0.003
CA1910105_1910105020_2025-02-03_SE1,< 0.003,< 0.003,< 0.003,< 0.004,< 0.004,< 0.003
CA1910105_1910105024W15D_2025-02-03_SE1,< 0.003,< 0.003,< 0.003,< 0.004,< 0.004,< 0.003
CA1910108_1910108005_2024-07-19_SE1,0.0059,0.0094,0.0039,0.014,0.023,0.0089
CA1910108_1910108806_2024-02-26_SE1,< 0.003,< 0.003,< 0.003,< 0.004,< 0.004,< 0.003
CA1910117_EP001_2023-01-11_SE1,< 0.003,< 0.003,< 0.003,< 0.004,< 0.004,< 0.003
CA1910117_EP002_2023-01-11_SE1,< 0.003,< 0.003,< 0.003,< 0.004,< 0.004,< 0.003
CA1910124_1910124801_2023-07-24_SE1,< 0.003,< 0.003,< 0.003,< 0.004,< 0.004,< 0.003
CA1910124_1910124804_2023-07-24_SE1,< 0.003,< 0.003,< 0.003,< 0.004,< 0.004,< 0.003
CA1910124_1910124817_2023-07-24_SE1,< 0.003,< 0.003,< 0.003,< 0.004,< 0.004,< 0.003
CA1910124_1910124820_2023-07-24_SE1,< 0.003,< 0.003,< 0.003,< 0.004,< 0.004,< 0.003
CA1910125_1910125006_2023-09-18_SE1,0.0073,0.0057,0.0057,0.014,0.028,0.0067
CA1910125_1910125009_2023-09-18_SE1,0.0062,0.01,< 0.003,0.013,0.019,0.013
CA1910125_1910125011_2023-09-18_SE1,0.0053,0.0046,0.0045,0.013,0.018,0.0056
CA1910125_1910125019_2023-09-18_SE1,0.0066,0.017,< 0.003,0.013,0.015,0.021
CA1910126_1910126033_2023-08-23_SE1,< 0.003,< 0.003,< 0.003,< 0.004,< 0.004,< 0.003
CA1910126_1910126038_2023-08-23_SE1,< 0.003,< 0.003,< 0.003,< 0.004,< 0.004,< 0.003
CA1910126_1910126061_2023-08-23_SE1,< 0.003,< 0.003,< 0.003,< 0.004,< 0.004,< 0.003
CA1910126_1910126063_2023-08-23_SE1,< 0.003,< 0.003,< 0.003,< 0.004,< 0.004,< 0.003
CA1910126_1910126071_2023-08-23_SE1,< 0.003,< 0.003,< 0.003,< 0.004,< 0.004,< 0.003
CA1910126_1910126074_2023-08-23_SE1,0.003,0.0033,0.0077,0.0058,0.011,0.0032
CA1910126_1910126075_2023-08-23_SE1,< 0.003,< 0.003,< 0.003,< 0.004,< 0.004,< 0.003
CA1910126_1910126707_2023-08-23_SE1,< 0.003,< 0.003,< 0.003,< 0.004,< 0.004,< 0.003
CA1910126_1910126710_2023-08-23_SE1,< 0.003,< 0.003,< 0.003,< 0.004,< 0.004,< 0.003
CA1910126_1910126801_2023-08-23_SE1,< 0.003,< 0.003,< 0.003,< 0.004,< 0.004,< 0.003
CA1910127_1910127004_2025-03-19_SE1,< 0.003,< 0.003,< 0.003,< 0.004,< 0.004,< 0.003
CA1910127_1910127005_2025-03-19_SE1,< 0.003,< 0.003,< 0.003,< 0.004,< 0.004,< 0.003
CA1910127_1910127006_2025-03-19_SE1,< 0.003,< 0.003,< 0.003,< 0.004,< 0.004,< 0.003
CA1910130_1910130007_2025-03-04_SE1,< 0.003,< 0.003,< 0.003,< 0.004,< 0.004,< 0.003
CA1910130_1910130801_2025-03-04_SE1,< 0.003,< 0.003,< 0.003,< 0.004,< 0.004,< 0.003
CA1910130_1910130802_2025-03-04_SE1,< 0.003,< 0.003,< 0.003,< 0.004,< 0.004,< 0.003
CA1910130_1910130803_2025-03-04_SE1,< 0.003,< 0.003,< 0.003,< 0.004,< 0.004,< 0.003
CA1910134_1910134803_2025-07-22_SE1,< 0.003,< 0.003,< 0.003,< 0.004,< 0.004,< 0.003
CA1910134_1910134804_2025-01-09_SE1,< 0.003,< 0.003,< 0.003,< 0.004,< 0.004,< 0.003
CA1910134_1910134807_2025-01-09_SE1,< 0.003,< 0.003,< 0.003,< 0.004,< 0.004,< 0.003
CA1910139_1910139017_2023-05-16_SE1,< 0.003,< 0.003,< 0.003,< 0.004,< 0.004,< 0.003
CA1910139_1910139020_2023-05-22_SE1,< 0.003,< 0.003,< 0.003,< 0.004,< 0.004,< 0.003
CA1910139_1910139026_2023-05-16_SE1,< 0.003,< 0.003,< 0.003,< 0.004,< 0.004,< 0.003
CA1910139_1910139030_2023-05-22_SE1,< 0.003,< 0.003,< 0.003,< 0.004,< 0.004,< 0.003
CA1910139_1910139032_2023-05-22_SE1,< 0.003,< 0.003,< 0.003,< 0.004,< 0.004,< 0.003
CA1910139_1910139055_2023-05-30_SE1,< 0.003,< 0.003,< 0.003,< 0.004,< 0.004,< 0.003
CA1910139_1910139811_2023-05-16_SE1,< 0.003,< 0.003,< 0.003,< 0.004,< 0.004,< 0.003
CA1910140_EP001_2023-02-06_SE1,< 0.003,< 0.003,< 0.003,< 0.004,< 0.004,< 0.003
CA1910140_EP003_2023-02-06_SE1,< 0.003,< 0.003,< 0.003,< 0.004,< 0.004,< 0.003
CA1910140_EP004_2023-02-06_SE1,0.0031,< 0.003,0.0084,0.0063,0.011,< 0.003
CA1910140_EP007_2023-02-06_SE1,< 0.003,< 0.003,0.0053,< 0.004,0.015,< 0.003
CA1910140_EP011_2023-02-06_SE1,< 0.003,< 0.003,< 0.003,< 0.004,< 0.004,< 0.003
CA1910142_1910142022_2024-11-18_SE1,< 0.003,< 0.003,< 0.003,< 0.004,< 0.004,< 0.003
CA1910142_1910142814_2024-11-18_SE1,< 0.003,< 0.003,< 0.003,< 0.004,< 0.004,< 0.003
CA1910142_1910142816_2024-11-18_SE1,< 0.003,< 0.003,< 0.003,< 0.004,< 0.004,< 0.003
CA1910142_1910142817_2024-11-18_SE1,< 0.003,< 0.003,< 0.003,< 0.004,< 0.004,< 0.003
CA1910142_1910142818_2024-11-18_SE1,< 0.003,< 0.003,< 0.003,< 0.004,< 0.004,< 0.003
CA1910142_1910142819_2024-11-18_SE1,< 0.003,< 0.003,< 0.003,< 0.004,0.0045,< 0.003
CA1910143_1910143803_2024-08-14_SE1,< 0.003,< 0.003,< 0.003,< 0.004,< 0.004,< 0.003
CA1910143_1910143804_2024-08-14_SE1,< 0.003,< 0.003,< 0.003,< 0.004,< 0.004,< 0.003
CA1910143_1910143808_2024-08-14_SE1,< 0.003,< 0.003,< 0.003,< 0.004,< 0.004,< 0.003
CA1910143_1910143809_2024-08-14_SE1,< 0.003,< 0.003,< 0.003,< 0.004,< 0.004,< 0.003
CA1910146_1910146802_2023-11-21_SE1,< 0.003,< 0.003,< 0.003,< 0.004,< 0.004,< 0.003
CA1910146_1910146803_2023-02-06_SE1,< 0.003,< 0.003,< 0.003,< 0.004,< 0.004,< 0.003
CA1910146_1910146810_2023-02-06_SE1,< 0.003,< 0.003,< 0.003,< 0.004,< 0.004,< 0.003
CA1910147_EP010_2025-06-24_SE1,< 0.003,< 0.003,< 0.003,< 0.004,< 0.004,< 0.003
CA1910148_1910148807_2024-07-11_SE1,< 0.003,< 0.003,< 0.003,< 0.004,< 0.004,< 0.003
CA1910148_1910148809_2024-07-11_SE1,< 0.003,< 0.003,< 0.003,< 0.004,< 0.004,< 0.003
CA1910149_1910149007_2023-10-12_SE1,< 0.003,< 0.003,< 0.003,< 0.004,< 0.004,< 0.003
CA1910149_1910149020_2023-10-12_SE1,< 0.003,< 0.003,< 0.003,< 0.004,< 0.004,< 0.003
CA1910149_99000_2023-10-12_SE1,< 0.003,< 0.003,< 0.003,< 0.004,< 0.004,< 0.003
CA1910152_1910152801_2023-03-08_SE1,< 0.003,0.0034,0.0052,0.0068,0.022,0.0032
CA1910152_1910152805_2023-03-08_SE1,< 0.003,< 0.003,< 0.003,< 0.004,< 0.004,< 0.003
CA1910152_1910152806_2023-03-08_SE1,0.0039,0.0061,0.006,0.0081,0.022,0.0056
CA1910152_1910152807_2023-05-10_SE1,< 0.003,< 0.003,< 0.003,< 0.004,< 0.004,< 0.003
CA1910152_1910152808_2023-03-08_SE1,< 0.003,< 0.003,< 0.003,< 0.004,< 0.004,< 0.003
CA1910153_EP001_2024-06-17_SE1,< 0.003,< 0.003,< 0.003,< 0.004,0.0087,< 0.003
CA1910153_EP002_2024-05-31_SE1,0.0049,0.0055,< 0.003,0.0072,0.0158,0.0054
CA1910154_1910154806_2024-01-09_SE1,< 0.003,< 0.003,< 0.003,< 0.004,< 0.004,< 0.003
CA1910154_1910154807_2024-01-09_SE1,< 0.003,< 0.003,< 0.003,< 0.004,< 0.004,< 0.003
CA1910155_1910155803_2024-06-18_SE1,< 0.003,< 0.003,< 0.003,< 0.004,< 0.004,< 0.003
CA1910155_1910155805_2024-06-18_SE1,< 0.003,< 0.003,< 0.003,< 0.004,< 0.004,< 0.003
CA1910155_1910155806_2024-06-18_SE1,< 0.003,< 0.003,< 0.003,< 0.004,< 0.004,< 0.003
CA1910155_1910155807_2024-06-18_SE1,< 0.003,< 0.003,< 0.003,< 0.004,< 0.004,< 0.003
CA1910155_1910155815_2024-06-18_SE1,< 0.003,< 0.003,< 0.003,< 0.004,< 0.004,< 0.003
CA1910155_1910155818_2024-06-18_SE1,< 0.003,< 0.003,< 0.003,< 0.004,< 0.004,< 0.003
CA1910155_191055823_2024-06-18_SE1,< 0.003,< 0.003,< 0.003,< 0.004,< 0.004,< 0.003
CA1910155_WB2A_2024-06-18_SE1,< 0.003,< 0.003,< 0.003,< 0.004,< 0.004,< 0.003
CA1910156_1910156010_2023-02-07_SE1,< 0.003,< 0.003,< 0.003,< 0.004,< 0.004,< 0.003
CA1910156_1910156017017_2023-02-07_SE1,< 0.003,< 0.003,< 0.003,< 0.004,< 0.004,< 0.003
CA1910157_1910157804_2024-06-13_SE1,< 0.003,< 0.003,< 0.003,< 0.004,< 0.004,< 0.003
CA1910157_1910157805_2024-06-13_SE1,< 0.003,< 0.003,< 0.003,< 0.004,< 0.004,< 0.003
CA1910159_1910159801_2024-03-27_SE1,< 0.003,< 0.003,0.0045,0.0065,0.022,< 0.003
CA1910159_1910159802_2024-03-27_SE1,< 0.003,< 0.003,0.0046,0.0058,0.021,< 0.003
CA1910160_EP003_2023-03-29_SE1,< 0.003,< 0.003,0.0053,0.0075,0.0329,< 0.003
CA1910160_EP004_2023-05-03_SE1,< 0.003,< 0.003,< 0.003,< 0.004,< 0.004,< 0.003
CA1910161_1910161015_2024-02-12_SE1,< 0.003,< 0.003,< 0.003,< 0.004,< 0.004,< 0.003
CA1910161_1910161801_2024-02-12_SE1,< 0.003,< 0.003,< 0.003,< 0.004,< 0.004,< 0.003
CA1910161_1910161802_2024-02-12_SE1,< 0.003,< 0.003,0.0048,0.0050,0.017,< 0.003
CA1910163_EP1_2024-04-23_SE1,0.0037,< 0.003,< 0.003,0.0041,< 0.004,< 0.003
CA1910163_EP2_2024-03-05_SE1,< 0.003,< 0.003,< 0.003,< 0.004,< 0.004,< 0.003
CA1910165_1910165800_2025-05-06_SE1,< 0.003,< 0.003,< 0.003,< 0.004,< 0.004,< 0.003
CA1910166_EP006_2023-08-02_SE1,< 0.003,< 0.003,< 0.003,< 0.004,< 0.004,< 0.003
CA1910167_1910161801_2023-03-27_SE1,< 0.003,< 0.003,< 0.003,< 0.004,< 0.004,< 0.003
CA1910167_1910167800_2023-03-27_SE1,< 0.003,< 0.003,< 0.003,< 0.004,< 0.004,< 0.003
CA1910167_1910167802_2023-03-27_SE1,< 0.003,< 0.003,< 0.003,< 0.004,< 0.004,< 0.003
CA1910167_1910167804_2023-03-27_SE1,< 0.003,< 0.003,< 0.003,< 0.004,< 0.004,< 0.003
CA1910167_1910167805_2023-03-27_SE1,< 0.003,< 0.003,< 0.003,< 0.004,< 0.004,< 0.003
CA1910167_1910167806_2023-09-27_SE1,< 0.003,< 0.003,< 0.003,< 0.004,< 0.004,< 0.003
CA1910167_1910167809_2023-03-27_SE1,< 0.003,< 0.003,< 0.003,< 0.004,< 0.004,< 0.003
CA1910167_1910167810_2023-03-27_SE1,< 0.003,< 0.003,< 0.003,< 0.004,< 0.004,< 0.003
CA1910169_1910169801_2023-09-18_SE1,< 0.003,< 0.003,< 0.003,< 0.004,< 0.004,< 0.003
CA1910173_1910173930_2025-02-10_SE1,< 0.003,< 0.003,< 0.003,< 0.004,< 0.004,< 0.003
CA1910174_1910174823_2023-11-08_SE1,0.0037,0.003,< 0.003,0.0062,0.012,0.0039
CA1910179_1910179813_2024-05-07_SE1,< 0.003,0.0036,< 0.003,< 0.004,< 0.004,0.0091
CA1910185_EP3_2023-02-15_SE1,< 0.003,< 0.003,< 0.003,< 0.004,< 0.004,< 0.003
CA1910186_1910186019_2023-10-12_SE1,< 0.003,< 0.003,< 0.003,< 0.004,< 0.004,< 0.003
CA1910186_1910186022_2023-10-12_SE1,< 0.003,< 0.003,< 0.003,< 0.004,< 0.004,< 0.003
CA1910186_1910186023_2024-09-17_SE1,< 0.003,< 0.003,< 0.003,< 0.004,< 0.004,< 0.003
CA1910186_1910186801_2023-10-12_SE1,< 0.003,< 0.003,< 0.003,< 0.004,< 0.004,< 0.003
CA1910186_1910186803_2023-10-12_SE1,< 0.003,< 0.003,< 0.003,< 0.004,< 0.004,< 0.003
CA1910186_1910186804_2023-10-12_SE1,< 0.003,< 0.003,< 0.003,< 0.004,< 0.004,< 0.003
CA1910186_1910186807_2023-10-12_SE1,< 0.003,< 0.003,< 0.003,< 0.004,< 0.004,< 0.003
CA1910186_1910186808_2023-10-12_SE1,< 0.003,< 0.003,< 0.003,< 0.004,0.0051,< 0.003
CA1910189_EP1_2024-01-08_SE1,< 0.003,< 0.003,< 0.003,< 0.004,< 0.004,< 0.003
CA1910191_14332_2024-02-27_SE1,< 0.003,< 0.003,< 0.003,< 0.004,< 0.004,< 0.003
CA1910191_1910186801_2024-02-27_SE1,< 0.003,< 0.003,0.0076,0.0047,0.02,< 0.003
CA1910191_1910191802_2024-02-27_SE1,< 0.003,< 0.003,0.0071,0.0052,0.024,< 0.003
CA1910191_1910191803_2024-02-27_SE1,< 0.003,< 0.003,< 0.003,< 0.004,< 0.004,< 0.003
CA1910191_1910191804_2024-02-27_SE1,< 0.003,< 0.003,< 0.003,< 0.004,< 0.004,< 0.003
CA1910191_1910191805_2024-02-27_SE1,< 0.003,< 0.003,< 0.003,< 0.004,< 0.004,< 0.003
CA1910194_1910194001_2023-02-15_SE1,< 0.003,< 0.003,< 0.003,< 0.004,< 0.004,< 0.003
CA1910194_1910194002_2023-02-15_SE1,< 0.003,< 0.003,< 0.003,< 0.004,< 0.004,< 0.003
CA1910194_1910194003_2023-02-15_SE1,< 0.003,< 0.003,< 0.003,< 0.004,< 0.004,< 0.003
CA1910194_1910194004_2023-02-15_SE1,< 0.003,< 0.003,< 0.003,< 0.004,< 0.004,< 0.003
CA1910195_EP001_2024-03-04_SE1,< 0.003,< 0.003,< 0.003,< 0.004,< 0.004,< 0.003
CA1910195_EP002_2025-01-28_SE1,< 0.003,< 0.003,< 0.003,< 0.004,< 0.004,< 0.003
CA1910205_1910205107_2024-07-18_SE1,< 0.003,< 0.003,< 0.003,< 0.004,< 0.004,< 0.003
CA1910205_1910205547_2024-07-18_SE1,< 0.003,< 0.003,< 0.003,< 0.004,< 0.004,< 0.003
CA1910205_1910205808_2024-07-18_SE1,< 0.003,< 0.003,< 0.003,< 0.004,< 0.004,< 0.003
CA1910205_1910205809_2024-07-18_SE1,< 0.003,< 0.003,< 0.003,< 0.004,< 0.004,< 0.003
CA1910205_1910205810_2024-07-18_SE1,< 0.003,< 0.003,< 0.003,< 0.004,< 0.004,< 0.003
CA1910205_1910205812_2024-07-18_SE1,0.0036,0.0033,< 0.003,< 0.004,< 0.004,0.0035
CA1910205_1910205815_2024-07-23_SE1,< 0.003,< 0.003,< 0.003,< 0.004,< 0.004,< 0.003
CA1910211_190211035_2023-08-03_SE1,< 0.003,< 0.003,< 0.003,< 0.004,< 0.004,< 0.003
CA1910211_1910211034_2023-08-03_SE1,< 0.003,< 0.003,< 0.003,< 0.004,< 0.004,< 0.003
CA1910211_1910211036_2023-08-03_SE1,< 0.003,< 0.003,< 0.003,< 0.004,< 0.004,< 0.003
CA1910211_1910211803_2023-08-03_SE1,0.0046,0.0043,0.010,0.015,0.048,0.0046
CA1910211_1910211804_2023-08-03_SE1,0.0074,0.0094,0.0074,0.015,0.040,0.011
CA1910211_1910211805_2023-08-03_SE1,< 0.003,< 0.003,0.0060,< 0.004,0.024,< 0.003
CA1910211_1910211807_2023-08-03_SE1,0.0047,0.0033,0.0088,0.013,0.051,0.0037
CA1910212_1910212810_2023-09-19_SE1,< 0.003,< 0.003,< 0.003,< 0.004,< 0.004,< 0.003
CA1910212_1910212814_2023-12-20_SE1,< 0.003,< 0.003,0.0063,0.0055,0.022,< 0.003
CA1910212_1910212815_2023-12-20_SE1,< 0.003,< 0.003,0.0067,0.0045,0.02,< 0.003
CA1910212_1910212816_2023-09-19_SE1,< 0.003,< 0.003,< 0.003,< 0.004,< 0.004,< 0.003
CA1910212_1910212817_2023-12-20_SE1,< 0.003,< 0.003,0.0033,< 0.004,0.0072,< 0.003
CA1910213_1910213007_2023-01-27_SE1,< 0.003,< 0.003,< 0.003,< 0.004,< 0.004,< 0.003
CA1910213_1910213803_2023-03-24_SE1,< 0.003,< 0.003,< 0.003,< 0.004,< 0.004,< 0.003
CA1910213_1910213900_2023-01-27_SE1,< 0.003,< 0.003,< 0.003,< 0.004,< 0.004,< 0.003
CA1910218_EP1_2025-02-05_SE1,0.0076,0.0078,0.0045,0.011,0.023,0.0099
CA1910218_EP2_2025-02-05_SE1,< 0.003,< 0.003,< 0.003,< 0.004,< 0.004,< 0.003
CA1910223_1910223814_2023-10-10_SE1,< 0.003,< 0.003,< 0.003,< 0.004,< 0.004,< 0.003
CA1910223_1910223827_2023-10-10_SE1,< 0.003,< 0.003,< 0.003,< 0.004,< 0.004,< 0.003
CA1910223_1910223995_2023-10-10_SE1,< 0.003,< 0.003,< 0.003,< 0.004,< 0.004,< 0.003
CA1910225_1910225001_2024-02-22_SE1,< 0.003,< 0.003,< 0.003,< 0.004,< 0.004,< 0.003
CA1910225_1910225802_2024-02-22_SE1,< 0.003,< 0.003,< 0.003,< 0.004,< 0.004,< 0.003
CA1910225_1910225BOX_2024-02-22_SE1,< 0.003,< 0.003,< 0.003,< 0.004,< 0.004,< 0.003
CA1910225_1910225LV2_2024-02-22_SE1,< 0.003,< 0.003,< 0.003,< 0.004,< 0.004,< 0.003
CA1910234_1910041995_2024-03-11_SE1,< 0.003,< 0.003,< 0.003,< 0.004,< 0.004,< 0.003
CA1910234_1910234001_2024-03-11_SE1,< 0.003,< 0.003,< 0.003,< 0.004,< 0.004,< 0.003
CA1910239_1910239809_2025-11-25_SE1,< 0.003,< 0.003,< 0.003,< 0.004,0.0078,< 0.003
CA1910239_1910239811_2025-11-25_SE1,< 0.003,< 0.003,< 0.003,< 0.004,< 0.004,< 0.003
CA1910239_1910239822_2025-11-25_SE1,< 0.003,< 0.003,0.0031,< 0.004,0.0167,< 0.003
CA1910240_1910240022_2023-06-07_SE1,< 0.003,< 0.003,< 0.003,< 0.004,< 0.004,< 0.003
CA1910240_1910240803_2023-06-07_SE1,0.0044,0.0055,0.0060,0.0110,0.0064,0.0055
CA1910240_1910240804_2023-06-21_SE1,< 0.003,< 0.003,< 0.003,0.0046,< 0.004,< 0.003
CA1910240_1910240817_2023-06-21_SE1,0.0068,0.0075,< 0.003,0.0109,< 0.004,0.0068
CA1910240_1910240823_2023-06-07_SE1,< 0.003,< 0.003,< 0.003,< 0.004,< 0.004,< 0.003
CA1910240_1910240828_2023-06-07_SE1,0.0069,0.0046,0.0071,0.0106,0.0048,0.0049
CA1910240_1910240829_2023-06-21_SE1,< 0.003,0.0142,< 0.003,< 0.004,< 0.004,0.0226
CA1910240_1910240830_2023-06-07_SE1,0.0059,0.0091,0.0039,0.0063,0.0043,0.0080
CA1910245_1910245042_2023-12-15_SE1,< 0.003,< 0.003,< 0.003,< 0.004,< 0.004,< 0.003
CA1910245_1910245803_2023-12-15_SE1,0.0031,< 0.003,< 0.003,0.0042,0.007,< 0.003
CA1910247_EP1_2024-01-10_SE1,< 0.003,< 0.003,< 0.003,< 0.004,< 0.004,< 0.003
CA1910248_EP1_2023-01-11_SE1,< 0.003,< 0.003,< 0.003,< 0.004,< 0.004,< 0.003
CA1910250_EP001_2025-03-27_SE1,< 0.003,< 0.003,< 0.003,< 0.004,< 0.004,< 0.003
CA1910250_EP005_2024-03-06_SE1,< 0.003,< 0.003,< 0.003,< 0.004,< 0.004,< 0.003
CA1910255_EP1_2025-03-05_SE1,< 0.003,< 0.003,< 0.003,< 0.004,< 0.004,< 0.003
CA2010001_2010001013_2024-10-29_SE1,< 0.003,< 0.003,< 0.003,< 0.004,< 0.004,< 0.003
CA2010001_2010001016_2024-10-29_SE1,< 0.003,< 0.003,< 0.003,< 0.004,< 0.004,< 0.003
CA2010001_2010001017_2024-10-29_SE1,< 0.003,< 0.003,< 0.003,< 0.004,< 0.004,< 0.003
CA2010001_2010001018_2024-10-29_SE1,< 0.003,< 0.003,< 0.003,< 0.004,< 0.004,< 0.003
CA2010001_2010001021_2024-10-29_SE1,< 0.003,< 0.003,< 0.003,< 0.004,< 0.004,< 0.003
CA2010001_2010001023_2024-10-29_SE1,< 0.003,< 0.003,< 0.003,< 0.004,< 0.004,< 0.003
CA2010002_1910245801_2025-03-10_SE1,< 0.003,< 0.003,< 0.003,< 0.004,< 0.004,< 0.003
CA2010002_2010002001_2025-03-10_SE1,< 0.003,< 0.003,< 0.003,< 0.004,< 0.004,< 0.003
CA2010002_2010002050_2025-03-10_SE1,< 0.003,< 0.003,< 0.003,< 0.004,< 0.004,< 0.003
CA2010002_2010002802_2025-03-10_SE1,< 0.003,< 0.003,< 0.003,< 0.004,< 0.004,< 0.003
CA2010002_2010002804_2025-03-10_SE1,< 0.003,< 0.003,< 0.003,< 0.004,< 0.004,< 0.003
CA2010002_2010002809_2025-03-10_SE1,< 0.003,< 0.003,< 0.003,< 0.004,< 0.004,< 0.003
CA2010002_2010002813_2025-03-10_SE1,< 0.003,< 0.003,< 0.003,< 0.004,< 0.004,< 0.003
CA2010002_2010002816_2025-03-10_SE1,< 0.003,< 0.003,< 0.003,< 0.004,< 0.004,< 0.003
CA2010002_2010002817_2025-03-10_SE1,< 0.003,< 0.003,< 0.003,< 0.004,< 0.004,< 0.003
CA2010003_001_2025-02-26_SE1,< 0.003,< 0.003,< 0.003,< 0.004,< 0.004,< 0.003
CA2010003_002_2025-02-26_SE1,< 0.003,< 0.003,< 0.003,< 0.004,< 0.004,< 0.003
CA2010003_003_2025-02-26_SE1,< 0.003,< 0.003,< 0.003,< 0.004,< 0.004,< 0.003
CA2010003_004_2025-02-26_SE1,< 0.003,< 0.003,< 0.003,< 0.004,< 0.004,< 0.003
CA2010005_1EPOST_2025-03-04_SE1,< 0.003,< 0.003,< 0.003,< 0.004,< 0.004,< 0.003
CA2010005_31APOST_2025-03-04_SE1,0.0103,< 0.003,< 0.003,< 0.004,< 0.004,< 0.003
CA2010005_35APOST_2025-03-04_SE1,0.0131,< 0.003,< 0.003,0.0053,0.0059,< 0.003
CA2010005_39APOST_2025-03-04_SE1,< 0.003,< 0.003,< 0.003,< 0.004,< 0.004,< 0.003
CA2010005_42APOST_2025-03-04_SE1,0.0045,< 0.003,< 0.003,< 0.004,< 0.004,< 0.003
CA2010005_45APOST_2025-03-04_SE1,0.0034,< 0.003,< 0.003,< 0.004,< 0.004,< 0.003
CA2010005_46APOST_2025-03-04_SE1,< 0.003,< 0.003,< 0.003,< 0.004,< 0.004,< 0.003
CA2010005_47APOST_2025-03-04_SE1,< 0.003,< 0.003,< 0.003,< 0.004,< 0.004,< 0.003
CA2010005_SP13_2025-03-04_SE1,0.0095,0.0033,0.0138,< 0.004,0.0047,0.0032
CA2010007_2010007EP001_2023-09-13_SE1,< 0.003,< 0.003,< 0.003,< 0.004,< 0.004,< 0.003
CA2010007_2010007EP002_2023-04-19_SE1,< 0.003,< 0.003,< 0.003,< 0.004,< 0.004,< 0.003
CA2010007_2010007EP003_2023-09-13_SE1,< 0.003,< 0.003,< 0.003,< 0.004,< 0.004,< 0.003
CA2010007_2010007TK008_2023-04-19_SE1,< 0.003,< 0.003,< 0.003,< 0.004,< 0.004,< 0.003
CA2010009_EP005_2025-04-08_SE1,< 0.003,< 0.003,< 0.003,< 0.004,< 0.004,< 0.003
CA2010009_EP008_2025-06-11_SE1,< 0.003,< 0.003,< 0.003,< 0.004,< 0.004,< 0.003
CA2010009_EP011_2025-04-08_SE1,< 0.003,< 0.003,< 0.003,< 0.004,< 0.004,< 0.003
CA2010010_EP1_2023-03-14_SE1,< 0.003,< 0.003,< 0.003,< 0.004,< 0.004,< 0.003
CA2010010_EP2_2023-03-14_SE1,< 0.003,< 0.003,< 0.003,< 0.004,< 0.004,< 0.003
CA2010010_EP3_2023-03-14_SE1,< 0.003,< 0.003,< 0.003,< 0.004,< 0.004,< 0.003
CA2010010_EP4_2023-03-14_SE1,< 0.003,< 0.003,< 0.003,< 0.004,< 0.004,< 0.003
CA2010010_EP5_2023-03-14_SE1,< 0.003,< 0.003,< 0.003,< 0.004,< 0.004,< 0.003
CA2110002_2110002004_2023-08-02_SE1,< 0.003,< 0.003,< 0.003,< 0.004,< 0.004,< 0.003
CA2110002_2110002005_2023-08-07_SE1,< 0.003,< 0.003,< 0.003,< 0.004,< 0.004,< 0.003
CA2110003_2110003004_2025-03-18_SE1,< 0.003,< 0.003,< 0.003,< 0.004,< 0.004,< 0.003
CA2110003_2110003005_2024-01-31_SE1,< 0.003,< 0.003,< 0.003,< 0.004,< 0.004,< 0.003
CA2110005_EP004_2023-03-22_SE1,< 0.003,< 0.003,< 0.003,< 0.004,< 0.004,< 0.003
CA2110350_EP001_2023-08-31_SE1,< 0.003,< 0.003,< 0.003,< 0.004,< 0.004,< 0.003
CA2210002_001_2025-01-06_SE1,< 0.003,< 0.003,< 0.003,< 0.004,< 0.004,< 0.003
CA2210002_002_2025-07-29_SE1,< 0.003,< 0.003,< 0.003,< 0.004,< 0.004,< 0.003
CA2210002_003_2025-07-29_SE1,< 0.003,< 0.003,< 0.003,< 0.004,< 0.004,< 0.003
CA2210002_004_2025-07-29_SE1,< 0.003,< 0.003,< 0.003,< 0.004,< 0.004,< 0.003
CA2300847_EP001_2024-02-13_SE1,< 0.003,< 0.003,< 0.003,< 0.004,< 0.004,< 0.003
CA2310001_COMBINEDEFFLUENT_2024-01-10_SE1,< 0.003,< 0.003,< 0.003,< 0.004,< 0.004,< 0.003
CA2310003_2310003804_2023-01-17_SE1,0.0039,< 0.003,< 0.003,< 0.004,< 0.004,< 0.003
CA2310003_2310003805_2023-01-17_SE1,0.0062,0.0044,0.0073,0.0069,0.0074,0.0051
CA2310003_2310003806_2023-01-17_SE1,< 0.003,< 0.003,< 0.003,< 0.004,< 0.004,< 0.003
CA2310003_2310003807_2023-01-17_SE1,0.0041,< 0.003,< 0.003,< 0.004,< 0.004,< 0.003
CA2310003_2310003808_2023-01-17_SE1,< 0.003,< 0.003,< 0.003,< 0.004,< 0.004,< 0.003
CA2310003_2310003809_2023-01-17_SE1,< 0.003,< 0.003,< 0.003,< 0.004,< 0.004,< 0.003
CA2310004_EP001_2023-01-25_SE1,< 0.003,< 0.003,< 0.003,< 0.004,< 0.004,< 0.003
CA2310005_EP1_2023-02-15_SE1,< 0.003,< 0.003,< 0.003,< 0.004,< 0.004,< 0.003
CA2310006_EP001_2025-02-05_SE1,< 0.003,< 0.003,< 0.003,< 0.004,< 0.004,< 0.003
CA2310006_EP003_2025-03-24_SE1,< 0.003,< 0.003,< 0.003,< 0.004,< 0.004,< 0.003
CA2310006_EP2_2025-02-05_SE1,< 0.003,< 0.003,< 0.003,< 0.004,< 0.004,< 0.003
CA2310008_EP2_2023-03-22_SE1,< 0.003,< 0.003,< 0.003,< 0.004,< 0.004,< 0.003
CA2310009_EP001_2023-03-28_SE1,< 0.003,< 0.003,< 0.003,< 0.004,< 0.004,< 0.003
CA2410001_2410001802_2023-10-31_SE1,< 0.003,< 0.003,< 0.003,< 0.004,< 0.004,< 0.003
CA2410001_2410001804_2023-10-31_SE1,< 0.003,0.0032,< 0.003,< 0.004,< 0.004,0.0040
CA2410001_2410001805_2023-10-31_SE1,< 0.003,< 0.003,< 0.003,< 0.004,< 0.004,0.014
CA2410001_2410001806_2023-10-31_SE1,< 0.003,< 0.003,< 0.003,< 0.004,< 0.004,< 0.003
CA2410001_2410001807_2023-10-31_SE1,0.0031,0.0087,0.019,0.0096,0.0095,0.0074
CA2410001_2410001808_2023-10-31_SE1,< 0.003,< 0.003,< 0.003,< 0.004,< 0.004,< 0.003
CA2410001_2410001809_2023-10-31_SE1,< 0.003,< 0.003,0.0032,< 0.004,< 0.004,< 0.003
CA2410001_2410001810_2023-10-31_SE1,< 0.003,< 0.003,0.0046,< 0.004,< 0.004,< 0.003
CA2410002_WTPFINISHED_2023-11-20_SE1,< 0.003,< 0.003,< 0.003,< 0.004,< 0.004,< 0.003
CA2410003_005_2023-04-03_SE1,< 0.003,< 0.003,< 0.003,< 0.004,< 0.004,< 0.003
CA2410003_006_2023-04-04_SE1,< 0.003,< 0.003,< 0.003,< 0.004,< 0.004,< 0.003
CA2410003_007_2023-07-12_SE1,< 0.003,< 0.003,< 0.003,< 0.004,< 0.004,< 0.003
CA2410003_014_2023-04-03_SE1,< 0.003,< 0.003,< 0.003,< 0.004,< 0.004,< 0.003
CA2410004_2410004802_2023-12-12_SE1,< 0.003,< 0.003,< 0.003,< 0.004,< 0.004,< 0.003
CA2410004_2410004803_2023-12-12_SE1,< 0.003,< 0.003,< 0.003,< 0.004,< 0.004,< 0.003
CA2410004_2410004804_2023-12-12_SE1,< 0.003,< 0.003,< 0.003,< 0.004,< 0.004,< 0.003
CA2410004_2410004805_2023-12-12_SE1,< 0.003,< 0.003,< 0.003,< 0.004,< 0.004,< 0.003
CA2410004_2410004807_2023-12-12_SE1,< 0.003,< 0.003,< 0.003,< 0.004,< 0.004,< 0.003
CA2410004_2410004808_2024-02-12_SE1,< 0.003,< 0.003,< 0.003,< 0.004,< 0.004,< 0.003
CA2410004_2410004810_2023-12-12_SE1,< 0.003,< 0.003,< 0.003,< 0.004,< 0.004,< 0.003
CA2410004_2410004811_2023-12-12_SE1,< 0.003,< 0.003,< 0.003,< 0.004,< 0.004,< 0.003
CA2410005_2410005801_2024-09-16_SE1,< 0.003,< 0.003,< 0.003,< 0.004,< 0.004,< 0.003
CA2410005_2410005802_2024-09-16_SE1,< 0.003,< 0.003,< 0.003,< 0.004,< 0.004,< 0.003
CA2410005_2410005804_2024-09-16_SE1,< 0.003,< 0.003,< 0.003,< 0.004,< 0.004,< 0.003
CA2410005_2410005805_2024-09-16_SE1,< 0.003,< 0.003,< 0.003,< 0.004,< 0.004,< 0.003
CA2410005_2410005806_2024-09-16_SE1,< 0.003,< 0.003,< 0.003,< 0.004,< 0.004,< 0.003
CA2410005_2410005807_2024-09-16_SE1,< 0.003,< 0.003,< 0.003,< 0.004,< 0.004,< 0.003
CA2410005_2410005808_2024-09-16_SE1,< 0.003,< 0.003,< 0.003,< 0.004,< 0.004,< 0.003
CA2410005_2410005809_2024-09-16_SE1,< 0.003,< 0.003,< 0.003,< 0.004,< 0.004,< 0.003
CA2410005_2410005810_2024-09-16_SE1,< 0.003,< 0.003,< 0.003,< 0.004,< 0.004,< 0.003
CA2410005_2410005811_2024-09-16_SE1,< 0.003,< 0.003,< 0.003,< 0.004,< 0.004,< 0.003
CA2410005_2410005812_2024-09-16_SE1,< 0.003,< 0.003,< 0.003,< 0.004,< 0.004,< 0.003
CA2410005_2410005813_2024-09-16_SE1,< 0.003,< 0.003,< 0.003,< 0.004,< 0.004,< 0.003
CA2410005_2410005814_2024-09-16_SE1,< 0.003,< 0.003,< 0.003,< 0.004,< 0.004,< 0.003
CA2410006_EP010_2025-05-05_SE1,< 0.003,< 0.003,< 0.003,< 0.004,< 0.004,< 0.003
CA2410006_EP012_2025-05-05_SE1,< 0.003,< 0.003,0.0080,< 0.004,0.0073,< 0.003
CA2410006_EP017_2025-05-05_SE1,< 0.003,< 0.003,< 0.003,< 0.004,< 0.004,< 0.003
CA2410006_EP019_2025-05-05_SE1,< 0.003,< 0.003,< 0.003,< 0.004,< 0.004,< 0.003
CA2410007_SS001_2025-03-05_SE1,0.0034,< 0.003,< 0.003,< 0.004,< 0.004,< 0.003
CA2410007_SS004_2025-03-05_SE1,< 0.003,< 0.003,< 0.003,< 0.004,< 0.004,< 0.003
CA2410007_SS005_2025-03-05_SE1,< 0.003,< 0.003,< 0.003,< 0.004,< 0.004,< 0.003
CA2410007_SS006_2025-03-05_SE1,< 0.003,< 0.003,0.0062,< 0.004,0.0143,< 0.003
CA2410007_SS007_2025-03-05_SE1,< 0.003,< 0.003,< 0.003,< 0.004,< 0.004,< 0.003
CA2410007_SS014_2025-03-05_SE1,< 0.003,< 0.003,< 0.003,< 0.004,< 0.004,< 0.003
CA2410008_01_2024-06-18_SE1,< 0.003,< 0.003,< 0.003,< 0.004,0.0046,< 0.003
CA2410008_02_2024-06-18_SE1,< 0.003,< 0.003,< 0.003,< 0.004,< 0.004,< 0.003
CA2410008_03_2024-06-18_SE1,< 0.003,< 0.003,< 0.003,< 0.004,0.0083,< 0.003
CA2410009_2410009802_2023-07-13_SE1,< 0.003,< 0.003,< 0.003,< 0.004,< 0.004,< 0.003
CA2410009_2410009803_2023-07-20_SE1,< 0.003,< 0.003,< 0.003,< 0.004,< 0.004,< 0.003
CA2410009_2410009804_2023-07-25_SE1,< 0.003,< 0.003,< 0.003,< 0.004,< 0.004,< 0.003
CA2410009_2410009805_2023-07-13_SE1,< 0.003,< 0.003,< 0.003,< 0.004,< 0.004,< 0.003
CA2410009_2410009806_2023-07-20_SE1,< 0.003,< 0.003,< 0.003,< 0.004,< 0.004,< 0.003
CA2410009_2410009807_2023-07-25_SE1,< 0.003,< 0.003,< 0.003,< 0.004,< 0.004,< 0.003
CA2410009_2410009808_2023-07-20_SE1,< 0.003,< 0.003,< 0.003,< 0.004,< 0.004,< 0.003
CA2410009_2410009809_2023-07-13_SE1,< 0.003,< 0.003,< 0.003,< 0.004,< 0.004,< 0.003
CA2410009_2410009810_2023-07-13_SE1,< 0.003,< 0.003,< 0.003,< 0.004,< 0.004,< 0.003
CA2410009_2410009814_2023-07-13_SE1,< 0.003,< 0.003,< 0.003,< 0.004,< 0.004,< 0.003
CA2410009_2410009815_2023-07-13_SE1,< 0.003,< 0.003,< 0.003,< 0.004,< 0.004,< 0.003
CA2410009_2410009816_2023-07-20_SE1,< 0.003,0.0031,0.0077,< 0.004,0.0048,< 0.003
CA2410009_2410009817_2023-07-13_SE1,< 0.003,< 0.003,< 0.003,< 0.004,< 0.004,< 0.003
CA2410009_2410009818_2023-07-13_SE1,< 0.003,< 0.003,0.0053,< 0.004,< 0.004,< 0.003
CA2410009_2410009820_2023-07-20_SE1,< 0.003,< 0.003,0.0042,< 0.004,< 0.004,< 0.003
CA2410009_2410009821_2023-07-25_SE1,< 0.003,< 0.003,< 0.003,< 0.004,< 0.004,< 0.003
CA2410009_2410009822_2023-07-25_SE1,< 0.003,< 0.003,< 0.003,< 0.004,< 0.004,< 0.003
CA2410009_2410009823_2023-08-03_SE1,< 0.003,< 0.003,< 0.003,< 0.004,< 0.004,< 0.003
CA2410009_2410009824_2023-07-25_SE1,< 0.003,< 0.003,< 0.003,< 0.004,< 0.004,< 0.003
CA2410009_2410009825_2024-03-21_SE1,< 0.003,< 0.003,< 0.003,< 0.004,< 0.004,< 0.003
CA2410009_2410009826_2023-07-25_SE1,< 0.003,< 0.003,< 0.003,< 0.004,< 0.004,< 0.003
CA2410010_EP1_2023-05-01_SE1,< 0.003,< 0.003,< 0.003,< 0.004,< 0.004,< 0.003
CA2410012_2410012012_2025-06-03_SE1,< 0.003,< 0.003,< 0.003,< 0.004,< 0.004,< 0.003
CA2510001_002_2025-02-11_SE1,< 0.003,< 0.003,0.0035,< 0.004,< 0.004,< 0.003
CA2510001_003_2025-02-11_SE1,< 0.003,< 0.003,< 0.003,< 0.004,< 0.004,< 0.003
CA2510001_004_2025-02-11_SE1,< 0.003,< 0.003,< 0.003,< 0.004,< 0.004,< 0.003
CA2510001_005_2025-02-11_SE1,< 0.003,< 0.003,< 0.003,< 0.004,< 0.004,< 0.003
CA2600624_001_2024-05-20_SE1,< 0.003,< 0.003,< 0.003,< 0.004,< 0.004,< 0.003
CA2610001_2610001004_2025-02-03_SE1,< 0.003,< 0.003,< 0.003,< 0.004,< 0.004,< 0.003
CA2610001_2610001010_2025-02-04_SE1,< 0.003,< 0.003,< 0.003,< 0.004,< 0.004,< 0.003
CA2610001_2610001011_2025-02-04_SE1,< 0.003,< 0.003,< 0.003,< 0.004,< 0.004,< 0.003
CA2610001_2610001013_2025-02-04_SE1,< 0.003,< 0.003,< 0.003,< 0.004,< 0.004,< 0.003
CA2702588_EP001_2024-01-09_SE1,< 0.003,< 0.003,< 0.003,< 0.004,< 0.004,< 0.003
CA2710001_2710001001_2023-03-07_SE1,< 0.003,< 0.003,< 0.003,< 0.004,< 0.004,< 0.003
CA2710001_2710001002_2023-03-07_SE1,< 0.003,< 0.003,< 0.003,< 0.004,< 0.004,< 0.003
CA2710001_2710001004_2023-04-24_SE1,< 0.003,< 0.003,< 0.003,< 0.004,< 0.004,< 0.003
CA2710001_2710001007_2023-04-24_SE1,< 0.003,< 0.003,< 0.003,< 0.004,< 0.004,< 0.003
CA2710001_2710001021_2023-03-07_SE1,< 0.003,< 0.003,< 0.003,< 0.004,< 0.004,< 0.003
CA2710001_2710001022_2023-03-07_SE1,< 0.003,< 0.003,< 0.003,< 0.004,< 0.004,< 0.003
CA2710004_2710004053_2023-02-13_SE1,< 0.003,< 0.003,< 0.003,< 0.004,< 0.004,< 0.003
CA2710004_2710004055_2023-02-13_SE1,< 0.003,< 0.003,< 0.003,< 0.004,< 0.004,< 0.003
CA2710004_2710004058_2023-05-02_SE1,0.0033,< 0.003,< 0.003,< 0.004,< 0.004,< 0.003
CA2710004_2710004059_2023-05-02_SE1,< 0.003,< 0.003,< 0.003,< 0.004,< 0.004,< 0.003
CA2710004_2710004061_2023-02-21_SE1,< 0.003,< 0.003,< 0.003,< 0.004,< 0.004,< 0.003
CA2710004_2710004064_2023-05-02_SE1,< 0.003,< 0.003,< 0.003,< 0.004,< 0.004,< 0.003
CA2710004_2710004065_2023-05-02_SE1,< 0.003,< 0.003,< 0.003,< 0.004,< 0.004,< 0.003
CA2710004_2710004066_2023-05-02_SE1,< 0.003,< 0.003,< 0.003,< 0.004,< 0.004,< 0.003
CA2710004_2710004067_2023-02-21_SE1,0.0087,0.0069,0.0062,0.0058,0.0049,0.0084
CA2710004_2710004079_2023-02-21_SE1,< 0.003,< 0.003,< 0.003,< 0.004,< 0.004,< 0.003
CA2710004_2710004081_2023-03-31_SE1,< 0.003,< 0.003,< 0.003,< 0.004,< 0.004,< 0.003
CA2710004_2710004084_2023-02-13_SE1,< 0.003,< 0.003,< 0.003,< 0.004,< 0.004,< 0.003
CA2710005_TANK2_2025-05-07_SE1,< 0.003,< 0.003,< 0.003,< 0.004,< 0.004,< 0.003
CA2710005_WELL4_2025-05-07_SE1,< 0.003,< 0.003,< 0.003,< 0.004,< 0.004,< 0.003
CA2710007_EP004_2023-03-22_SE1,< 0.003,< 0.003,< 0.003,< 0.004,< 0.004,< 0.003
CA2710007_EP005_2023-03-22_SE1,< 0.003,< 0.003,< 0.003,< 0.004,< 0.004,< 0.003
CA2710007_EP006_2023-03-22_SE1,< 0.003,< 0.003,< 0.003,< 0.004,< 0.004,< 0.003
CA2710007_EP007_2023-06-26_SE1,< 0.003,< 0.003,< 0.003,< 0.004,< 0.004,< 0.003
CA2710008_2710008001_2024-04-16_SE1,< 0.003,< 0.003,< 0.003,< 0.004,< 0.004,< 0.003
CA2710008_2710008007_2024-04-16_SE1,< 0.003,< 0.003,< 0.003,< 0.004,< 0.004,< 0.003
CA2710009_2710009002_2025-01-21_SE1,< 0.003,< 0.003,< 0.003,< 0.004,< 0.004,< 0.003
CA2710009_2710009003_2025-01-15_SE1,< 0.003,< 0.003,< 0.003,< 0.004,< 0.004,< 0.003
CA2710009_2710009004_2025-01-15_SE1,< 0.003,< 0.003,< 0.003,< 0.004,< 0.004,< 0.003
CA2710009_2710009005_2025-01-15_SE1,< 0.003,< 0.003,< 0.003,< 0.004,< 0.004,< 0.003
CA2710009_2710009006_2025-01-22_SE1,< 0.003,< 0.003,< 0.003,< 0.004,< 0.004,< 0.003
CA2710009_2710009007_2025-01-22_SE1,< 0.003,< 0.003,< 0.003,< 0.004,< 0.004,< 0.003
CA2710010_2410009801_2024-06-11_SE1,< 0.003,< 0.003,< 0.003,< 0.004,< 0.004,< 0.003
CA2710010_2710010814_2024-06-12_SE1,< 0.003,< 0.003,< 0.003,< 0.004,< 0.004,< 0.003
CA2710010_2710010826_2024-09-10_SE1,< 0.003,< 0.003,< 0.003,< 0.004,< 0.004,< 0.003
CA2710010_2710010828_2024-06-12_SE1,< 0.003,< 0.003,< 0.003,< 0.004,< 0.004,< 0.003
CA2710010_2710010834_2024-06-12_SE1,< 0.003,< 0.003,< 0.003,< 0.004,< 0.004,< 0.003
CA2710010_2710010835_2024-06-11_SE1,< 0.003,< 0.003,< 0.003,< 0.004,< 0.004,< 0.003
CA2710010_2710010838_2024-07-23_SE1,< 0.003,< 0.003,< 0.003,< 0.004,< 0.004,< 0.003
CA2710010_2710010846_2024-07-08_SE1,< 0.003,< 0.003,< 0.003,< 0.004,< 0.004,< 0.003
CA2710010_2710010848_2025-01-08_SE1,< 0.003,< 0.003,< 0.003,< 0.004,< 0.004,< 0.003
CA2710010_2710010852_2024-07-23_SE1,< 0.003,< 0.003,< 0.003,< 0.004,< 0.004,< 0.003
CA2710010_2710010854_2024-07-09_SE1,< 0.003,< 0.003,< 0.003,< 0.004,< 0.004,< 0.003
CA2710010_2710010855_2024-09-05_SE1,< 0.003,< 0.003,< 0.003,< 0.004,< 0.004,< 0.003
CA2710010_2710010856_2024-08-14_SE1,< 0.003,< 0.003,< 0.003,< 0.004,< 0.004,< 0.003
CA2710010_2710010857_2024-08-14_SE1,< 0.003,< 0.003,< 0.003,< 0.004,< 0.004,< 0.003
CA2710010_2710010858_2024-08-14_SE1,< 0.003,< 0.003,< 0.003,< 0.004,< 0.004,< 0.003
CA2710010_2710010860_2024-08-14_SE1,< 0.003,< 0.003,< 0.003,< 0.004,< 0.004,< 0.003
CA2710010_2710010861_2024-08-14_SE1,< 0.003,< 0.003,< 0.003,< 0.004,< 0.004,< 0.003
CA2710010_2710010862_2024-06-12_SE1,< 0.003,< 0.003,< 0.003,< 0.004,< 0.004,< 0.003
CA2710010_2710010862_2024-08-14_SE1,< 0.003,< 0.003,< 0.003,< 0.004,< 0.004,< 0.003
CA2710010_2710010863_2024-08-14_SE1,< 0.003,< 0.003,< 0.003,< 0.004,< 0.004,< 0.003
CA2710011_EP001_2023-02-14_SE1,< 0.003,< 0.003,< 0.003,< 0.004,< 0.004,< 0.003
CA2710011_EP002_2023-02-14_SE1,< 0.003,< 0.003,< 0.003,< 0.004,< 0.004,< 0.003
CA2710011_EP003_2023-02-14_SE1,< 0.003,< 0.003,< 0.003,< 0.004,< 0.004,< 0.003
CA2710011_EP004_2023-02-14_SE1,< 0.003,< 0.003,< 0.003,< 0.004,< 0.004,< 0.003
CA2710011_EP005_2023-02-14_SE1,< 0.003,< 0.003,< 0.003,< 0.004,< 0.004,< 0.003
CA2710012_SS001_2024-04-10_SE1,< 0.003,< 0.003,< 0.003,< 0.004,< 0.004,< 0.003
CA2710012_SS002_2024-04-10_SE1,< 0.003,< 0.003,< 0.003,< 0.004,< 0.004,< 0.003
CA2710012_SS003_2024-04-09_SE1,< 0.003,< 0.003,< 0.003,< 0.004,< 0.004,< 0.003
CA2710012_SS004_2024-04-10_SE1,< 0.003,< 0.003,< 0.003,< 0.004,< 0.004,< 0.003
CA2710012_SS005_2024-09-12_SE1,< 0.003,< 0.003,< 0.003,< 0.004,< 0.004,< 0.003
CA2710012_SS006_2024-04-09_SE1,< 0.003,< 0.003,< 0.003,< 0.004,< 0.004,< 0.003
CA2710013_SS001_2025-03-11_SE1,< 0.003,< 0.003,< 0.003,< 0.004,< 0.004,< 0.003
CA2710013_SS002_2025-04-09_SE1,< 0.003,< 0.003,< 0.003,< 0.004,< 0.004,< 0.003
CA2710017_2710017802_2023-02-14_SE1,< 0.003,< 0.003,< 0.003,< 0.004,< 0.004,< 0.003
CA2710017_2710017803_2023-02-14_SE1,< 0.003,< 0.003,< 0.003,< 0.004,< 0.004,< 0.003
CA2710017_2710017804_2023-02-14_SE1,< 0.003,< 0.003,< 0.003,< 0.004,< 0.004,< 0.003
CA2710019_SS001_2023-05-22_SE1,< 0.003,< 0.003,< 0.003,< 0.004,< 0.004,< 0.003
CA2710019_SS002_2023-05-22_SE1,< 0.003,< 0.003,< 0.003,< 0.004,< 0.004,< 0.003
CA2710020_EP1_2025-03-05_SE1,< 0.003,< 0.003,< 0.003,< 0.004,< 0.004,< 0.003
CA2710850_EP1_2023-02-07_SE1,< 0.003,< 0.003,< 0.003,< 0.004,< 0.004,< 0.003
CA2710851_SS_2023-04-05_SE1,< 0.003,< 0.003,< 0.003,< 0.004,< 0.004,< 0.003
CA2810002_EP006_2024-06-04_SE1,< 0.003,0.0032,< 0.003,0.0064,0.0122,0.0042
CA2810002_EP009_2024-04-10_SE1,< 0.003,< 0.003,< 0.003,< 0.004,< 0.004,< 0.003
CA2810003_2810003006_2023-04-05_SE1,< 0.003,< 0.003,< 0.003,< 0.004,< 0.004,< 0.003
CA2810004_EP001_2023-01-23_SE1,< 0.003,< 0.003,< 0.003,< 0.004,< 0.004,< 0.003
CA2810004_EP002_2023-01-23_SE1,< 0.003,< 0.003,< 0.003,< 0.004,< 0.004,< 0.003
CA2810004_EP003_2023-01-23_SE1,< 0.003,< 0.003,< 0.003,< 0.004,< 0.004,< 0.003
CA2810005_2810005801_2023-06-27_SE1,< 0.003,< 0.003,< 0.003,< 0.004,< 0.004,< 0.003
CA2810007_EP1_2025-03-03_SE1,< 0.003,< 0.003,< 0.003,< 0.004,< 0.004,< 0.003
CA2910001_EP1_2025-03-18_SE1,< 0.003,< 0.003,< 0.003,< 0.004,< 0.004,< 0.003
CA2910003_29100030013_2023-03-20_SE1,< 0.003,< 0.003,< 0.003,< 0.004,< 0.004,< 0.003
CA2910003_29100030014_2023-06-14_SE1,< 0.003,< 0.003,< 0.003,< 0.004,< 0.004,< 0.003
CA2910003_29100030015_2023-03-08_SE1,< 0.003,< 0.003,< 0.003,< 0.004,< 0.004,< 0.003
CA2910003_29100030017_2023-03-08_SE1,< 0.003,0.0037,< 0.003,< 0.004,< 0.004,0.0046
CA2910003_29100030020_2023-04-10_SE1,< 0.003,< 0.003,< 0.003,< 0.004,< 0.004,< 0.003
CA2910003_29100030022_2023-03-13_SE1,< 0.003,< 0.003,< 0.003,< 0.004,< 0.004,< 0.003
CA2910003_29100030024_2023-03-20_SE1,< 0.003,< 0.003,< 0.003,< 0.004,< 0.004,< 0.003
CA2910003_29100030026_2023-03-06_SE1,< 0.003,< 0.003,< 0.003,< 0.004,< 0.004,< 0.003
CA2910003_29100030028_2023-03-20_SE1,< 0.003,< 0.003,< 0.003,< 0.004,< 0.004,< 0.003
CA2910003_29100030030_2023-04-10_SE1,< 0.003,< 0.003,< 0.003,< 0.004,< 0.004,< 0.003
CA2910004_2910004002_2023-04-26_SE1,< 0.003,< 0.003,< 0.003,< 0.004,< 0.004,< 0.003
CA2910006_2910006002_2023-04-26_SE1,< 0.003,< 0.003,< 0.003,< 0.004,< 0.004,< 0.003
CA2910014_CA2910014002002_2023-04-26_SE1,< 0.003,< 0.003,< 0.003,< 0.004,< 0.004,< 0.003
CA2910023_EP1_2024-04-22_SE1,< 0.003,< 0.003,< 0.003,< 0.004,< 0.004,< 0.003
CA3010001_3010001804_2024-11-05_SE1,< 0.003,0.0044,0.0109,0.0101,0.0290,0.0050
CA3010001_3010001813_2024-11-05_SE1,< 0.003,0.0030,0.0093,0.0068,0.0176,0.0031
CA3010001_3010001815_2024-11-06_SE1,< 0.003,< 0.003,0.0037,< 0.004,0.0056,< 0.003
CA3010001_3010001817_2024-10-03_SE1,< 0.003,< 0.003,< 0.003,< 0.004,< 0.004,< 0.003
CA3010001_3010001835_2024-11-05_SE1,< 0.003,0.0037,0.0101,0.0089,0.0254,0.0035
CA3010001_3010001838_2023-03-29_SE1,< 0.003,< 0.003,< 0.003,< 0.004,< 0.004,< 0.003
CA3010001_3010001840_2025-07-28_SE1,< 0.003,< 0.003,< 0.003,< 0.004,< 0.004,< 0.003
CA3010001_3010001850_2024-11-05_SE1,< 0.003,< 0.003,< 0.003,< 0.004,< 0.004,0.0075
CA3010001_3010001851_2024-11-06_SE1,< 0.003,< 0.003,< 0.003,< 0.004,< 0.004,0.0065
CA3010001_3010001852_2024-11-06_SE1,< 0.003,< 0.003,< 0.003,< 0.004,< 0.004,< 0.003
CA3010001_3010001853_2024-11-06_SE1,< 0.003,< 0.003,< 0.003,< 0.004,< 0.004,0.0082
CA3010001_3010001854_2024-11-06_SE1,< 0.003,< 0.003,< 0.003,< 0.004,< 0.004,0.0101
CA3010001_3010001855_2024-11-05_SE1,< 0.003,< 0.003,< 0.003,< 0.004,< 0.004,< 0.003
CA3010001_3010001856_2024-11-06_SE1,< 0.003,< 0.003,< 0.003,< 0.004,< 0.004,< 0.003
CA3010001_3010001857_2024-11-05_SE1,< 0.003,< 0.003,< 0.003,< 0.004,< 0.004,0.0034
CA3010001_3010001858_2024-11-06_SE1,< 0.003,< 0.003,< 0.003,< 0.004,< 0.004,< 0.003
CA3010001_3010001872_2023-03-29_SE1,< 0.003,< 0.003,< 0.003,< 0.004,< 0.004,< 0.003
CA3010002_3010002001_2023-01-17_SE1,< 0.003,< 0.003,< 0.003,< 0.004,< 0.004,< 0.003
CA3010002_EP2_2023-01-17_SE1,< 0.003,< 0.003,< 0.003,< 0.004,< 0.004,< 0.003
CA3010002_EP3_2023-01-17_SE1,< 0.003,< 0.003,< 0.003,< 0.004,< 0.004,< 0.003
CA3010003_3010003802_2024-01-22_SE1,< 0.003,< 0.003,< 0.003,< 0.004,< 0.004,< 0.003
CA3010003_3010003807_2023-07-18_SE1,< 0.003,< 0.003,< 0.003,< 0.004,< 0.004,< 0.003
CA3010003_3010003808_2023-07-18_SE1,< 0.003,< 0.003,< 0.003,< 0.004,< 0.004,< 0.003
CA3010003_3010003809_2023-07-18_SE1,< 0.003,< 0.003,< 0.003,< 0.004,< 0.004,< 0.003
CA3010003_3010003810_2023-07-19_SE1,< 0.003,< 0.003,< 0.003,< 0.004,< 0.004,< 0.003
CA3010003_3010003811_2023-03-29_SE1,< 0.003,< 0.003,< 0.003,< 0.004,< 0.004,< 0.003
CA3010003_3010003815_2025-03-18_SE1,< 0.003,< 0.003,< 0.003,< 0.004,< 0.004,< 0.003
CA3010003_3010003816_2023-07-18_SE1,< 0.003,< 0.003,0.0039,< 0.004,0.0068,< 0.003
CA3010003_3010003817_2023-07-18_SE1,< 0.003,< 0.003,< 0.003,< 0.004,< 0.004,< 0.003
CA3010004_3010004812_2023-08-23_SE1,< 0.003,< 0.003,< 0.003,< 0.004,< 0.004,< 0.003
CA3010004_3010004813_2023-08-01_SE1,< 0.003,< 0.003,< 0.003,< 0.004,< 0.004,< 0.003
CA3010004_3010004822_2023-08-23_SE1,< 0.003,< 0.003,< 0.003,< 0.004,< 0.004,< 0.003
CA3010004_3010004823_2023-03-29_SE1,< 0.003,< 0.003,< 0.003,< 0.004,< 0.004,< 0.003
CA3010004_3010004824_2023-08-01_SE1,< 0.003,< 0.003,< 0.003,< 0.004,< 0.004,< 0.003
CA3010004_3010004830_2023-08-01_SE1,< 0.003,< 0.003,< 0.003,< 0.004,< 0.004,< 0.003
CA3010004_3010004831_2024-02-26_SE1,< 0.003,< 0.003,< 0.003,< 0.004,< 0.004,< 0.003
CA3010004_3010004832_2023-08-21_SE1,< 0.003,< 0.003,< 0.003,< 0.004,< 0.004,< 0.003
CA3010010_3010010803_2024-08-26_SE1,0.0069,0.0124,0.0053,0.0101,0.0125,0.0127
CA3010010_3010010805_2024-08-26_SE1,0.0066,0.0111,0.0062,0.0108,0.0133,0.0123
CA3010010_3010010806_2024-08-26_SE1,< 0.003,< 0.003,< 0.003,< 0.004,< 0.004,< 0.003
CA3010010_3010010810_2025-07-28_SE1,< 0.003,< 0.003,< 0.003,< 0.004,< 0.004,< 0.003
CA3010010_3010010811_2023-03-29_SE1,< 0.003,< 0.003,< 0.003,< 0.004,< 0.004,< 0.003
CA3010010_3010010812_2024-08-26_SE1,< 0.003,0.0048,< 0.003,< 0.004,< 0.004,0.0076
CA3010010_3010010813_2024-08-26_SE1,< 0.003,< 0.003,< 0.003,< 0.004,< 0.004,< 0.003
CA3010017_00005_2025-03-04_SE1,< 0.003,< 0.003,< 0.003,< 0.004,< 0.004,< 0.003
CA3010017_3010017002_2025-03-04_SE1,< 0.003,< 0.003,< 0.003,< 0.004,< 0.004,< 0.003
CA3010018_3010018001_2025-01-30_SE1,< 0.003,< 0.003,< 0.003,< 0.004,< 0.004,< 0.003
CA3010018_3010018008_2025-01-30_SE1,< 0.003,< 0.003,< 0.003,< 0.004,< 0.004,< 0.003
CA3010022_3010022802_2024-10-22_SE1,< 0.003,0.0031,0.0075,0.0068,0.0140,0.0032
CA3010022_3010022804_2024-10-22_SE1,< 0.003,0.0030,0.0092,0.0069,0.0160,< 0.003
CA3010022_3010022805_2024-10-22_SE1,< 0.003,< 0.003,0.0041,< 0.004,0.0042,< 0.003
CA3010022_3010022808_2024-10-22_SE1,< 0.003,< 0.003,0.0038,< 0.004,0.0043,< 0.003
CA3010022_3010022809_2024-10-22_SE1,< 0.003,< 0.003,0.0054,< 0.004,0.0067,< 0.003
CA3010022_3010022810_2024-10-21_SE1,< 0.003,< 0.003,< 0.003,< 0.004,< 0.004,< 0.003
CA3010022_3010022811_2024-10-21_SE1,< 0.003,< 0.003,< 0.003,< 0.004,< 0.004,< 0.003
CA3010022_3010022813_2024-10-21_SE1,< 0.003,< 0.003,< 0.003,< 0.004,< 0.004,< 0.003
CA3010022_3010022815_2024-10-21_SE1,< 0.003,< 0.003,< 0.003,< 0.004,< 0.004,< 0.003
CA3010022_3010022817_2025-01-27_SE1,< 0.003,< 0.003,< 0.003,< 0.004,< 0.004,< 0.003
CA3010022_3010022822_2024-10-21_SE1,< 0.003,< 0.003,< 0.003,< 0.004,< 0.004,< 0.003
CA3010022_3010022824_2023-03-29_SE1,< 0.003,< 0.003,< 0.003,< 0.004,< 0.004,< 0.003
CA3010023_3010023802_2023-07-17_SE1,< 0.003,< 0.003,< 0.003,< 0.004,< 0.004,< 0.003
CA3010023_3010023803_2023-03-29_SE1,< 0.003,< 0.003,< 0.003,< 0.004,< 0.004,< 0.003
CA3010027_3010027817_2024-09-10_SE1,0.0032,0.0041,0.0061,0.0084,0.0116,0.0046
CA3010027_3010027824_2023-03-29_SE1,< 0.003,< 0.003,< 0.003,< 0.004,< 0.004,0.0093
CA3010027_3010027825_2024-09-10_SE1,0.0033,0.0040,0.0101,0.0093,0.0170,0.0030
CA3010027_3010027826_2023-03-29_SE1,< 0.003,< 0.003,< 0.003,< 0.004,< 0.004,< 0.003
CA3010027_3010027827_2025-07-28_SE1,< 0.003,< 0.003,< 0.003,< 0.004,< 0.004,< 0.003
CA3010027_3010027829_2024-09-10_SE1,< 0.003,< 0.003,< 0.003,< 0.004,0.0040,< 0.003
CA3010027_3010027851_2023-03-29_SE1,< 0.003,< 0.003,< 0.003,< 0.004,< 0.004,< 0.003
CA3010027_3010027852_2024-09-10_SE1,< 0.003,0.0051,< 0.003,< 0.004,< 0.004,0.0177
CA3010027_3010027853_2024-09-10_SE1,< 0.003,0.0043,< 0.003,< 0.004,< 0.004,0.0126
CA3010027_3010027854_2024-09-10_SE1,< 0.003,0.0078,< 0.003,< 0.004,< 0.004,0.0139
CA3010027_3010027855_2024-09-10_SE1,< 0.003,0.0049,< 0.003,< 0.004,< 0.004,0.0135
CA3010030_3010030803_2024-06-05_SE1,< 0.003,< 0.003,< 0.003,< 0.004,< 0.004,< 0.003
CA3010030_3010030804_2024-06-05_SE1,< 0.003,< 0.003,< 0.003,< 0.004,< 0.004,< 0.003
CA3010030_3010030805_2024-06-05_SE1,< 0.003,< 0.003,< 0.003,< 0.004,< 0.004,< 0.003
CA3010035_3010035802_2024-07-30_SE1,0.0038,0.0077,< 0.003,0.0060,0.0057,0.0083
CA3010035_3010035805_2024-07-30_SE1,< 0.003,< 0.003,< 0.003,< 0.004,< 0.004,< 0.003
CA3010035_3010035807_2023-03-29_SE1,< 0.003,< 0.003,< 0.003,< 0.004,< 0.004,< 0.003
CA3010035_3010035810_2024-07-30_SE1,< 0.003,< 0.003,< 0.003,< 0.004,< 0.004,0.0093
CA3010036_3010036007_2024-01-30_SE1,< 0.003,< 0.003,< 0.003,< 0.004,< 0.004,< 0.003
CA3010036_3010036994_2024-01-30_SE1,< 0.003,< 0.003,< 0.003,< 0.004,< 0.004,< 0.003
CA3010037_3010037806_2023-03-29_SE1,< 0.003,< 0.003,< 0.003,< 0.004,< 0.004,< 0.003
CA3010037_3010037830_2023-03-29_SE1,< 0.003,< 0.003,< 0.003,< 0.004,< 0.004,< 0.003
CA3010037_3010037831_2023-11-21_SE1,< 0.003,< 0.003,< 0.003,< 0.004,< 0.004,0.0053
CA3010038_3010038804_2024-08-15_SE1,< 0.003,< 0.003,< 0.003,< 0.004,< 0.004,< 0.003
CA3010038_3010038806_2024-08-15_SE1,< 0.003,< 0.003,< 0.003,< 0.004,< 0.004,< 0.003
CA3010038_3010038813_2024-08-15_SE1,< 0.003,< 0.003,< 0.003,< 0.004,< 0.004,< 0.003
CA3010038_3010038814_2024-08-15_SE1,< 0.003,< 0.003,0.0033,0.0041,< 0.004,< 0.003
CA3010038_3010038817_2024-08-15_SE1,< 0.003,< 0.003,< 0.003,< 0.004,< 0.004,< 0.003
CA3010038_3010038820_2024-08-15_SE1,< 0.003,< 0.003,< 0.003,< 0.004,< 0.004,< 0.003
CA3010038_3010038823_2024-08-15_SE1,< 0.003,0.0034,0.0064,0.0073,0.0109,0.0034
CA3010038_3010038824_2024-08-15_SE1,< 0.003,0.0035,0.0073,0.0075,0.0129,< 0.003
CA3010038_3010038825_2025-07-28_SE1,< 0.003,< 0.003,< 0.003,< 0.004,< 0.004,< 0.003
CA3010038_3010038834_2023-03-29_SE1,< 0.003,< 0.003,< 0.003,< 0.004,< 0.004,< 0.003
CA3010038_3010038836_2024-09-24_SE1,< 0.003,< 0.003,0.0050,0.0047,0.0080,< 0.003
CA3010038_3010038837_2024-08-15_SE1,< 0.003,< 0.003,< 0.003,< 0.004,< 0.004,0.0037
CA3010041_3010041802_2024-07-31_SE1,< 0.003,< 0.003,< 0.003,< 0.004,< 0.004,< 0.003
CA3010041_3010041804_2025-01-28_SE1,< 0.003,< 0.003,< 0.003,< 0.004,< 0.004,< 0.003
CA3010041_3010041805_2023-03-29_SE1,< 0.003,< 0.003,< 0.003,< 0.004,< 0.004,< 0.003
CA3010041_3010041806_2024-07-31_SE1,< 0.003,< 0.003,< 0.003,< 0.004,< 0.004,< 0.003
CA3010042_3010042001_2023-02-23_SE1,< 0.003,< 0.003,< 0.003,< 0.004,< 0.004,< 0.003
CA3010042_3010042205205_2023-02-23_SE1,< 0.003,< 0.003,< 0.003,< 0.004,< 0.004,< 0.003
CA3010042_C08_2023-02-23_SE1,< 0.003,< 0.003,< 0.003,< 0.004,< 0.004,< 0.003
CA3010046_3010046807_2024-10-08_SE1,< 0.003,< 0.003,< 0.003,< 0.004,< 0.004,< 0.003
CA3010046_3010046812_2023-03-29_SE1,< 0.003,< 0.003,< 0.003,< 0.004,< 0.004,< 0.003
CA3010046_3010046817_2024-10-08_SE1,< 0.003,< 0.003,0.0032,< 0.004,< 0.004,< 0.003
CA3010046_3010046837_2023-03-29_SE1,< 0.003,< 0.003,< 0.003,< 0.004,< 0.004,< 0.003
CA3010046_3010046838_2025-06-12_SE1,< 0.003,< 0.003,< 0.003,< 0.004,< 0.004,< 0.003
CA3010047_EP001_2025-01-14_SE1,< 0.003,< 0.003,< 0.003,< 0.004,< 0.004,< 0.003
CA3010047_EP002_2025-01-14_SE1,< 0.003,< 0.003,< 0.003,< 0.004,< 0.004,0.0037
CA3010053_3010053802_2024-01-08_SE1,< 0.003,< 0.003,< 0.003,< 0.004,< 0.004,< 0.003
CA3010053_3010053803_2025-03-20_SE1,< 0.003,< 0.003,< 0.003,< 0.004,0.0049,< 0.003
CA3010053_3010053804_2023-07-05_SE1,< 0.003,< 0.003,< 0.003,< 0.004,< 0.004,< 0.003
CA3010053_3010053805_2023-07-05_SE1,< 0.003,< 0.003,< 0.003,< 0.004,< 0.004,< 0.003
CA3010053_3010053806_2023-07-05_SE1,< 0.003,< 0.003,< 0.003,< 0.004,< 0.004,< 0.003
CA3010053_3010053807_2023-07-05_SE1,< 0.003,< 0.003,< 0.003,< 0.004,< 0.004,< 0.003
CA3010053_3010053808_2023-07-05_SE1,< 0.003,< 0.003,< 0.003,< 0.004,< 0.004,< 0.003
CA3010053_3010053809_2025-03-20_SE1,< 0.003,< 0.003,< 0.003,< 0.004,< 0.004,< 0.003
CA3010053_3010053815_2023-03-29_SE1,< 0.003,< 0.003,< 0.003,< 0.004,< 0.004,< 0.003
CA3010053_3010053820_2023-07-05_SE1,< 0.003,< 0.003,< 0.003,< 0.004,< 0.004,< 0.003
CA3010062_3010062802_2023-10-24_SE1,< 0.003,< 0.003,< 0.003,< 0.004,< 0.004,< 0.003
CA3010062_3010062803_2025-04-24_SE1,< 0.003,0.0036,0.0087,0.0080,0.0183,0.0035
CA3010062_3010062806_2023-10-24_SE1,< 0.003,< 0.003,0.0089,0.0056,0.0119,< 0.003
CA3010062_3010062814_2024-10-24_SE1,< 0.003,< 0.003,< 0.003,< 0.004,< 0.004,< 0.003
CA3010062_3010062815_2023-10-24_SE1,< 0.003,< 0.003,< 0.003,< 0.004,< 0.004,< 0.003
CA3010062_3010062816_2025-07-28_SE1,< 0.003,< 0.003,< 0.003,< 0.004,< 0.004,< 0.003
CA3010062_3010062821_2023-03-29_SE1,< 0.003,< 0.003,< 0.003,< 0.004,< 0.004,< 0.003
CA3010062_3010062822_2023-10-24_SE1,< 0.003,0.0040,< 0.003,< 0.004,< 0.004,0.0082
CA3010062_3010062823_2023-10-24_SE1,< 0.003,< 0.003,< 0.003,< 0.004,< 0.004,< 0.003
CA3010062_3010062824_2023-10-24_SE1,< 0.003,< 0.003,< 0.003,< 0.004,< 0.004,< 0.003
CA3010062_3010062825_2023-10-24_SE1,< 0.003,< 0.003,< 0.003,< 0.004,< 0.004,0.0075
CA3010064_3010064803_2024-03-25_SE1,< 0.003,< 0.003,0.0031,< 0.004,< 0.004,< 0.003
CA3010064_3010064804_2024-03-25_SE1,< 0.003,< 0.003,< 0.003,< 0.004,< 0.004,< 0.003
CA3010064_3010064805_2025-03-18_SE1,< 0.003,< 0.003,< 0.003,< 0.004,< 0.004,< 0.003
CA3010064_3010064806_2024-03-26_SE1,< 0.003,< 0.003,< 0.003,< 0.004,< 0.004,< 0.003
CA3010064_3010064811_2024-03-26_SE1,< 0.003,< 0.003,0.0041,< 0.004,0.0043,< 0.003
CA3010064_3010064813_2024-03-25_SE1,< 0.003,< 0.003,< 0.003,< 0.004,< 0.004,< 0.003
CA3010064_3010064814_2024-03-26_SE1,< 0.003,< 0.003,< 0.003,< 0.004,< 0.004,< 0.003
CA3010064_3010064815_2024-03-26_SE1,< 0.003,< 0.003,< 0.003,< 0.004,< 0.004,< 0.003
CA3010064_3010064816_2023-03-29_SE1,< 0.003,< 0.003,< 0.003,< 0.004,< 0.004,< 0.003
CA3010064_3010064819_2024-03-26_SE1,< 0.003,< 0.003,< 0.003,< 0.004,< 0.004,< 0.003
CA3010069_3010069802_2025-01-28_SE1,< 0.003,< 0.003,< 0.003,< 0.004,< 0.004,< 0.003
CA3010069_3010069803_2024-08-26_SE1,< 0.003,< 0.003,< 0.003,< 0.004,< 0.004,< 0.003
CA3010069_3010069804_2023-08-01_SE1,< 0.003,< 0.003,< 0.003,< 0.004,< 0.004,< 0.003
CA3010069_3010069805_2023-08-01_SE1,< 0.003,< 0.003,< 0.003,< 0.004,< 0.004,< 0.003
CA3010069_3010069808_2023-08-01_SE1,< 0.003,< 0.003,< 0.003,< 0.004,< 0.004,< 0.003
CA3010069_3010069810_2023-03-29_SE1,< 0.003,< 0.003,< 0.003,< 0.004,< 0.004,< 0.003
CA3010069_3010069811_2024-02-15_SE1,< 0.003,< 0.003,< 0.003,< 0.004,< 0.004,< 0.003
CA3010073_3010073002_2023-04-11_SE1,< 0.003,< 0.003,< 0.003,< 0.004,< 0.004,< 0.003
CA3010073_3010073002_2023-04-19_SE1,< 0.003,< 0.003,< 0.003,< 0.004,< 0.004,< 0.003
CA3010079_3010079001_2023-04-27_SE1,< 0.003,< 0.003,< 0.003,< 0.004,< 0.004,< 0.003
CA3010079_3010079002_2023-04-27_SE1,< 0.003,< 0.003,< 0.003,< 0.004,< 0.004,< 0.003
CA3010079_3010079003_2023-04-27_SE1,< 0.003,< 0.003,< 0.003,< 0.004,< 0.004,< 0.003
CA3010079_3010079004_2023-04-27_SE1,< 0.003,< 0.003,< 0.003,< 0.004,< 0.004,< 0.003
CA3010082_EP001_2024-02-12_SE1,< 0.003,< 0.003,< 0.003,< 0.004,< 0.004,< 0.003
CA3010082_EP002_2024-02-12_SE1,< 0.003,< 0.003,< 0.003,< 0.004,< 0.004,0.0109
CA3010092_3010092039_2023-08-23_SE1,< 0.003,< 0.003,< 0.003,< 0.004,< 0.004,< 0.003
CA3010092_3010092085_2023-08-23_SE1,< 0.003,< 0.003,< 0.003,< 0.004,< 0.004,< 0.003
CA3010092_3010092802_2023-11-07_SE1,< 0.003,< 0.003,< 0.003,< 0.004,< 0.004,< 0.003
CA3010092_3010092809_2023-11-07_SE1,< 0.003,< 0.003,< 0.003,< 0.004,< 0.004,< 0.003
CA3010092_3010092817_2023-03-29_SE1,< 0.003,< 0.003,< 0.003,< 0.004,< 0.004,< 0.003
CA3010092_3010092818_2023-11-07_SE1,< 0.003,< 0.003,< 0.003,< 0.004,< 0.004,< 0.003
CA3010092_3010092820_2025-01-27_SE1,< 0.003,< 0.003,< 0.003,< 0.004,< 0.004,< 0.003
CA3010092_3010092858_2023-03-29_SE1,< 0.003,< 0.003,< 0.003,< 0.004,< 0.004,< 0.003
CA3010094_3010094801_2023-05-23_SE1,< 0.003,< 0.003,< 0.003,< 0.004,< 0.004,< 0.003
CA3010094_3010094804_2023-05-23_SE1,< 0.003,< 0.003,< 0.003,< 0.004,< 0.004,< 0.003
CA3010100_3010100802_2023-11-21_SE1,< 0.003,< 0.003,< 0.003,< 0.004,< 0.004,< 0.003
CA3010100_3010100803_2023-11-21_SE1,< 0.003,< 0.003,< 0.003,< 0.004,< 0.004,< 0.003
CA3010100_3010100804_2023-03-29_SE1,< 0.003,< 0.003,< 0.003,< 0.004,< 0.004,< 0.003
CA3010101_3010101003_2024-09-05_SE1,< 0.003,< 0.003,< 0.003,< 0.004,< 0.004,< 0.003
CA3010101_CA3010101004_2024-09-05_SE1,< 0.003,< 0.003,< 0.003,< 0.004,< 0.004,< 0.003
CA3103294_EP1_2023-03-20_SE1,< 0.003,< 0.003,< 0.003,< 0.004,< 0.004,< 0.003
CA3110001_3100011C_2024-01-08_SE1,< 0.003,< 0.003,< 0.003,< 0.004,< 0.004,< 0.003
CA3110001_31100011C_2024-01-30_SE1,< 0.003,< 0.003,< 0.003,< 0.004,< 0.004,< 0.003
CA3110003_EP004_2025-01-07_SE1,< 0.003,< 0.003,< 0.003,< 0.004,< 0.004,< 0.003
CA3110004_3110004001_2024-07-02_SE1,< 0.003,< 0.003,< 0.003,< 0.004,< 0.004,< 0.003
CA3110004_3110004901_2024-07-02_SE1,< 0.003,< 0.003,< 0.003,< 0.004,< 0.004,< 0.003
CA3110004_902_2024-07-02_SE1,< 0.003,< 0.003,0.0084,< 0.004,< 0.004,< 0.003
CA3110005_3110005002_2024-05-20_SE1,< 0.003,< 0.003,< 0.003,< 0.004,< 0.004,< 0.003
CA3110005_3110005004_2024-01-09_SE1,< 0.003,< 0.003,< 0.003,< 0.004,< 0.004,< 0.003
CA3110008_3110008801_2023-08-24_SE1,< 0.003,< 0.003,< 0.003,< 0.004,< 0.004,< 0.003
CA3110008_3110008802_2023-08-24_SE1,< 0.003,< 0.003,< 0.003,< 0.004,< 0.004,< 0.003
CA3110008_3110008805_2023-08-28_SE1,< 0.003,< 0.003,< 0.003,< 0.004,< 0.004,< 0.003
CA3110008_3110008807_2023-08-24_SE1,< 0.003,< 0.003,< 0.003,< 0.004,< 0.004,< 0.003
CA3110008_3110008808_2023-08-24_SE1,< 0.003,< 0.003,< 0.003,< 0.004,< 0.004,< 0.003
CA3110008_3110008809_2023-08-28_SE1,< 0.003,< 0.003,< 0.003,< 0.004,< 0.004,< 0.003
CA3110008_3110008812_2023-08-24_SE1,< 0.003,< 0.003,< 0.003,< 0.004,< 0.004,< 0.003
CA3110008_3110008818_2023-08-24_SE1,< 0.003,< 0.003,< 0.003,< 0.004,< 0.004,< 0.003
CA3110009_EP01_2025-03-10_SE1,< 0.003,< 0.003,< 0.003,< 0.004,< 0.004,< 0.003
CA3110010_EP001_2023-11-13_SE1,< 0.003,< 0.003,< 0.003,< 0.004,< 0.004,< 0.003
CA3110010_EP002_2024-08-13_SE1,< 0.003,< 0.003,< 0.003,< 0.004,< 0.004,< 0.003
CA3110010_EP003_2023-11-13_SE1,< 0.003,< 0.003,< 0.003,< 0.004,< 0.004,< 0.003
CA3110010_EP004_2023-11-13_SE1,< 0.003,< 0.003,< 0.003,< 0.004,< 0.004,< 0.003
CA3110010_EP005_2024-04-30_SE1,< 0.003,< 0.003,< 0.003,< 0.004,< 0.004,< 0.003
CA3110025_3110025002_2024-01-10_SE1,< 0.003,< 0.003,< 0.003,< 0.004,< 0.004,< 0.003
CA3110026_1_2024-04-22_SE1,< 0.003,< 0.003,< 0.003,< 0.004,< 0.004,< 0.003
CA3110028_EP001_2024-05-08_SE1,< 0.003,< 0.003,< 0.003,< 0.004,< 0.004,< 0.003
CA3110150_EP002_2023-01-17_SE1,< 0.003,< 0.003,< 0.003,< 0.004,< 0.004,< 0.003
CA3210004_1_2024-05-13_SE1,< 0.003,< 0.003,< 0.003,< 0.004,< 0.004,< 0.003
CA3210004_13_2024-05-13_SE1,< 0.003,< 0.003,< 0.003,< 0.004,< 0.004,< 0.003
CA3210004_14_2024-05-13_SE1,< 0.003,< 0.003,< 0.003,< 0.004,< 0.004,< 0.003
CA3210004_15_2024-05-13_SE1,< 0.003,< 0.003,< 0.003,< 0.004,< 0.004,< 0.003
CA3210004_16_2024-05-13_SE1,< 0.003,< 0.003,< 0.003,< 0.004,< 0.004,< 0.003
CA3210004_17_2024-05-13_SE1,< 0.003,< 0.003,< 0.003,< 0.004,< 0.004,< 0.003
CA3210004_18_2024-05-13_SE1,< 0.003,< 0.003,< 0.003,< 0.004,< 0.004,< 0.003
CA3210004_19_2024-05-13_SE1,< 0.003,< 0.003,< 0.003,< 0.004,< 0.004,< 0.003
CA3210004_2_2024-05-13_SE1,< 0.003,< 0.003,< 0.003,< 0.004,< 0.004,< 0.003
CA3210004_4_2024-05-13_SE1,< 0.003,< 0.003,< 0.003,< 0.004,< 0.004,0.0044
CA3210004_8_2024-05-13_SE1,< 0.003,< 0.003,< 0.003,< 0.004,< 0.004,< 0.003
CA3210006_EP001_2024-02-13_SE1,< 0.003,< 0.003,< 0.003,< 0.004,< 0.004,< 0.003
CA3210006_EP002_2024-02-12_SE1,< 0.003,< 0.003,< 0.003,< 0.004,< 0.004,< 0.003
CA3210006_EP003_2024-03-20_SE1,< 0.003,< 0.003,< 0.003,< 0.004,< 0.004,< 0.003
CA3210006_EP004_2024-11-18_SE1,< 0.003,< 0.003,< 0.003,< 0.004,< 0.004,< 0.003
CA3210006_EP005_2024-02-12_SE1,< 0.003,< 0.003,< 0.003,< 0.004,< 0.004,< 0.003
CA3310001_3310001806_2025-02-06_SE1,< 0.003,< 0.003,< 0.003,< 0.004,< 0.004,< 0.003
CA3310001_3310001808_2025-02-07_SE1,< 0.003,< 0.003,< 0.003,< 0.004,< 0.004,< 0.003
CA3310001_3310001817_2025-02-06_SE1,< 0.003,< 0.003,< 0.003,< 0.004,< 0.004,< 0.003
CA3310001_3310001818_2025-02-06_SE1,< 0.003,< 0.003,< 0.003,< 0.004,< 0.004,< 0.003
CA3310001_3310001820_2025-02-06_SE1,< 0.003,< 0.003,< 0.003,< 0.004,< 0.004,< 0.003
CA3310001_3310001825_2025-02-07_SE1,< 0.003,< 0.003,< 0.003,< 0.004,< 0.004,< 0.003
CA3310001_3310001827_2025-02-06_SE1,< 0.003,< 0.003,< 0.003,< 0.004,< 0.004,< 0.003
CA3310001_3310001838_2025-02-06_SE1,< 0.003,< 0.003,< 0.003,< 0.004,< 0.004,< 0.003
CA3310001_3310001840_2025-02-06_SE1,< 0.003,< 0.003,< 0.003,< 0.004,< 0.004,< 0.003
CA3310001_3310001841_2025-02-06_SE1,< 0.003,< 0.003,< 0.003,< 0.004,< 0.004,< 0.003
CA3310001_3310001843_2025-04-17_SE1,< 0.003,< 0.003,< 0.003,< 0.004,< 0.004,< 0.003
CA3310001_3310001845_2025-02-06_SE1,< 0.003,< 0.003,< 0.003,< 0.004,< 0.004,< 0.003
CA3310001_3310001846_2025-02-19_SE1,< 0.003,< 0.003,< 0.003,< 0.004,< 0.004,< 0.003
CA3310001_3310001847_2025-02-06_SE1,< 0.003,< 0.003,< 0.003,< 0.004,< 0.004,< 0.003
CA3310001_3310001848_2025-02-06_SE1,< 0.003,< 0.003,< 0.003,< 0.004,< 0.004,< 0.003
CA3310001_3310001851_2025-02-06_SE1,< 0.003,< 0.003,< 0.003,< 0.004,< 0.004,< 0.003
CA3310001_3310001852_2025-02-06_SE1,< 0.003,< 0.003,< 0.003,< 0.004,< 0.004,< 0.003
CA3310001_3310001853_2025-02-06_SE1,< 0.003,< 0.003,< 0.003,< 0.004,< 0.004,< 0.003
CA3310001_3310001854_2025-02-06_SE1,< 0.003,< 0.003,< 0.003,< 0.004,< 0.004,< 0.003
CA3310001_3310001855_2025-02-11_SE1,< 0.003,< 0.003,< 0.003,< 0.004,< 0.004,< 0.003
CA3310002_3310002003_2023-03-16_SE1,< 0.003,< 0.003,< 0.003,< 0.004,< 0.004,< 0.003
CA3310002_3310002005_2023-03-16_SE1,< 0.003,< 0.003,< 0.003,< 0.004,< 0.004,< 0.003
CA3310002_3310002007_2023-03-16_SE1,< 0.003,< 0.003,< 0.003,< 0.004,< 0.004,< 0.003
CA3310002_3310002017_2023-03-16_SE1,< 0.003,< 0.003,< 0.003,< 0.004,< 0.004,< 0.003
CA3310002_3310002022_2023-03-16_SE1,< 0.003,< 0.003,< 0.003,< 0.004,< 0.004,< 0.003
CA3310002_3310002023_2023-03-16_SE1,< 0.003,< 0.003,< 0.003,< 0.004,< 0.004,< 0.003
CA3310002_3310002025_2023-03-16_SE1,< 0.003,< 0.003,< 0.003,< 0.004,< 0.004,< 0.003
CA3310002_3310002026_2023-03-16_SE1,< 0.003,< 0.003,< 0.003,< 0.004,< 0.004,< 0.003
CA3310002_3310002027_2023-03-16_SE1,< 0.003,< 0.003,< 0.003,< 0.004,< 0.004,< 0.003
CA3310002_3310002029_2023-03-16_SE1,< 0.003,< 0.003,< 0.003,< 0.004,< 0.004,< 0.003
CA3310003_EP001_2024-07-08_SE1,< 0.003,< 0.003,< 0.003,< 0.004,< 0.004,< 0.003
CA3310003_EP002_2024-06-04_SE1,< 0.003,< 0.003,< 0.003,< 0.004,< 0.004,< 0.003
CA3310003_EP003_2024-07-08_SE1,< 0.003,< 0.003,< 0.003,< 0.004,< 0.004,< 0.003
CA3310005_3310005019_2023-09-29_SE1,< 0.003,< 0.003,< 0.003,< 0.004,< 0.004,< 0.003
CA3310005_3310005025_2023-06-23_SE1,< 0.003,< 0.003,< 0.003,< 0.004,< 0.004,< 0.003
CA3310005_3310005031_2023-06-23_SE1,< 0.003,< 0.003,< 0.003,< 0.004,< 0.004,< 0.003
CA3310005_3310005039_2023-06-23_SE1,< 0.003,< 0.003,< 0.003,< 0.004,< 0.004,< 0.003
CA3310005_3310005040_2023-06-23_SE1,< 0.003,< 0.003,< 0.003,< 0.004,< 0.004,< 0.003
CA3310005_3310005042_2023-06-23_SE1,< 0.003,< 0.003,< 0.003,< 0.004,< 0.004,< 0.003
CA3310005_3310005043_2023-06-23_SE1,< 0.003,< 0.003,< 0.003,< 0.004,< 0.004,< 0.003
CA3310005_3310005045_2023-06-23_SE1,< 0.003,< 0.003,< 0.003,< 0.004,< 0.004,< 0.003
CA3310005_3310005063_2023-06-23_SE1,< 0.003,< 0.003,< 0.003,< 0.004,< 0.004,< 0.003
CA3310006_3310006001_2023-09-13_SE1,< 0.003,< 0.003,< 0.003,< 0.004,< 0.004,< 0.003
CA3310006_3310006002_2023-09-13_SE1,< 0.003,< 0.003,< 0.003,< 0.004,< 0.004,< 0.003
CA3310006_3310006003_2023-09-13_SE1,< 0.003,< 0.003,< 0.003,< 0.004,< 0.004,< 0.003
CA3310006_3310006004_2023-09-13_SE1,< 0.003,< 0.003,< 0.003,< 0.004,< 0.004,< 0.003
CA3310006_3310006014_2023-09-13_SE1,< 0.003,< 0.003,< 0.003,< 0.004,< 0.004,< 0.003
CA3310006_3310006015_2023-09-13_SE1,< 0.003,< 0.003,< 0.003,< 0.004,< 0.004,< 0.003
CA3310006_3310006016_2023-09-13_SE1,< 0.003,< 0.003,< 0.003,< 0.004,< 0.004,< 0.003
CA3310006_3310006017_2023-09-13_SE1,< 0.003,< 0.003,< 0.003,< 0.004,< 0.004,< 0.003
CA3310006_3310006018_2023-09-13_SE1,< 0.003,< 0.003,< 0.003,< 0.004,< 0.004,< 0.003
CA3310006_3310006021_2023-09-13_SE1,< 0.003,< 0.003,< 0.003,< 0.004,< 0.004,< 0.003
CA3310006_3310006027_2023-09-13_SE1,< 0.003,< 0.003,< 0.003,< 0.004,< 0.004,< 0.003
CA3310006_3310006029_2023-09-13_SE1,< 0.003,< 0.003,< 0.003,< 0.004,< 0.004,< 0.003
CA3310007_EP1_2023-08-16_SE1,< 0.003,< 0.003,< 0.003,< 0.004,< 0.004,< 0.003
CA3310007_EP2_2023-08-16_SE1,< 0.003,< 0.003,< 0.003,< 0.004,< 0.004,< 0.003
CA3310007_EP3_2023-08-16_SE1,< 0.003,< 0.003,< 0.003,< 0.004,< 0.004,< 0.003
CA3310007_EP4_2023-08-16_SE1,< 0.003,< 0.003,< 0.003,< 0.004,< 0.004,< 0.003
CA3310007_EP5_2023-08-16_SE1,< 0.003,< 0.003,< 0.003,< 0.004,< 0.004,< 0.003
CA3310007_EP6_2023-08-16_SE1,< 0.003,< 0.003,< 0.003,< 0.004,< 0.004,< 0.003
CA3310008_EP128_2023-08-02_SE1,< 0.003,< 0.003,< 0.003,< 0.004,< 0.004,< 0.003
CA3310008_EP132_2023-08-02_SE1,< 0.003,< 0.003,< 0.003,< 0.004,< 0.004,< 0.003
CA3310008_EP138_2023-08-02_SE1,< 0.003,< 0.003,< 0.003,< 0.004,< 0.004,< 0.003
CA3310008_EP144_2023-08-02_SE1,< 0.003,< 0.003,< 0.003,< 0.004,< 0.004,< 0.003
CA3310008_EP147_2023-08-02_SE1,< 0.003,< 0.003,< 0.003,< 0.004,< 0.004,< 0.003
CA3310008_EP876_2023-08-02_SE1,< 0.003,< 0.003,< 0.003,< 0.004,< 0.004,< 0.003
CA3310008_EP890_2023-08-02_SE1,< 0.003,< 0.003,< 0.003,< 0.004,< 0.004,< 0.003
CA3310009_3310009002_2023-07-10_SE1,< 0.003,< 0.003,< 0.003,< 0.004,< 0.004,< 0.003
CA3310009_3310009003_2023-07-11_SE1,< 0.003,< 0.003,< 0.003,< 0.004,< 0.004,< 0.003
CA3310009_3310009004_2023-08-28_SE1,< 0.003,< 0.003,< 0.003,< 0.004,< 0.004,< 0.003
CA3310009_3310009800_2023-07-10_SE1,< 0.003,< 0.003,< 0.003,< 0.004,< 0.004,< 0.003
CA3310009_3310009802_2023-07-10_SE1,< 0.003,< 0.003,< 0.003,< 0.004,< 0.004,< 0.003
CA3310009_3310009807_2023-07-10_SE1,< 0.003,< 0.003,< 0.003,< 0.004,< 0.004,< 0.003
CA3310009_3310009808_2023-08-28_SE1,< 0.003,< 0.003,< 0.003,< 0.004,< 0.004,< 0.003
CA3310009_3310009809_2023-07-05_SE1,< 0.003,< 0.003,< 0.003,< 0.004,< 0.004,< 0.003
CA3310009_3310009812_2023-07-17_SE1,< 0.003,< 0.003,< 0.003,< 0.004,< 0.004,< 0.003
CA3310009_3310009820_2023-07-24_SE1,< 0.003,< 0.003,< 0.003,< 0.004,< 0.004,< 0.003
CA3310009_3310009821_2023-07-12_SE1,< 0.003,< 0.003,< 0.003,< 0.004,< 0.004,< 0.003
CA3310009_3310009822_2023-07-11_SE1,< 0.003,< 0.003,< 0.003,< 0.004,< 0.004,< 0.003
CA3310009_3310009823_2023-07-10_SE1,< 0.003,< 0.003,< 0.003,< 0.004,< 0.004,< 0.003
CA3310009_3310009824_2023-07-11_SE1,< 0.003,< 0.003,< 0.003,< 0.004,< 0.004,< 0.003
CA3310012_3310012033033_2023-02-16_SE1,< 0.003,< 0.003,< 0.003,< 0.004,< 0.004,< 0.003
CA3310012_3310012040040_2023-02-16_SE1,< 0.003,< 0.003,< 0.003,< 0.004,< 0.004,< 0.003
CA3310012_3310012041041_2023-02-16_SE1,< 0.003,< 0.003,< 0.003,< 0.004,< 0.004,< 0.003
CA3310012_3310012043043_2023-02-16_SE1,< 0.003,< 0.003,< 0.003,< 0.004,< 0.004,< 0.003
CA3310012_3310012048048_2023-02-16_SE1,< 0.003,< 0.003,< 0.003,< 0.004,< 0.004,< 0.003
CA3310012_3310012064064_2023-05-18_SE1,< 0.003,< 0.003,< 0.003,< 0.004,< 0.004,< 0.003
CA3310012_3310012065065_2023-05-18_SE1,< 0.003,< 0.003,< 0.003,< 0.004,< 0.004,< 0.003
CA3310012_3310012072072_2025-10-27_SE1,< 0.003,< 0.003,< 0.003,< 0.004,< 0.004,< 0.003
CA3310016_331001620_2024-09-16_SE1,< 0.003,< 0.003,< 0.003,< 0.004,< 0.004,< 0.003
CA3310016_3310016812_2024-09-16_SE1,< 0.003,< 0.003,< 0.003,< 0.004,< 0.004,< 0.003
CA3310016_3310016816_2024-09-16_SE1,< 0.003,< 0.003,< 0.003,< 0.004,< 0.004,< 0.003
CA3310017_3310017003003_2023-01-09_SE1,< 0.003,< 0.003,< 0.003,< 0.004,< 0.004,< 0.003
CA3310017_3310017004004_2023-01-09_SE1,< 0.003,< 0.003,< 0.003,< 0.004,< 0.004,< 0.003
CA3310017_3310017006006_2023-01-09_SE1,< 0.003,< 0.003,< 0.003,< 0.004,< 0.004,< 0.003
CA3310017_3310017008008_2023-01-09_SE1,< 0.003,< 0.003,< 0.003,< 0.004,< 0.004,< 0.003
CA3310017_3310017009009_2023-01-09_SE1,< 0.003,0.0044,< 0.003,< 0.004,< 0.004,0.0054
CA3310017_3310017010010_2023-01-09_SE1,< 0.003,< 0.003,< 0.003,< 0.004,< 0.004,< 0.003
CA3310017_3310017013013_2023-01-09_SE1,< 0.003,< 0.003,< 0.003,< 0.004,< 0.004,< 0.003
CA3310017_3310017022022_2023-01-09_SE1,< 0.003,< 0.003,< 0.003,< 0.004,< 0.004,< 0.003
CA3310020_331002001_2023-10-10_SE1,< 0.003,< 0.003,< 0.003,< 0.004,< 0.004,< 0.003
CA3310020_331002002_2023-10-10_SE1,< 0.003,< 0.003,< 0.003,< 0.004,< 0.004,< 0.003
CA3310020_331002003_2023-10-10_SE1,< 0.003,< 0.003,< 0.003,< 0.004,< 0.004,< 0.003
CA3310020_331002004_2023-10-10_SE1,< 0.003,< 0.003,< 0.003,< 0.004,< 0.004,< 0.003
CA3310020_331002005_2023-10-17_SE1,< 0.003,< 0.003,< 0.003,< 0.004,< 0.004,< 0.003
CA3310020_331002006_2023-10-17_SE1,< 0.003,< 0.003,< 0.003,< 0.004,< 0.004,< 0.003
CA3310020_331002007_2023-10-24_SE1,< 0.003,< 0.003,< 0.003,< 0.004,< 0.004,< 0.003
CA3310020_331002008_2023-10-17_SE1,< 0.003,< 0.003,< 0.003,< 0.004,< 0.004,< 0.003
CA3310020_331002009_2023-10-10_SE1,< 0.003,< 0.003,< 0.003,< 0.004,< 0.004,< 0.003
CA3310020_331002010_2023-10-10_SE1,< 0.003,< 0.003,< 0.003,< 0.004,< 0.004,< 0.003
CA3310020_331002011_2023-10-21_SE1,< 0.003,< 0.003,< 0.003,< 0.004,< 0.004,< 0.003
CA3310020_331002012_2023-10-10_SE1,< 0.003,< 0.003,< 0.003,< 0.004,< 0.004,< 0.003
CA3310020_331002013_2023-10-17_SE1,< 0.003,< 0.003,< 0.003,< 0.004,< 0.004,< 0.003
CA3310021_3310021005_2023-06-08_SE1,< 0.003,< 0.003,< 0.003,< 0.004,< 0.004,< 0.003
CA3310021_3310021801_2023-06-08_SE1,< 0.003,< 0.003,< 0.003,< 0.004,< 0.004,< 0.003
CA3310021_3310021802_2023-06-08_SE1,< 0.003,< 0.003,< 0.003,< 0.004,< 0.004,< 0.003
CA3310021_3310021808_2023-06-08_SE1,< 0.003,< 0.003,< 0.003,< 0.004,< 0.004,< 0.003
CA3310021_3310021809_2023-06-08_SE1,< 0.003,< 0.003,< 0.003,< 0.004,< 0.004,< 0.003
CA3310021_3310021813_2023-06-08_SE1,< 0.003,< 0.003,< 0.003,< 0.004,< 0.004,< 0.003
CA3310021_3310021814_2023-06-08_SE1,< 0.003,< 0.003,< 0.003,< 0.004,< 0.004,< 0.003
CA3310021_3310021815_2023-06-08_SE1,< 0.003,< 0.003,< 0.003,< 0.004,< 0.004,< 0.003
CA3310022_3310022803_2024-04-23_SE1,< 0.003,< 0.003,< 0.003,< 0.004,< 0.004,< 0.003
CA3310022_3310022804_2024-04-23_SE1,< 0.003,< 0.003,< 0.003,< 0.004,< 0.004,< 0.003
CA3310022_3310022805_2024-09-18_SE1,< 0.003,< 0.003,< 0.003,< 0.004,< 0.004,< 0.003
CA3310022_3310022807_2024-04-23_SE1,< 0.003,< 0.003,< 0.003,< 0.004,< 0.004,< 0.003
CA3310022_3310022809_2024-04-23_SE1,< 0.003,< 0.003,< 0.003,< 0.004,< 0.004,< 0.003
CA3310022_3310022810_2024-04-23_SE1,< 0.003,< 0.003,< 0.003,< 0.004,< 0.004,< 0.003
CA3310022_3310022811_2024-04-23_SE1,< 0.003,< 0.003,< 0.003,< 0.004,< 0.004,< 0.003
CA3310022_3310022812_2024-04-23_SE1,< 0.003,< 0.003,< 0.003,< 0.004,< 0.004,< 0.003
CA3310022_3310022813_2024-04-23_SE1,< 0.003,< 0.003,< 0.003,< 0.004,< 0.004,< 0.003
CA3310022_3310022816_2024-04-23_SE1,< 0.003,< 0.003,< 0.003,< 0.004,< 0.004,< 0.003
CA3310025_3310025001_2023-09-12_SE1,0.0047,0.0035,0.0065,0.0073,0.0134,0.0048
CA3310025_3310025002_2023-10-05_SE1,< 0.003,< 0.003,0.0041,< 0.004,0.0075,< 0.003
CA3310025_3310025014_2023-09-12_SE1,< 0.003,< 0.003,< 0.003,< 0.004,< 0.004,< 0.003
CA3310025_3310025101_2023-10-24_SE1,< 0.003,< 0.003,0.0035,< 0.004,< 0.004,< 0.003
CA3310025_3310025102_2023-10-24_SE1,0.0030,< 0.003,0.0032,< 0.004,< 0.004,< 0.003
CA3310025_331025031_2023-09-12_SE1,< 0.003,0.0034,< 0.003,< 0.004,< 0.004,0.0059
CA3310026_EP1_2023-03-08_SE1,< 0.003,< 0.003,< 0.003,0.0053,< 0.004,< 0.003
CA3310028_EP101_2025-05-06_SE1,< 0.003,< 0.003,< 0.003,< 0.004,< 0.004,< 0.003
CA3310029_EP1_2023-02-22_SE1,< 0.003,0.011,< 0.003,< 0.004,< 0.004,0.025
CA3310031_3310031107_2023-02-07_SE1,< 0.003,0.0041,< 0.003,< 0.004,< 0.004,0.0067
CA3310032_3310032008_2024-05-07_SE1,< 0.003,< 0.003,< 0.003,< 0.004,< 0.004,< 0.003
CA3310032_3310032009_2024-05-07_SE1,< 0.003,< 0.003,< 0.003,< 0.004,< 0.004,< 0.003
CA3310032_3310032010_2024-05-07_SE1,< 0.003,< 0.003,< 0.003,< 0.004,< 0.004,< 0.003
CA3310033_4BELOWOFF_2025-04-08_SE1,< 0.003,< 0.003,< 0.003,< 0.004,< 0.004,< 0.003
CA3310036_EP1_2024-08-26_SE1,< 0.003,< 0.003,0.003,0.0047,0.0041,< 0.003
CA3310036_EP2_2023-08-11_SE1,< 0.003,< 0.003,< 0.003,< 0.004,< 0.004,< 0.003
CA3310036_EP3_2023-08-11_SE1,< 0.003,< 0.003,< 0.003,< 0.004,< 0.004,< 0.003
CA3310037_3310037113_2023-09-20_SE1,< 0.003,< 0.003,0.0033,< 0.004,< 0.004,< 0.003
CA3310037_3310037114_2023-09-20_SE1,< 0.003,< 0.003,< 0.003,< 0.004,< 0.004,< 0.003
CA3310037_3310037118_2023-09-20_SE1,< 0.003,< 0.003,< 0.003,< 0.004,< 0.004,< 0.003
CA3310037_3310037119_2023-09-20_SE1,< 0.003,< 0.003,< 0.003,< 0.004,< 0.004,< 0.003
CA3310037_3310037120_2023-10-19_SE1,< 0.003,< 0.003,< 0.003,< 0.004,< 0.004,< 0.003
CA3310037_3310037121_2023-09-20_SE1,< 0.003,< 0.003,< 0.003,< 0.004,< 0.004,< 0.003
CA3310037_3310037123_2024-03-27_SE1,< 0.003,< 0.003,< 0.003,< 0.004,< 0.004,< 0.003
CA3310037_3310037801_2023-09-20_SE1,< 0.003,< 0.003,< 0.003,< 0.004,< 0.004,< 0.003
CA3310037_3310037804_2023-09-20_SE1,< 0.003,< 0.003,< 0.003,< 0.004,< 0.004,< 0.003
CA3310037_3310037805_2023-09-20_SE1,< 0.003,< 0.003,< 0.003,< 0.004,< 0.004,< 0.003
CA3310037_3310037806_2023-09-20_SE1,< 0.003,< 0.003,< 0.003,< 0.004,< 0.004,< 0.003
CA3310037_3310037807_2023-09-20_SE1,< 0.003,< 0.003,< 0.003,< 0.004,< 0.004,< 0.003
CA3310037_3310037808_2023-09-20_SE1,< 0.003,0.0038,< 0.003,< 0.004,< 0.004,0.0061
CA3310037_3310037813_2023-09-20_SE1,< 0.003,< 0.003,< 0.003,< 0.004,< 0.004,< 0.003
CA3310037_3310037815_2023-09-20_SE1,< 0.003,< 0.003,< 0.003,< 0.004,< 0.004,< 0.003
CA3310038_99001_2023-05-10_SE1,< 0.003,< 0.003,< 0.003,< 0.004,< 0.004,< 0.003
CA3310038_99095_2023-08-03_SE1,< 0.003,< 0.003,< 0.003,< 0.004,< 0.004,< 0.003
CA3310038_99109_2023-03-23_SE1,< 0.003,< 0.003,< 0.003,< 0.004,< 0.004,< 0.003
CA3310038_99110_2023-03-23_SE1,< 0.003,< 0.003,< 0.003,< 0.004,< 0.004,< 0.003
CA3310038_99113_2023-08-03_SE1,< 0.003,< 0.003,< 0.003,< 0.004,< 0.004,< 0.003
CA3310038_99119_2023-03-20_SE1,0.0033,0.0047,< 0.003,< 0.004,< 0.004,0.0077
CA3310038_99120_2023-03-20_SE1,< 0.003,< 0.003,< 0.003,< 0.004,< 0.004,< 0.003
CA3310038_99122_2023-03-20_SE1,< 0.003,< 0.003,< 0.003,0.0066,0.0041,< 0.003
CA3310038_99123_2023-03-16_SE1,< 0.003,< 0.003,< 0.003,< 0.004,< 0.004,< 0.003
CA3310038_99124_2023-03-20_SE1,< 0.003,< 0.003,< 0.003,< 0.004,< 0.004,< 0.003
CA3310038_99126_2023-03-16_SE1,< 0.003,< 0.003,< 0.003,< 0.004,< 0.004,< 0.003
CA3310038_99130_2023-03-16_SE1,< 0.003,< 0.003,< 0.003,< 0.004,< 0.004,< 0.003
CA3310038_99131_2023-03-16_SE1,< 0.003,< 0.003,< 0.003,< 0.004,< 0.004,< 0.003
CA3310038_99132_2023-06-13_SE1,< 0.003,< 0.003,< 0.003,< 0.004,< 0.004,< 0.003
CA3310038_99133_2023-03-16_SE1,< 0.003,< 0.003,< 0.003,< 0.004,< 0.004,< 0.003
CA3310038_99138_2023-03-14_SE1,< 0.003,< 0.003,< 0.003,< 0.004,< 0.004,< 0.003
CA3310038_99140_2023-03-14_SE1,< 0.003,< 0.003,< 0.003,< 0.004,< 0.004,< 0.003
CA3310038_99141_2023-03-14_SE1,< 0.003,< 0.003,< 0.003,< 0.004,< 0.004,< 0.003
CA3310038_99143_2023-03-14_SE1,< 0.003,< 0.003,< 0.003,< 0.004,< 0.004,< 0.003
CA3310038_99145_2023-03-14_SE1,< 0.003,< 0.003,< 0.003,< 0.004,< 0.004,< 0.003
CA3310038_99149_2023-03-14_SE1,< 0.003,< 0.003,< 0.003,< 0.004,< 0.004,< 0.003
CA3310038_99200_2023-03-16_SE1,< 0.003,< 0.003,< 0.003,< 0.004,< 0.004,< 0.003
CA3310038_99201_2023-03-16_SE1,< 0.003,< 0.003,< 0.003,< 0.004,< 0.004,< 0.003
CA3310038_99203_2023-03-14_SE1,< 0.003,< 0.003,< 0.003,< 0.004,< 0.004,< 0.003
CA3310038_99217_2023-03-16_SE1,< 0.003,< 0.003,< 0.003,< 0.004,< 0.004,< 0.003
CA3310038_99232_2023-03-16_SE1,< 0.003,< 0.003,< 0.003,< 0.004,< 0.004,< 0.003
CA3310038_99233_2023-03-23_SE1,< 0.003,< 0.003,< 0.003,< 0.004,< 0.004,< 0.003
CA3310038_99235_2023-03-14_SE1,< 0.003,< 0.003,< 0.003,< 0.004,< 0.004,< 0.003
CA3310038_99307_2023-04-19_SE1,< 0.003,< 0.003,< 0.003,< 0.004,< 0.004,< 0.003
CA3310038_99308_2023-03-23_SE1,< 0.003,< 0.003,< 0.003,< 0.004,< 0.004,< 0.003
CA3310038_99309_2023-03-14_SE1,< 0.003,< 0.003,< 0.003,< 0.004,< 0.004,< 0.003
CA3310038_EP102_2023-03-23_SE1,0.0073,0.0062,0.0067,0.011,0.016,0.0061
CA3310038_EP151_2024-06-26_SE1,< 0.003,< 0.003,< 0.003,< 0.004,< 0.004,< 0.003
CA3310038_EP156_2023-03-23_SE1,< 0.003,< 0.003,< 0.003,< 0.004,< 0.004,< 0.003
CA3310038_EP177_2023-03-14_SE1,< 0.003,< 0.003,< 0.003,< 0.004,< 0.004,< 0.003
CA3310038_EP211_2023-04-17_SE1,< 0.003,< 0.003,0.0045,0.0096,0.013,< 0.003
CA3310038_EP240_2023-03-14_SE1,< 0.003,< 0.003,< 0.003,< 0.004,< 0.004,< 0.003
CA3310044_3310044801_2023-08-09_SE1,< 0.003,< 0.003,< 0.003,< 0.004,< 0.004,0.0046
CA3310044_3310044803_2023-08-09_SE1,< 0.003,0.0082,< 0.003,< 0.004,< 0.004,0.028
CA3310046_EP1_2023-02-22_SE1,< 0.003,< 0.003,0.0051,< 0.004,0.0043,< 0.003
CA3310048_EP1_2025-04-17_SE1,< 0.003,< 0.003,< 0.003,< 0.004,< 0.004,< 0.003
CA3310048_EP2_2025-04-17_SE1,< 0.003,< 0.003,< 0.003,< 0.004,< 0.004,< 0.003
CA3310048_EP3_2025-04-17_SE1,< 0.003,< 0.003,< 0.003,< 0.004,< 0.004,< 0.003
CA3310048_EP4_2025-04-16_SE1,< 0.003,< 0.003,< 0.003,< 0.004,< 0.004,< 0.003
CA3310049_3310049001_2023-03-08_SE1,< 0.003,< 0.003,< 0.003,< 0.004,< 0.004,< 0.003
CA3310049_3310049002_2023-03-08_SE1,< 0.003,< 0.003,< 0.003,< 0.004,< 0.004,< 0.003
CA3310049_3310049003_2023-04-18_SE1,< 0.003,< 0.003,< 0.003,< 0.004,< 0.004,0.0047
CA3310051_EP013_2023-03-08_SE1,< 0.003,< 0.003,< 0.003,< 0.004,< 0.004,< 0.003
CA3310051_EP014_2023-03-08_SE1,< 0.003,< 0.003,< 0.003,< 0.004,< 0.004,< 0.003
CA3310051_EP015_2023-03-08_SE1,< 0.003,< 0.003,< 0.003,< 0.004,< 0.004,< 0.003
CA3310051_EP016_2023-03-08_SE1,< 0.003,< 0.003,< 0.003,< 0.004,< 0.004,< 0.003
CA3310051_EP017_2023-03-08_SE1,< 0.003,< 0.003,< 0.003,< 0.004,< 0.004,< 0.003
CA3310074_3310074001_2024-10-02_SE1,< 0.003,< 0.003,< 0.003,< 0.004,< 0.004,< 0.003
CA3310082_EP001_2024-04-09_SE1,< 0.003,< 0.003,< 0.003,< 0.004,< 0.004,< 0.003
CA3310800_EP1_2023-05-02_SE1,< 0.003,< 0.003,0.0032,< 0.004,< 0.004,< 0.003
CA3310802_EP001_2024-04-23_SE1,< 0.003,< 0.003,< 0.003,< 0.004,< 0.004,< 0.003
CA3400139_EP001_2025-02-03_SE1,< 0.003,< 0.003,< 0.003,< 0.004,< 0.004,< 0.003
CA3410001_3410001060_2024-05-22_SE1,< 0.003,< 0.003,< 0.003,< 0.004,< 0.004,< 0.003
CA3410001_3410001062_2024-09-18_SE1,< 0.003,< 0.003,< 0.003,< 0.004,< 0.004,< 0.003
CA3410001_3410001149_2026-04-21_SE1,< 0.003,< 0.003,< 0.003,< 0.004,< 0.004,< 0.003
CA3410001_3410001151_2024-06-04_SE1,< 0.003,< 0.003,< 0.003,< 0.004,< 0.004,< 0.003
CA3410001_3410001152_2024-07-16_SE1,< 0.003,< 0.003,< 0.003,< 0.004,< 0.004,< 0.003
CA3410001_3410001155_2024-06-18_SE1,< 0.003,< 0.003,< 0.003,< 0.004,< 0.004,< 0.003
CA3410001_3410001165_2024-06-18_SE1,< 0.003,< 0.003,< 0.003,< 0.004,< 0.004,< 0.003
CA3410001_3410001166_2024-07-16_SE1,< 0.003,< 0.003,< 0.003,< 0.004,< 0.004,< 0.003
CA3410001_3410001167_2024-06-11_SE1,< 0.003,< 0.003,< 0.003,< 0.004,< 0.004,< 0.003
CA3410001_3410001168_2024-07-17_SE1,< 0.003,< 0.003,< 0.003,< 0.004,< 0.004,< 0.003
CA3410001_3410001169_2024-08-20_SE1,< 0.003,< 0.003,< 0.003,< 0.004,< 0.004,< 0.003
CA3410001_3410001174_2024-07-23_SE1,< 0.003,< 0.003,< 0.003,< 0.004,< 0.004,< 0.003
CA3410001_3410001176_2024-06-18_SE1,< 0.003,< 0.003,< 0.003,< 0.004,< 0.004,< 0.003
CA3410001_3410001179_2024-06-11_SE1,< 0.003,< 0.003,< 0.003,< 0.004,< 0.004,< 0.003
CA3410001_3410001182_2024-07-10_SE1,< 0.003,< 0.003,< 0.003,< 0.004,< 0.004,< 0.003
CA3410001_3410001183_2024-06-12_SE1,< 0.003,< 0.003,< 0.003,< 0.004,< 0.004,< 0.003
CA3410001_3410001184_2024-06-04_SE1,< 0.003,< 0.003,< 0.003,< 0.004,< 0.004,< 0.003
CA3410001_3410001188_2024-07-16_SE1,< 0.003,< 0.003,< 0.003,< 0.004,< 0.004,< 0.003
CA3410001_3410001189_2024-06-04_SE1,< 0.003,< 0.003,< 0.003,< 0.004,< 0.004,< 0.003
CA3410001_3410001190_2024-06-11_SE1,< 0.003,< 0.003,< 0.003,< 0.004,< 0.004,< 0.003
CA3410001_3410001191_2024-06-12_SE1,< 0.003,< 0.003,< 0.003,< 0.004,< 0.004,< 0.003
CA3410001_3410001192_2024-06-12_SE1,< 0.003,< 0.003,< 0.003,< 0.004,< 0.004,< 0.003
CA3410001_3410001194_2024-06-20_SE1,< 0.003,< 0.003,< 0.003,< 0.004,< 0.004,< 0.003
CA3410001_3410001195_2024-05-23_SE1,< 0.003,< 0.003,< 0.003,< 0.004,< 0.004,< 0.003
CA3410001_3410001196_2024-05-29_SE1,< 0.003,< 0.003,< 0.003,< 0.004,< 0.004,< 0.003
CA3410001_3410001197_2024-05-23_SE1,< 0.003,0.0031,< 0.003,< 0.004,< 0.004,< 0.003
CA3410001_3410001198_2024-06-13_SE1,< 0.003,< 0.003,< 0.003,< 0.004,< 0.004,< 0.003
CA3410001_3410001200_2024-06-12_SE1,< 0.003,< 0.003,< 0.003,< 0.004,< 0.004,< 0.003
CA3410001_3410001201_2024-06-12_SE1,< 0.003,< 0.003,< 0.003,< 0.004,< 0.004,< 0.003
CA3410001_3410001202_2024-07-16_SE1,0.0047,0.0057,0.0058,< 0.004,< 0.004,0.0071
CA3410001_3410001205_2025-03-27_SE1,< 0.003,< 0.003,< 0.003,< 0.004,< 0.004,< 0.003
CA3410001_3410001206_2024-07-16_SE1,< 0.003,< 0.003,< 0.003,< 0.004,< 0.004,0.0043
CA3410001_3410001207_2024-06-11_SE1,< 0.003,< 0.003,< 0.003,< 0.004,< 0.004,< 0.003
CA3410001_3410001208_2024-06-11_SE1,< 0.003,< 0.003,< 0.003,< 0.004,< 0.004,< 0.003
CA3410001_3410001210_2024-05-29_SE1,< 0.003,< 0.003,< 0.003,< 0.004,< 0.004,< 0.003
CA3410001_3410001212_2024-06-05_SE1,< 0.003,< 0.003,< 0.003,< 0.004,< 0.004,< 0.003
CA3410001_3410001214_2024-06-11_SE1,< 0.003,< 0.003,< 0.003,< 0.004,< 0.004,< 0.003
CA3410001_3410001215_2024-06-05_SE1,< 0.003,0.0036,< 0.003,< 0.004,< 0.004,0.0051
CA3410001_3410001216_2024-06-05_SE1,< 0.003,< 0.003,< 0.003,< 0.004,< 0.004,< 0.003
CA3410001_3410001218_2024-06-04_SE1,< 0.003,< 0.003,< 0.003,< 0.004,< 0.004,< 0.003
CA3410001_3410001219_2024-06-04_SE1,< 0.003,< 0.003,< 0.003,< 0.004,< 0.004,< 0.003
CA3410001_3410001221_2024-05-21_SE1,< 0.003,< 0.003,< 0.003,< 0.004,< 0.004,< 0.003
CA3410001_3410001222_2024-05-21_SE1,< 0.003,< 0.003,< 0.003,< 0.004,< 0.004,< 0.003
CA3410001_3410001223_2024-05-21_SE1,< 0.003,< 0.003,< 0.003,< 0.004,< 0.004,< 0.003
CA3410001_3410001224_2024-06-05_SE1,< 0.003,< 0.003,< 0.003,< 0.004,< 0.004,< 0.003
CA3410001_3410001225_2024-06-12_SE1,< 0.003,< 0.003,< 0.003,< 0.004,< 0.004,< 0.003
CA3410001_3410001230_2024-06-04_SE1,< 0.003,< 0.003,< 0.003,< 0.004,< 0.004,< 0.003
CA3410001_3410001235_2024-06-04_SE1,< 0.003,< 0.003,< 0.003,< 0.004,< 0.004,< 0.003
CA3410001_3410001237_2025-10-17_SE1,< 0.003,< 0.003,< 0.003,< 0.004,< 0.004,< 0.003
CA3410001_3410001238_2024-06-04_SE1,< 0.003,< 0.003,< 0.003,< 0.004,< 0.004,< 0.003
CA3410001_3410001239_2024-06-04_SE1,< 0.003,< 0.003,< 0.003,< 0.004,< 0.004,< 0.003
CA3410001_3410001241_2024-06-13_SE1,< 0.003,< 0.003,< 0.003,< 0.004,< 0.004,< 0.003
CA3410001_3410001246_2024-05-29_SE1,< 0.003,< 0.003,< 0.003,< 0.004,< 0.004,< 0.003
CA3410001_3410001249_2024-06-13_SE1,< 0.003,< 0.003,< 0.003,< 0.004,< 0.004,< 0.003
CA3410001_3410001251_2024-07-23_SE1,< 0.003,< 0.003,< 0.003,< 0.004,< 0.004,< 0.003
CA3410001_3410001261_2024-06-20_SE1,< 0.003,< 0.003,< 0.003,< 0.004,< 0.004,< 0.003
CA3410001_3410001263_2024-05-29_SE1,< 0.003,< 0.003,< 0.003,< 0.004,< 0.004,< 0.003
CA3410001_3410001908_2024-05-22_SE1,< 0.003,< 0.003,< 0.003,< 0.004,< 0.004,< 0.003
CA3410002_EP001_2024-11-14_SE1,< 0.003,< 0.003,< 0.003,< 0.004,0.0045,< 0.003
CA3410002_EP002_2025-05-13_SE1,< 0.003,< 0.003,< 0.003,< 0.004,0.0060,< 0.003
CA3410002_EP003_2024-11-14_SE1,< 0.003,< 0.003,< 0.003,< 0.004,< 0.004,< 0.003
CA3410002_EP004_2024-11-14_SE1,< 0.003,< 0.003,< 0.003,< 0.004,< 0.004,< 0.003
CA3410002_EP005_2024-11-14_SE1,< 0.003,< 0.003,< 0.003,< 0.004,< 0.004,< 0.003
CA3410002_EP006_2024-11-14_SE1,< 0.003,< 0.003,< 0.003,< 0.004,< 0.004,< 0.003
CA3410002_EP007_2024-11-14_SE1,< 0.003,< 0.003,< 0.003,< 0.004,< 0.004,< 0.003
CA3410002_EP008_2024-11-13_SE1,< 0.003,< 0.003,< 0.003,< 0.004,< 0.004,< 0.003
CA3410002_EP009_2024-11-14_SE1,< 0.003,< 0.003,< 0.003,< 0.004,< 0.004,0.0036
CA3410002_EP010_2024-11-14_SE1,< 0.003,< 0.003,< 0.003,< 0.004,< 0.004,< 0.003
CA3410003_EP1_2023-06-20_SE1,< 0.003,< 0.003,< 0.003,< 0.004,< 0.004,< 0.003
CA3410003_EP2_2023-07-25_SE1,< 0.003,< 0.003,< 0.003,< 0.004,< 0.004,< 0.003
CA3410003_EP3_2023-06-20_SE1,< 0.003,< 0.003,< 0.003,< 0.004,< 0.004,< 0.003
CA3410003_EP4_2023-07-25_SE1,< 0.003,< 0.003,< 0.003,< 0.004,< 0.004,< 0.003
CA3410003_EP5_2023-07-25_SE1,< 0.003,< 0.003,< 0.003,< 0.004,< 0.004,< 0.003
CA3410003_EP6_2023-06-20_SE1,< 0.003,< 0.003,< 0.003,< 0.004,< 0.004,< 0.003
CA3410004_3410004006_2024-04-17_SE1,< 0.003,< 0.003,< 0.003,< 0.004,< 0.004,< 0.003
CA3410004_3410004009_2024-04-17_SE1,< 0.003,< 0.003,< 0.003,< 0.004,< 0.004,< 0.003
CA3410004_3410004016_2024-05-09_SE1,< 0.003,0.0046,< 0.003,< 0.004,< 0.004,0.0059
CA3410004_3410004020_2024-04-17_SE1,< 0.003,< 0.003,< 0.003,< 0.004,< 0.004,< 0.003
CA3410004_3410004021_2024-04-17_SE1,< 0.003,< 0.003,< 0.003,< 0.004,< 0.004,< 0.003
CA3410004_3410004802_2024-04-17_SE1,< 0.003,< 0.003,< 0.003,< 0.004,< 0.004,< 0.003
CA3410005_CA34100051_2025-03-10_SE1,< 0.003,< 0.003,< 0.003,< 0.004,< 0.004,< 0.003
CA3410005_CA34100052_2025-01-07_SE1,< 0.003,< 0.003,< 0.003,< 0.004,< 0.004,< 0.003
CA3410006_3410006009_2024-01-10_SE1,< 0.003,< 0.003,< 0.003,< 0.004,< 0.004,< 0.003
CA3410006_341000611_2024-01-10_SE1,< 0.003,< 0.003,< 0.003,< 0.004,< 0.004,< 0.003
CA3410006_341000615_2024-01-10_SE1,< 0.003,< 0.003,< 0.003,< 0.004,< 0.004,< 0.003
CA3410006_341000617_2024-10-09_SE1,< 0.003,< 0.003,< 0.003,< 0.004,< 0.004,< 0.003
CA3410006_34100068_2024-01-10_SE1,< 0.003,< 0.003,< 0.003,< 0.004,< 0.004,< 0.003
CA3410007_EP001_2024-01-08_SE1,< 0.003,< 0.003,< 0.003,< 0.004,< 0.004,< 0.003
CA3410007_EP002_2024-01-09_SE1,< 0.003,< 0.003,< 0.003,< 0.004,< 0.004,< 0.003
CA3410007_EP003_2024-01-08_SE1,< 0.003,< 0.003,< 0.003,< 0.004,< 0.004,< 0.003
CA3410007_EP004_2024-01-08_SE1,< 0.003,< 0.003,< 0.003,< 0.004,< 0.004,< 0.003
CA3410008_3410008000_2023-08-15_SE1,< 0.003,< 0.003,< 0.003,< 0.004,< 0.004,< 0.003
CA3410008_3410008008_2023-08-15_SE1,< 0.003,< 0.003,< 0.003,< 0.004,< 0.004,< 0.003
CA3410008_3410008012_2023-08-15_SE1,< 0.003,< 0.003,< 0.003,< 0.004,< 0.004,< 0.003
CA3410008_3410008014_2023-08-15_SE1,< 0.003,< 0.003,< 0.003,< 0.004,< 0.004,< 0.003
CA3410008_3410008801_2023-08-15_SE1,< 0.003,< 0.003,< 0.003,< 0.004,< 0.004,< 0.003
CA3410009_3410009010_2023-05-25_SE1,< 0.003,< 0.003,< 0.003,< 0.004,< 0.004,< 0.003
CA3410009_3410009012_2023-05-25_SE1,< 0.003,< 0.003,< 0.003,< 0.004,< 0.004,< 0.003
CA3410009_3410009013_2023-05-25_SE1,< 0.003,< 0.003,< 0.003,< 0.004,< 0.004,< 0.003
CA3410009_3410009021_2023-05-25_SE1,< 0.003,< 0.003,< 0.003,< 0.004,< 0.004,< 0.003
CA3410010_3410010801_2023-03-15_SE1,< 0.003,< 0.003,0.0048,< 0.004,< 0.004,< 0.003
CA3410010_3410010805_2023-03-15_SE1,< 0.003,< 0.003,< 0.003,< 0.004,< 0.004,< 0.003
CA3410010_3410010809_2023-03-15_SE1,< 0.003,0.0054,0.0035,0.0082,0.0071,0.0071
CA3410010_3410010810_2023-03-16_SE1,< 0.003,< 0.003,< 0.003,< 0.004,< 0.004,< 0.003
CA3410010_3410010811_2023-03-15_SE1,< 0.003,< 0.003,< 0.003,< 0.004,< 0.004,< 0.003
CA3410010_3410010812_2023-03-22_SE1,< 0.003,< 0.003,< 0.003,< 0.004,< 0.004,< 0.003
CA3410010_3410010814_2023-03-15_SE1,< 0.003,< 0.003,< 0.003,< 0.004,< 0.004,< 0.003
CA3410010_3410010815_2023-03-15_SE1,< 0.003,< 0.003,< 0.003,< 0.004,< 0.004,< 0.003
CA3410010_3410010818_2023-03-27_SE1,< 0.003,< 0.003,< 0.003,< 0.004,< 0.004,< 0.003
CA3410010_3410010819_2023-03-15_SE1,< 0.003,< 0.003,< 0.003,< 0.004,< 0.004,< 0.003
CA3410010_3410010820_2023-03-15_SE1,< 0.003,< 0.003,< 0.003,< 0.004,< 0.004,< 0.003
CA3410010_3410010821_2023-03-23_SE1,< 0.003,0.0035,0.0090,< 0.004,0.0103,< 0.003
CA3410010_3410010822_2023-03-16_SE1,< 0.003,< 0.003,< 0.003,< 0.004,< 0.004,< 0.003
CA3410010_3410010826_2023-03-13_SE1,< 0.003,< 0.003,< 0.003,< 0.004,< 0.004,< 0.003
CA3410010_3410010827_2023-03-13_SE1,< 0.003,< 0.003,< 0.003,< 0.004,< 0.004,< 0.003
CA3410010_3410010828_2023-03-16_SE1,< 0.003,< 0.003,< 0.003,< 0.004,< 0.004,< 0.003
CA3410010_3410010830_2023-03-14_SE1,< 0.003,< 0.003,< 0.003,< 0.004,< 0.004,< 0.003
CA3410010_3410010831_2024-05-06_SE1,< 0.003,< 0.003,0.0034,< 0.004,< 0.004,< 0.003
CA3410010_3410010832_2024-05-06_SE1,< 0.003,< 0.003,< 0.003,< 0.004,< 0.004,< 0.003
CA3410010_CA3410010001_2023-03-13_SE1,< 0.003,< 0.003,< 0.003,< 0.004,< 0.004,< 0.003
CA3410011_3410011813_2024-07-17_SE1,< 0.003,< 0.003,< 0.003,< 0.004,< 0.004,< 0.003
CA3410011_3410011814_2024-07-17_SE1,< 0.003,< 0.003,< 0.003,< 0.004,< 0.004,< 0.003
CA3410011_3410011815_2024-07-17_SE1,< 0.003,< 0.003,< 0.003,< 0.004,< 0.004,< 0.003
CA3410013_3410013037_2023-06-20_SE1,< 0.003,< 0.003,< 0.003,< 0.004,< 0.004,< 0.003
CA3410013_3410013801_2023-02-06_SE1,< 0.003,< 0.003,< 0.003,< 0.004,< 0.004,< 0.003
CA3410013_3410013802_2023-02-06_SE1,< 0.003,< 0.003,< 0.003,< 0.004,< 0.004,< 0.003
CA3410013_3410013803_2024-06-12_SE1,< 0.003,< 0.003,< 0.003,< 0.004,< 0.004,< 0.003
CA3410013_3410013804_2023-02-07_SE1,< 0.003,< 0.003,< 0.003,< 0.004,< 0.004,< 0.003
CA3410013_3410013805_2025-11-19_SE1,< 0.003,< 0.003,< 0.003,< 0.004,< 0.004,< 0.003
CA3410013_3410013806_2023-02-13_SE1,< 0.003,< 0.003,< 0.003,< 0.004,< 0.004,< 0.003
CA3410013_3410013809_2023-02-07_SE1,< 0.003,< 0.003,< 0.003,< 0.004,< 0.004,< 0.003
CA3410013_3410013811_2023-02-08_SE1,< 0.003,< 0.003,< 0.003,< 0.004,< 0.004,< 0.003
CA3410013_3410013813_2023-02-07_SE1,< 0.003,< 0.003,< 0.003,< 0.004,< 0.004,< 0.003
CA3410013_3410013814_2023-02-07_SE1,< 0.003,< 0.003,< 0.003,< 0.004,< 0.004,< 0.003
CA3410013_3410013818_2023-03-30_SE1,< 0.003,< 0.003,< 0.003,< 0.004,< 0.004,< 0.003
CA3410013_3410013819_2023-02-13_SE1,< 0.003,< 0.003,< 0.003,< 0.004,< 0.004,< 0.003
CA3410013_3410013820_2023-02-08_SE1,< 0.003,< 0.003,< 0.003,< 0.004,< 0.004,< 0.003
CA3410013_3410013821_2023-08-16_SE1,< 0.003,< 0.003,< 0.003,< 0.004,< 0.004,< 0.003
CA3410013_3410013822_2023-02-21_SE1,< 0.003,< 0.003,< 0.003,< 0.004,< 0.004,< 0.003
CA3410013_3410013823_2023-02-06_SE1,< 0.003,< 0.003,< 0.003,< 0.004,< 0.004,< 0.003
CA3410013_3410013826_2023-02-06_SE1,< 0.003,< 0.003,< 0.003,< 0.004,< 0.004,< 0.003
CA3410013_3410013828_2023-02-07_SE1,< 0.003,< 0.003,< 0.003,< 0.004,< 0.004,< 0.003
CA3410013_3410013829_2024-06-19_SE1,< 0.003,< 0.003,< 0.003,< 0.004,< 0.004,< 0.003
CA3410014_3410014801_2024-08-05_SE1,< 0.003,< 0.003,< 0.003,< 0.004,< 0.004,< 0.003
CA3410015_3410015805_2023-11-07_SE1,< 0.003,< 0.003,< 0.003,< 0.004,< 0.004,< 0.003
CA3410015_3410015810_2023-11-07_SE1,< 0.003,< 0.003,< 0.003,< 0.004,< 0.004,< 0.003
CA3410015_3410015811_2023-11-07_SE1,< 0.003,< 0.003,< 0.003,< 0.004,< 0.004,< 0.003
CA3410015_3410015812_2023-12-13_SE1,< 0.003,< 0.003,< 0.003,< 0.004,< 0.004,< 0.003
CA3410015_3410015813_2023-11-07_SE1,< 0.003,< 0.003,< 0.003,< 0.004,< 0.004,< 0.003
CA3410015_3410015814_2023-11-07_SE1,< 0.003,< 0.003,< 0.003,< 0.004,< 0.004,< 0.003
CA3410015_3410015815_2023-11-07_SE1,< 0.003,< 0.003,< 0.003,< 0.004,< 0.004,< 0.003
CA3410015_3410015816_2023-12-19_SE1,< 0.003,< 0.003,< 0.003,< 0.004,< 0.004,< 0.003
CA3410016_3410016003_2023-10-11_SE1,< 0.003,< 0.003,< 0.003,< 0.004,< 0.004,< 0.003
CA3410017_3410017031_2023-02-07_SE1,< 0.003,< 0.003,< 0.003,< 0.004,< 0.004,< 0.003
CA3410017_3410017801_2023-02-06_SE1,< 0.003,< 0.003,< 0.003,< 0.004,< 0.004,< 0.003
CA3410017_3410017803_2023-02-16_SE1,< 0.003,< 0.003,0.0051,< 0.004,< 0.004,< 0.003
CA3410017_3410017804_2023-02-06_SE1,< 0.003,< 0.003,< 0.003,< 0.004,< 0.004,< 0.003
CA3410017_3410017805_2023-02-13_SE1,< 0.003,< 0.003,0.0059,< 0.004,0.0104,< 0.003
CA3410017_3410017806_2023-02-07_SE1,< 0.003,< 0.003,< 0.003,< 0.004,< 0.004,< 0.003
CA3410017_3410017808_2023-02-13_SE1,< 0.003,< 0.003,< 0.003,< 0.004,< 0.004,< 0.003
CA3410017_3410017809_2023-02-13_SE1,< 0.003,< 0.003,< 0.003,< 0.004,< 0.004,< 0.003
CA3410017_3410017810_2023-03-16_SE1,< 0.003,< 0.003,< 0.003,< 0.004,< 0.004,< 0.003
CA3410018_3410018801_2024-05-22_SE1,< 0.003,< 0.003,< 0.003,< 0.004,< 0.004,< 0.003
CA3410018_3410018802_2024-05-23_SE1,< 0.003,< 0.003,< 0.003,< 0.004,< 0.004,< 0.003
CA3410018_3410018803_2024-05-22_SE1,< 0.003,< 0.003,< 0.003,< 0.004,< 0.004,< 0.003
CA3410018_3410018804_2024-05-22_SE1,< 0.003,< 0.003,< 0.003,< 0.004,< 0.004,< 0.003
CA3410018_3410018805_2024-05-22_SE1,< 0.003,< 0.003,< 0.003,< 0.004,< 0.004,< 0.003
CA3410018_3410018806_2024-05-22_SE1,< 0.003,< 0.003,< 0.003,< 0.004,< 0.004,< 0.003
CA3410018_3410018807_2024-05-23_SE1,< 0.003,< 0.003,< 0.003,< 0.004,< 0.004,< 0.003
CA3410018_3410018808_2024-05-23_SE1,< 0.003,< 0.003,< 0.003,< 0.004,< 0.004,< 0.003
CA3410018_3410018809_2024-05-22_SE1,< 0.003,< 0.003,< 0.003,< 0.004,< 0.004,< 0.003
CA3410018_3410018810_2024-05-22_SE1,< 0.003,< 0.003,< 0.003,< 0.004,< 0.004,< 0.003
CA3410018_3410018811_2024-05-22_SE1,< 0.003,< 0.003,< 0.003,< 0.004,< 0.004,< 0.003
CA3410018_3410018812_2024-05-22_SE1,< 0.003,< 0.003,< 0.003,< 0.004,< 0.004,< 0.003
CA3410020_3410020045_2023-10-05_SE1,< 0.003,< 0.003,0.0037,< 0.004,< 0.004,< 0.003
CA3410020_3410020801_2023-08-23_SE1,< 0.003,< 0.003,< 0.003,< 0.004,< 0.004,< 0.003
CA3410020_3410020802_2023-08-23_SE1,< 0.003,< 0.003,< 0.003,< 0.004,< 0.004,< 0.003
CA3410020_3410020804_2023-09-28_SE1,< 0.003,< 0.003,< 0.003,< 0.004,< 0.004,< 0.003
CA3410020_3410020808_2023-10-05_SE1,< 0.003,< 0.003,< 0.003,< 0.004,< 0.004,< 0.003
CA3410020_3410020815_2023-10-03_SE1,< 0.003,< 0.003,< 0.003,< 0.004,< 0.004,< 0.003
CA3410020_3410020817_2023-10-05_SE1,0.0034,< 0.003,0.0104,< 0.004,0.0203,< 0.003
CA3410020_3410020822_2023-10-05_SE1,0.0062,0.0057,0.0185,0.0173,0.0363,0.0064
CA3410020_3410020825_2023-10-03_SE1,< 0.003,< 0.003,< 0.003,< 0.004,< 0.004,< 0.003
CA3410020_3410020826_2023-10-05_SE1,< 0.003,< 0.003,< 0.003,< 0.004,0.0075,< 0.003
CA3410020_3410020830_2023-10-03_SE1,< 0.003,< 0.003,< 0.003,< 0.004,< 0.004,< 0.003
CA3410020_3410020832_2023-10-03_SE1,< 0.003,< 0.003,< 0.003,< 0.004,< 0.004,< 0.003
CA3410020_3410020834_2023-10-05_SE1,0.0043,< 0.003,0.0066,< 0.004,0.0169,< 0.003
CA3410021_3410021001_2023-09-05_SE1,< 0.003,< 0.003,< 0.003,< 0.004,< 0.004,< 0.003
CA3410022_01_2025-03-10_SE1,< 0.003,0.0035,0.0034,< 0.004,< 0.004,0.0034
CA3410023_3410023003_2024-01-16_SE1,< 0.003,< 0.003,< 0.003,< 0.004,< 0.004,< 0.003
CA3410023_3410023004_2024-01-16_SE1,< 0.003,< 0.003,< 0.003,< 0.004,< 0.004,< 0.003
CA3410023_3410023005_2024-01-16_SE1,< 0.003,< 0.003,< 0.003,< 0.004,< 0.004,< 0.003
CA3410023_3410023007_2024-01-17_SE1,< 0.003,< 0.003,< 0.003,< 0.004,< 0.004,< 0.003
CA3410023_3410023014_2024-01-10_SE1,< 0.003,< 0.003,< 0.003,< 0.004,< 0.004,< 0.003
CA3410023_3410023016_2024-01-16_SE1,< 0.003,< 0.003,< 0.003,< 0.004,< 0.004,< 0.003
CA3410023_3410023017_2024-01-10_SE1,< 0.003,< 0.003,< 0.003,< 0.004,< 0.004,< 0.003
CA3410023_3410023018_2024-01-10_SE1,< 0.003,< 0.003,< 0.003,< 0.004,< 0.004,< 0.003
CA3410023_3410023036_2024-01-17_SE1,< 0.003,< 0.003,< 0.003,< 0.004,< 0.004,< 0.003
CA3410026_CA3410026002_2024-04-17_SE1,< 0.003,< 0.003,< 0.003,< 0.004,< 0.004,< 0.003
CA3410026_CA3410026003_2024-03-27_SE1,< 0.003,< 0.003,< 0.003,< 0.004,< 0.004,< 0.003
CA3410026_CA3410026004_2024-03-27_SE1,0.003,< 0.003,< 0.003,< 0.004,0.014,< 0.003
CA3410026_EP1_2024-03-27_SE1,< 0.003,< 0.003,< 0.003,< 0.004,0.0081,< 0.003
CA3410029_3410029096_2024-02-15_SE1,< 0.003,< 0.003,< 0.003,< 0.004,< 0.004,< 0.003
CA3410029_3410029801_2024-02-14_SE1,< 0.003,0.0038,< 0.003,0.0040,< 0.004,0.0048
CA3410029_3410029802_2024-02-14_SE1,< 0.003,0.0030,< 0.003,0.0054,0.0069,0.0040
CA3410029_3410029803_2024-02-14_SE1,< 0.003,0.0053,0.0040,0.0064,< 0.004,0.0079
CA3410029_3410029806_2024-02-15_SE1,< 0.003,0.0068,0.0042,0.0070,0.0061,0.0090
CA3410029_3410029810_2024-02-14_SE1,< 0.003,0.0032,< 0.003,0.0066,0.0045,0.0031
CA3410029_3410029811_2024-02-07_SE1,< 0.003,< 0.003,< 0.003,< 0.004,< 0.004,< 0.003
CA3410029_3410029812_2024-02-07_SE1,< 0.003,< 0.003,< 0.003,< 0.004,< 0.004,< 0.003
CA3410029_3410029813_2024-02-08_SE1,< 0.003,< 0.003,< 0.003,< 0.004,< 0.004,< 0.003
CA3410029_3410029814_2024-02-14_SE1,< 0.003,< 0.003,< 0.003,< 0.004,< 0.004,< 0.003
CA3410029_3410029815_2024-02-15_SE1,< 0.003,< 0.003,< 0.003,< 0.004,< 0.004,< 0.003
CA3410029_3410029816_2024-02-13_SE1,< 0.003,< 0.003,< 0.003,< 0.004,< 0.004,< 0.003
CA3410029_3410029817_2024-02-15_SE1,< 0.003,< 0.003,< 0.003,< 0.004,< 0.004,< 0.003
CA3410029_3410029818_2024-02-08_SE1,< 0.003,< 0.003,< 0.003,< 0.004,< 0.004,< 0.003
CA3410029_3410029819_2024-02-14_SE1,< 0.003,< 0.003,< 0.003,< 0.004,< 0.004,< 0.003
CA3410029_3410029820_2025-10-22_SE1,< 0.003,< 0.003,< 0.003,< 0.004,< 0.004,< 0.003
CA3410029_3410029821_2024-02-07_SE1,< 0.003,< 0.003,< 0.003,< 0.004,< 0.004,< 0.003
CA3410029_3410029822_2024-02-15_SE1,< 0.003,< 0.003,< 0.003,< 0.004,< 0.004,< 0.003
CA3410029_3410029825_2024-02-07_SE1,< 0.003,< 0.003,< 0.003,< 0.004,< 0.004,< 0.003
CA3410030_EP1_2025-04-09_SE1,< 0.003,< 0.003,< 0.003,< 0.004,< 0.004,< 0.003
CA3410031_3410031023_2023-09-11_SE1,< 0.003,< 0.003,< 0.003,< 0.004,< 0.004,< 0.003
CA3410031_3410031038_2025-06-24_SE1,< 0.003,< 0.003,< 0.003,< 0.004,< 0.004,< 0.003
CA3410031_3410031801_2023-03-16_SE1,< 0.003,< 0.003,< 0.003,< 0.004,< 0.004,< 0.003
CA3410031_3410031802_2025-07-31_SE1,< 0.003,< 0.003,< 0.003,< 0.004,< 0.004,< 0.003
CA3410031_3410031803_2023-03-15_SE1,< 0.003,< 0.003,< 0.003,< 0.004,< 0.004,< 0.003
CA3410031_3410031804_2024-03-20_SE1,< 0.003,< 0.003,< 0.003,< 0.004,< 0.004,< 0.003
CA3410031_3410031805_2023-03-15_SE1,< 0.003,< 0.003,< 0.003,< 0.004,< 0.004,< 0.003
CA3410031_3410031812_2023-03-15_SE1,< 0.003,< 0.003,< 0.003,< 0.004,< 0.004,< 0.003
CA3410031_3410031813_2023-03-15_SE1,< 0.003,< 0.003,< 0.003,< 0.004,< 0.004,< 0.003
CA3410031_3410031814_2023-05-23_SE1,< 0.003,< 0.003,< 0.003,< 0.004,< 0.004,< 0.003
CA3410031_3410031815_2023-03-15_SE1,< 0.003,< 0.003,< 0.003,< 0.004,< 0.004,< 0.003
CA3410031_3410031816_2023-03-15_SE1,< 0.003,< 0.003,< 0.003,< 0.004,< 0.004,< 0.003
CA3410031_3410031818_2025-03-04_SE1,< 0.003,< 0.003,< 0.003,< 0.004,< 0.004,< 0.003
CA3410031_3410031819_2023-06-20_SE1,< 0.003,< 0.003,< 0.003,< 0.004,< 0.004,< 0.003
CA3410031_3410031820_2025-05-20_SE1,< 0.003,< 0.003,< 0.003,< 0.004,< 0.004,< 0.003
CA3410032_EP1_2025-02-04_SE1,< 0.003,< 0.003,< 0.003,< 0.004,< 0.004,< 0.003
CA3410033_EP11_2024-08-26_SE1,< 0.003,< 0.003,< 0.003,0.0043,0.0055,< 0.003
CA3410033_EP13_2025-05-22_SE1,< 0.003,< 0.003,< 0.003,< 0.004,< 0.004,< 0.003
CA3410033_EP14_2024-02-12_SE1,< 0.003,0.0049,< 0.003,< 0.004,< 0.004,0.0032
CA3410033_EP15_2025-05-22_SE1,< 0.003,< 0.003,< 0.003,< 0.004,< 0.004,< 0.003
CA3410033_EP16_2024-02-14_SE1,< 0.003,0.0078,< 0.003,0.0094,0.0066,0.0055
CA3410033_EP17_2024-02-14_SE1,< 0.003,< 0.003,< 0.003,< 0.004,< 0.004,< 0.003
CA3410033_EP18_2024-02-14_SE1,< 0.003,< 0.003,< 0.003,< 0.004,< 0.004,< 0.003
CA3410033_EP19_2024-02-14_SE1,< 0.003,< 0.003,< 0.003,0.0041,< 0.004,< 0.003
CA3410033_EP20_2024-02-14_SE1,< 0.003,0.0061,< 0.003,0.0066,< 0.004,0.0045
CA3410033_EP21_2024-02-14_SE1,< 0.003,< 0.003,< 0.003,< 0.004,< 0.004,< 0.003
CA3410045_EP001_2023-02-06_SE1,< 0.003,< 0.003,< 0.003,< 0.004,0.0056,< 0.003
CA3410045_EP002_2023-02-06_SE1,< 0.003,< 0.003,< 0.003,< 0.004,< 0.004,< 0.003
CA3410045_EP003_2023-02-06_SE1,< 0.003,< 0.003,< 0.003,< 0.004,< 0.004,< 0.003
CA3410045_EP004_2023-02-06_SE1,< 0.003,0.0037,0.0079,0.006,< 0.004,0.004
CA3410045_EP005_2025-06-09_SE1,< 0.003,< 0.003,< 0.003,< 0.004,< 0.004,< 0.003
CA3410045_EP006_2023-08-09_SE1,< 0.003,< 0.003,< 0.003,< 0.004,< 0.004,< 0.003
CA3410704_3410704008_2024-05-14_SE1,< 0.003,< 0.003,< 0.003,< 0.004,< 0.004,< 0.003
CA3410704_3410704019_2024-05-14_SE1,< 0.003,< 0.003,< 0.003,< 0.004,< 0.004,< 0.003
CA3410704_3410704096_2024-11-18_SE1,< 0.003,< 0.003,< 0.003,< 0.004,< 0.004,< 0.003
CA3500505_EP001_2023-06-27_SE1,< 0.003,< 0.003,< 0.003,< 0.004,< 0.004,< 0.003
CA3500505_EP002_2023-04-04_SE1,< 0.003,< 0.003,< 0.003,< 0.004,< 0.004,< 0.003
CA3500571_EP1_2024-03-27_SE1,< 0.003,< 0.003,< 0.003,< 0.004,< 0.004,< 0.003
CA3510001_3510001001_2023-11-15_SE1,< 0.003,< 0.003,< 0.003,< 0.004,< 0.004,< 0.003
CA3510001_3510001018_2023-11-15_SE1,< 0.003,< 0.003,< 0.003,< 0.004,< 0.004,< 0.003
CA3510001_3510001801_2023-11-15_SE1,< 0.003,< 0.003,< 0.003,< 0.004,< 0.004,< 0.003
CA3510001_3510001802_2023-11-15_SE1,< 0.003,< 0.003,< 0.003,< 0.004,< 0.004,< 0.003
CA3510001_3510001803_2023-11-15_SE1,< 0.003,< 0.003,< 0.003,< 0.004,< 0.004,< 0.003
CA3510001_3510001806_2023-11-15_SE1,< 0.003,< 0.003,< 0.003,< 0.004,< 0.004,< 0.003
CA3510003_3510003014_2025-05-13_SE1,< 0.003,< 0.003,< 0.003,< 0.004,< 0.004,< 0.003
CA3510003_3510003019_2025-05-13_SE1,< 0.003,< 0.003,< 0.003,< 0.004,< 0.004,< 0.003
CA3510003_3510003802_2025-05-13_SE1,< 0.003,< 0.003,< 0.003,< 0.004,< 0.004,< 0.003
CA3510003_3510003803_2025-05-13_SE1,< 0.003,< 0.003,< 0.003,< 0.004,< 0.004,< 0.003
CA3510003_3510003804_2025-05-13_SE1,< 0.003,< 0.003,< 0.003,< 0.004,< 0.004,< 0.003
CA3510003_3510003805_2025-05-13_SE1,< 0.003,< 0.003,< 0.003,< 0.004,< 0.004,< 0.003
CA3510003_3510003807_2025-05-13_SE1,< 0.003,< 0.003,< 0.003,0.0046,< 0.004,< 0.003
CA3600025_EP001_2023-02-13_SE1,< 0.003,< 0.003,< 0.003,< 0.004,< 0.004,< 0.003
CA3600108_EP1_2023-01-11_SE1,< 0.003,< 0.003,< 0.003,< 0.004,< 0.004,< 0.003
CA3600108_EP2_2023-01-11_SE1,< 0.003,< 0.003,< 0.003,< 0.004,< 0.004,< 0.003
CA3600108_EP3_2023-01-11_SE1,< 0.003,< 0.003,< 0.003,< 0.004,< 0.004,< 0.003
CA3600108_EP4_2023-01-11_SE1,< 0.003,< 0.003,< 0.003,< 0.004,< 0.004,< 0.003
CA3600108_EP5_2023-01-11_SE1,< 0.003,< 0.003,< 0.003,< 0.004,< 0.004,< 0.003
CA3600114_01_2025-07-02_SE1,< 0.003,< 0.003,< 0.003,< 0.004,< 0.004,< 0.003
CA3600114_02_2025-07-02_SE1,< 0.003,< 0.003,< 0.003,< 0.004,< 0.004,< 0.003
CA3600152_EP001_2023-01-09_SE1,< 0.003,< 0.003,< 0.003,< 0.004,< 0.004,< 0.003
CA3600152_EP002_2023-01-09_SE1,< 0.003,< 0.003,< 0.003,< 0.004,< 0.004,< 0.003
CA3600152_EP003_2023-01-09_SE1,< 0.003,< 0.003,< 0.003,< 0.004,< 0.004,< 0.003
CA3600200_01_2024-07-08_SE1,< 0.003,< 0.003,< 0.003,< 0.004,< 0.004,< 0.003
CA3600200_02_2024-06-03_SE1,< 0.003,< 0.003,< 0.003,< 0.004,< 0.004,< 0.003
CA3600200_03_2024-07-09_SE1,< 0.003,< 0.003,< 0.003,< 0.004,< 0.004,< 0.003
CA3610001_3610001B1_2023-12-19_SE1,< 0.003,< 0.003,0.0047,< 0.004,0.0043,< 0.003
CA3610001_3610001TO7_2023-12-19_SE1,< 0.003,< 0.003,< 0.003,< 0.004,< 0.004,< 0.003
CA3610003_3610003008_2024-09-04_SE1,< 0.003,< 0.003,< 0.003,< 0.004,< 0.004,< 0.003
CA3610003_3610003026_2024-09-04_SE1,< 0.003,< 0.003,< 0.003,< 0.004,< 0.004,< 0.003
CA3610003_3610003038_2024-09-04_SE1,< 0.003,< 0.003,< 0.003,< 0.004,< 0.004,< 0.003
CA3610003_3610003801_2024-09-04_SE1,< 0.003,< 0.003,< 0.003,< 0.004,< 0.004,< 0.003
CA3610003_3610003802_2024-09-04_SE1,< 0.003,< 0.003,< 0.003,< 0.004,< 0.004,< 0.003
CA3610003_3610003806_2024-09-04_SE1,< 0.003,< 0.003,< 0.003,< 0.004,< 0.004,< 0.003
CA3610003_3610003810_2024-09-04_SE1,< 0.003,< 0.003,< 0.003,< 0.004,< 0.004,< 0.003
CA3610003_3610003811_2024-09-04_SE1,< 0.003,< 0.003,< 0.003,< 0.004,< 0.004,< 0.003
CA3610003_3610003817_2024-09-04_SE1,< 0.003,< 0.003,< 0.003,< 0.004,< 0.004,< 0.003
CA3610003_3610003819_2024-09-04_SE1,< 0.003,< 0.003,< 0.003,< 0.004,< 0.004,< 0.003
CA3610004_3610004001_2023-01-12_SE1,< 0.003,< 0.003,< 0.003,< 0.004,< 0.004,< 0.003
CA3610004_3610004018_2023-01-12_SE1,< 0.003,< 0.003,< 0.003,< 0.004,< 0.004,< 0.003
CA3610004_3610004024_2023-01-11_SE1,< 0.003,< 0.003,< 0.003,< 0.004,< 0.004,< 0.003
CA3610004_3610004031_2023-01-25_SE1,< 0.003,< 0.003,< 0.003,< 0.004,< 0.004,< 0.003
CA3610004_3610004032_2023-01-11_SE1,< 0.003,< 0.003,< 0.003,< 0.004,< 0.004,< 0.003
CA3610004_3610004036_2023-01-18_SE1,< 0.003,< 0.003,< 0.003,< 0.004,< 0.004,< 0.003
CA3610004_3610004042_2023-01-18_SE1,< 0.003,< 0.003,< 0.003,< 0.004,< 0.004,< 0.003
CA3610004_3610004045_2023-01-12_SE1,< 0.003,< 0.003,< 0.003,< 0.004,< 0.004,< 0.003
CA3610004_3610004812_2023-01-11_SE1,< 0.003,< 0.003,< 0.003,< 0.004,< 0.004,< 0.003
CA3610005_EP002_2023-02-07_SE1,< 0.003,0.0047,< 0.003,0.0096,0.0045,0.0035
CA3610005_EP004_2023-05-03_SE1,< 0.003,0.0066,< 0.003,0.012,0.0059,0.0039
CA3610008_EP0006_2024-03-06_SE1,0.0052,< 0.003,< 0.003,< 0.004,< 0.004,< 0.003
CA3610008_EP001_2024-03-06_SE1,0.0092,0.011,0.036,0.0045,0.0090,0.012
CA3610008_EP002_2024-03-06_SE1,< 0.003,< 0.003,< 0.003,< 0.004,< 0.004,< 0.003
CA3610008_EP003_2024-03-06_SE1,< 0.003,< 0.003,< 0.003,< 0.004,< 0.004,< 0.003
CA3610008_EP015_2024-03-06_SE1,< 0.003,< 0.003,0.0062,< 0.004,< 0.004,< 0.003
CA3610012_3610012014_2023-01-31_SE1,< 0.003,< 0.003,< 0.003,< 0.004,< 0.004,< 0.003
CA3610012_3610012015_2025-03-20_SE1,< 0.003,< 0.003,< 0.003,< 0.004,< 0.004,< 0.003
CA3610012_3610012028_2025-03-20_SE1,< 0.003,< 0.003,< 0.003,< 0.004,< 0.004,< 0.003
CA3610012_3610012030_2025-03-20_SE1,< 0.003,< 0.003,< 0.003,< 0.004,< 0.004,< 0.003
CA3610012_3610012201_2023-01-31_SE1,< 0.003,< 0.003,< 0.003,< 0.004,< 0.004,< 0.003
CA3610012_3610012202_2023-01-31_SE1,< 0.003,< 0.003,< 0.003,< 0.004,< 0.004,< 0.003
CA3610012_3610012203_2023-01-31_SE1,< 0.003,< 0.003,< 0.003,< 0.004,< 0.004,< 0.003
CA3610012_3610012204_2025-03-20_SE1,< 0.003,< 0.003,< 0.003,< 0.004,< 0.004,< 0.003
CA3610013_3610013807_2024-02-26_SE1,< 0.003,< 0.003,< 0.003,< 0.004,< 0.004,< 0.003
CA3610013_3610013810_2024-02-26_SE1,< 0.003,< 0.003,< 0.003,< 0.004,< 0.004,< 0.003
CA3610013_3610013811_2024-02-26_SE1,< 0.003,< 0.003,< 0.003,< 0.004,< 0.004,< 0.003
CA3610013_3610013812_2024-02-26_SE1,< 0.003,< 0.003,< 0.003,< 0.004,< 0.004,< 0.003
CA3610013_3610013814_2024-02-26_SE1,< 0.003,< 0.003,< 0.003,< 0.004,< 0.004,< 0.003
CA3610014_3610014033_2023-09-13_SE1,< 0.003,< 0.003,< 0.003,< 0.004,< 0.004,< 0.003
CA3610014_3610014802_2023-07-25_SE1,< 0.003,< 0.003,< 0.003,< 0.004,< 0.004,< 0.003
CA3610014_3610014805_2023-07-25_SE1,< 0.003,< 0.003,< 0.003,< 0.004,< 0.004,< 0.003
CA3610014_3610014806_2023-07-25_SE1,< 0.003,< 0.003,< 0.003,< 0.004,< 0.004,< 0.003
CA3610014_3610014807_2023-08-30_SE1,0.0053,< 0.003,0.0051,0.0059,0.018,< 0.003
CA3610014_3610014808_2023-07-25_SE1,0.01,< 0.003,0.0049,0.0045,0.011,< 0.003
CA3610014_3610014810_2023-07-25_SE1,< 0.003,< 0.003,< 0.003,< 0.004,< 0.004,< 0.003
CA3610014_3610014812_2023-07-25_SE1,0.0032,0.0032,0.004,< 0.004,0.0047,0.0045
CA3610015_EP001_2024-01-08_SE1,< 0.003,< 0.003,< 0.003,< 0.004,< 0.004,< 0.003
CA3610015_EP006_2024-01-08_SE1,< 0.003,< 0.003,< 0.003,< 0.004,< 0.004,< 0.003
CA3610015_EP020_2024-01-09_SE1,0.0040,< 0.003,< 0.003,< 0.004,< 0.004,< 0.003
CA3610015_EP039_2024-01-08_SE1,0.0039,< 0.003,0.0162,< 0.004,< 0.004,< 0.003
CA3610015_EP049_2024-01-08_SE1,< 0.003,< 0.003,< 0.003,< 0.004,< 0.004,< 0.003
CA3610015_EP054_2024-01-09_SE1,< 0.003,< 0.003,< 0.003,< 0.004,< 0.004,< 0.003
CA3610015_EP057_2024-01-08_SE1,0.0032,< 0.003,< 0.003,< 0.004,< 0.004,< 0.003
CA3610015_EP058_2024-01-08_SE1,< 0.003,< 0.003,< 0.003,< 0.004,< 0.004,< 0.003
CA3610015_EP059_2024-01-08_SE1,< 0.003,< 0.003,< 0.003,< 0.004,< 0.004,< 0.003
CA3610015_EP060_2024-01-08_SE1,< 0.003,< 0.003,< 0.003,< 0.004,< 0.004,< 0.003
CA3610015_EP061_2024-01-08_SE1,< 0.003,< 0.003,< 0.003,< 0.004,< 0.004,< 0.003
CA3610015_EP070_2024-01-09_SE1,< 0.003,< 0.003,< 0.003,< 0.004,< 0.004,< 0.003
CA3610015_EP071_2024-04-09_SE1,0.0088,0.0036,< 0.003,0.0045,< 0.004,< 0.003
CA3610015_EP072_2024-01-09_SE1,< 0.003,< 0.003,< 0.003,< 0.004,< 0.004,< 0.003
CA3610015_EP073_2024-01-09_SE1,< 0.003,< 0.003,< 0.003,< 0.004,< 0.004,< 0.003
CA3610015_EP085_2024-01-09_SE1,< 0.003,< 0.003,< 0.003,< 0.004,< 0.004,< 0.003
CA3610018_3610018801_2023-06-15_SE1,< 0.003,< 0.003,< 0.003,< 0.004,< 0.004,< 0.003
CA3610018_3610018803_2023-06-15_SE1,< 0.003,< 0.003,< 0.003,< 0.004,< 0.004,< 0.003
CA3610018_3610018804_2023-06-15_SE1,< 0.003,< 0.003,< 0.003,< 0.004,< 0.004,< 0.003
CA3610018_3610018806_2023-06-15_SE1,< 0.003,< 0.003,< 0.003,< 0.004,< 0.004,< 0.003
CA3610018_3610018807_2023-06-15_SE1,< 0.003,< 0.003,< 0.003,< 0.004,< 0.004,< 0.003
CA3610018_3610018808_2023-06-15_SE1,< 0.003,< 0.003,< 0.003,< 0.004,< 0.004,< 0.003
CA3610018_3610018811_2023-06-15_SE1,< 0.003,< 0.003,< 0.003,< 0.004,< 0.004,< 0.003
CA3610018_3610018812_2023-06-15_SE1,< 0.003,< 0.003,< 0.003,< 0.004,< 0.004,< 0.003
CA3610024_EP001_2023-07-19_SE1,< 0.003,< 0.003,< 0.003,< 0.004,< 0.004,< 0.003
CA3610024_EP001_2023-07-26_SE1,< 0.003,< 0.003,< 0.003,< 0.004,< 0.004,< 0.003
CA3610024_EP001_2023-08-30_SE1,< 0.003,< 0.003,< 0.003,< 0.004,< 0.004,< 0.003
CA3610024_EP001_2023-10-17_SE1,< 0.003,< 0.003,< 0.003,< 0.004,< 0.004,< 0.003
CA3610024_EP001_2023-11-02_SE1,< 0.003,< 0.003,< 0.003,< 0.004,< 0.004,< 0.003
CA3610024_EP001_2024-07-30_SE1,< 0.003,< 0.003,< 0.003,< 0.004,< 0.004,< 0.003
CA3610025_EP1_2025-02-04_SE1,< 0.003,< 0.003,< 0.003,< 0.004,< 0.004,< 0.003
CA3610025_EP2_2025-02-04_SE1,< 0.003,< 0.003,< 0.003,< 0.004,< 0.004,< 0.003
CA3610025_EP3_2025-02-04_SE1,< 0.003,< 0.003,< 0.003,< 0.004,< 0.004,< 0.003
CA3610025_EP4_2025-02-04_SE1,< 0.003,< 0.003,< 0.003,< 0.004,< 0.004,< 0.003
CA3610025_EP5_2025-02-04_SE1,< 0.003,< 0.003,< 0.003,< 0.004,< 0.004,< 0.003
CA3610029_3610029005_2025-05-21_SE1,< 0.003,< 0.003,< 0.003,< 0.004,< 0.004,< 0.003
CA3610029_3610029006_2025-03-18_SE1,< 0.003,< 0.003,< 0.003,< 0.004,< 0.004,< 0.003
CA3610029_3610029007_2025-05-21_SE1,< 0.003,< 0.003,< 0.003,< 0.004,< 0.004,< 0.003
CA3610029_3610029008_2025-03-18_SE1,< 0.003,< 0.003,< 0.003,< 0.004,< 0.004,< 0.003
CA3610029_3610029034_2025-03-18_SE1,< 0.003,< 0.003,0.0045,< 0.004,0.0053,< 0.003
CA3610029_3610029044_2025-03-18_SE1,< 0.003,< 0.003,< 0.003,< 0.004,< 0.004,< 0.003
CA3610029_3610029803_2025-03-18_SE1,< 0.003,< 0.003,0.0074,< 0.004,0.0049,< 0.003
CA3610029_3610029804_2025-03-18_SE1,< 0.003,< 0.003,0.0064,< 0.004,0.005,< 0.003
CA3610031_EP001_2024-02-22_SE1,< 0.003,< 0.003,< 0.003,< 0.004,< 0.004,< 0.003
CA3610032_WELL11_2025-06-24_SE1,< 0.003,< 0.003,< 0.003,< 0.004,< 0.004,< 0.003
CA3610032_WELL12_2025-03-12_SE1,< 0.003,< 0.003,< 0.003,< 0.004,< 0.004,< 0.003
CA3610032_WELL15_2025-03-11_SE1,< 0.003,< 0.003,< 0.003,< 0.004,< 0.004,< 0.003
CA3610034_CDAIITURNOUT_2023-02-28_SE1,< 0.003,< 0.003,< 0.003,0.030,< 0.004,< 0.003
CA3610034_JCSDPOC1_2023-02-28_SE1,< 0.003,< 0.003,< 0.003,< 0.004,< 0.004,< 0.003
CA3610034_JCSDPOC3_2023-04-05_SE1,< 0.003,< 0.003,< 0.003,< 0.004,< 0.004,< 0.003
CA3610034_WELL24EP_2023-02-22_SE1,< 0.003,< 0.003,< 0.003,< 0.004,< 0.004,< 0.003
CA3610034_WELL29EP_2023-02-01_SE1,< 0.003,< 0.003,< 0.003,< 0.004,< 0.004,< 0.003
CA3610034_WELL30EP_2023-02-07_SE1,< 0.003,< 0.003,< 0.003,< 0.004,< 0.004,< 0.003
CA3610034_WELL31EP_2023-02-01_SE1,< 0.003,< 0.003,< 0.003,< 0.004,< 0.004,< 0.003
CA3610034_WELL35EP_2023-02-01_SE1,< 0.003,< 0.003,< 0.003,< 0.004,< 0.004,< 0.003
CA3610034_WELL36EP_2023-02-15_SE1,< 0.003,0.0071,0.0042,< 0.004,0.0052,0.0067
CA3610034_WELL38EP_2023-02-01_SE1,< 0.003,< 0.003,< 0.003,< 0.004,< 0.004,< 0.003
CA3610034_WELL40EP_2023-02-15_SE1,< 0.003,< 0.003,< 0.003,< 0.004,< 0.004,< 0.003
CA3610034_WELL41IXTPEFFLUE_2023-02-02_SE1,< 0.003,< 0.003,< 0.003,< 0.004,< 0.004,< 0.003
CA3610034_WELL45EP_2023-02-01_SE1,< 0.003,< 0.003,< 0.003,< 0.004,< 0.004,< 0.003
CA3610034_WELL46EP_2023-04-07_SE1,< 0.003,< 0.003,< 0.003,< 0.004,< 0.004,< 0.003
CA3610034_WELL47EP_2023-02-15_SE1,< 0.003,< 0.003,< 0.003,< 0.004,< 0.004,< 0.003
CA3610034_WELL49EP_2023-02-15_SE1,< 0.003,< 0.003,< 0.003,< 0.004,< 0.004,< 0.003
CA3610034_WFACONNECTION_2023-02-09_SE1,< 0.003,< 0.003,< 0.003,< 0.004,< 0.004,< 0.003
CA3610036_3610036018_2023-04-26_SE1,< 0.003,< 0.003,< 0.003,< 0.004,< 0.004,< 0.003
CA3610036_3610036020_2023-04-26_SE1,< 0.003,< 0.003,< 0.003,< 0.004,< 0.004,< 0.003
CA3610037_3610037003_2023-08-01_SE1,< 0.003,< 0.003,< 0.003,< 0.004,< 0.004,< 0.003
CA3610037_3610037008_2023-08-02_SE1,< 0.003,< 0.003,< 0.003,< 0.004,< 0.004,< 0.003
CA3610037_3610037012_2023-08-02_SE1,< 0.003,< 0.003,< 0.003,< 0.004,< 0.004,< 0.003
CA3610037_3610037017_2023-08-02_SE1,< 0.003,< 0.003,< 0.003,< 0.004,< 0.004,< 0.003
CA3610037_3610037019_2023-08-02_SE1,< 0.003,< 0.003,< 0.003,< 0.004,< 0.004,< 0.003
CA3610037_3610037021_2023-08-01_SE1,< 0.003,< 0.003,< 0.003,< 0.004,< 0.004,< 0.003
CA3610037_3610037029_2023-08-08_SE1,< 0.003,< 0.003,< 0.003,< 0.004,< 0.004,< 0.003
CA3610037_3610037031_2023-08-02_SE1,< 0.003,< 0.003,< 0.003,< 0.004,< 0.004,< 0.003
CA3610037_3610037035_2023-08-02_SE1,< 0.003,< 0.003,< 0.003,< 0.004,< 0.004,< 0.003
CA3610037_3610037037_2023-08-01_SE1,< 0.003,< 0.003,< 0.003,< 0.004,< 0.004,< 0.003
CA3610037_3610037039_2023-08-02_SE1,< 0.003,< 0.003,0.0048,< 0.004,< 0.004,< 0.003
CA3610037_3610037053_2023-08-08_SE1,< 0.003,< 0.003,< 0.003,< 0.004,0.005,< 0.003
CA3610037_3610037055_2023-08-01_SE1,< 0.003,< 0.003,< 0.003,< 0.004,< 0.004,< 0.003
CA3610037_3610037062_2023-08-01_SE1,< 0.003,< 0.003,< 0.003,< 0.004,< 0.004,< 0.003
CA3610037_3610037069_2023-08-01_SE1,< 0.003,< 0.003,< 0.003,< 0.004,< 0.004,< 0.003
CA3610037_3610037070_2023-08-01_SE1,< 0.003,< 0.003,< 0.003,< 0.004,< 0.004,< 0.003
CA3610037_3610037071_2023-08-08_SE1,< 0.003,< 0.003,< 0.003,0.0043,0.0053,< 0.003
CA3610037_3610037073_2023-08-08_SE1,< 0.003,< 0.003,< 0.003,< 0.004,< 0.004,< 0.003
CA3610038_3610038001_2023-07-19_SE1,< 0.003,< 0.003,< 0.003,< 0.004,< 0.004,< 0.003
CA3610038_3610038001_2023-09-26_SE1,< 0.003,< 0.003,< 0.003,< 0.004,< 0.004,< 0.003
CA3610038_3610038004_2023-07-19_SE1,< 0.003,< 0.003,< 0.003,< 0.004,< 0.004,< 0.003
CA3610038_3610038016_2023-08-24_SE1,< 0.003,< 0.003,< 0.003,< 0.004,< 0.004,< 0.003
CA3610038_3610038019_2023-07-19_SE1,< 0.003,< 0.003,< 0.003,< 0.004,< 0.004,< 0.003
CA3610038_3610038020_2023-08-24_SE1,< 0.003,< 0.003,< 0.003,< 0.004,< 0.004,< 0.003
CA3610038_3610038021_2023-07-19_SE1,< 0.003,< 0.003,< 0.003,< 0.004,< 0.004,< 0.003
CA3610038_3610038051_2023-07-19_SE1,< 0.003,< 0.003,< 0.003,< 0.004,< 0.004,< 0.003
CA3610038_3610038801_2023-07-19_SE1,0.0046,0.012,0.0035,0.0073,< 0.004,0.014
CA3610039_EP1_2024-04-18_SE1,< 0.003,< 0.003,< 0.003,< 0.004,< 0.004,< 0.003
CA3610039_EP10_2024-04-17_SE1,< 0.003,< 0.003,< 0.003,< 0.004,< 0.004,< 0.003
CA3610039_EP11_2024-04-17_SE1,< 0.003,< 0.003,< 0.003,< 0.004,< 0.004,< 0.003
CA3610039_EP13_2024-04-17_SE1,< 0.003,< 0.003,< 0.003,< 0.004,< 0.004,< 0.003
CA3610039_EP14_2024-04-17_SE1,< 0.003,< 0.003,< 0.003,< 0.004,< 0.004,< 0.003
CA3610039_EP15_2024-04-17_SE1,< 0.003,< 0.003,< 0.003,< 0.004,< 0.004,< 0.003
CA3610039_EP18_2024-04-18_SE1,< 0.003,< 0.003,< 0.003,< 0.004,< 0.004,< 0.003
CA3610039_EP19_2024-04-18_SE1,< 0.003,< 0.003,< 0.003,< 0.004,< 0.004,< 0.003
CA3610039_EP2_2024-04-18_SE1,< 0.003,< 0.003,< 0.003,< 0.004,< 0.004,< 0.003
CA3610039_EP20_2024-04-17_SE1,< 0.003,< 0.003,< 0.003,< 0.004,< 0.004,< 0.003
CA3610039_EP22_2024-04-18_SE1,< 0.003,< 0.003,< 0.003,< 0.004,< 0.004,< 0.003
CA3610039_EP24_2024-04-17_SE1,< 0.003,< 0.003,< 0.003,< 0.004,< 0.004,< 0.003
CA3610039_EP25_2024-04-17_SE1,< 0.003,< 0.003,< 0.003,< 0.004,< 0.004,< 0.003
CA3610039_EP26_2024-04-17_SE1,< 0.003,< 0.003,< 0.003,< 0.004,< 0.004,< 0.003
CA3610039_EP27_2024-04-18_SE1,< 0.003,< 0.003,< 0.003,< 0.004,< 0.004,< 0.003
CA3610039_EP28_2024-04-18_SE1,< 0.003,< 0.003,< 0.003,< 0.004,< 0.004,< 0.003
CA3610039_EP29_2024-04-17_SE1,< 0.003,< 0.003,< 0.003,< 0.004,< 0.004,< 0.003
CA3610039_EP3_2024-04-18_SE1,< 0.003,< 0.003,< 0.003,< 0.004,< 0.004,< 0.003
CA3610039_EP4_2024-04-18_SE1,< 0.003,< 0.003,< 0.003,< 0.004,< 0.004,< 0.003
CA3610039_EP6_2024-04-18_SE1,< 0.003,< 0.003,< 0.003,< 0.004,< 0.004,< 0.003
CA3610039_EP7_2024-04-17_SE1,< 0.003,< 0.003,< 0.003,< 0.004,< 0.004,< 0.003
CA3610039_EP9_2024-04-18_SE1,< 0.003,< 0.003,< 0.003,< 0.004,< 0.004,< 0.003
CA3610041_3610041025_2023-06-05_SE1,< 0.003,< 0.003,< 0.003,< 0.004,< 0.004,< 0.003
CA3610041_3610041805_2023-06-05_SE1,< 0.003,< 0.003,< 0.003,< 0.004,< 0.004,< 0.003
CA3610041_3610041812_2023-06-22_SE1,< 0.003,< 0.003,< 0.003,< 0.004,< 0.004,< 0.003
CA3610041_3610041821_2023-08-03_SE1,< 0.003,< 0.003,< 0.003,< 0.004,< 0.004,< 0.003
CA3610041_3610041823_2023-06-27_SE1,< 0.003,< 0.003,< 0.003,< 0.004,< 0.004,< 0.003
CA3610041_3610041824_2023-06-07_SE1,< 0.003,< 0.003,< 0.003,< 0.004,< 0.004,< 0.003
CA3610041_3610041825_2023-08-30_SE1,< 0.003,< 0.003,< 0.003,< 0.004,< 0.004,< 0.003
CA3610041_3610041826_2023-06-05_SE1,< 0.003,< 0.003,< 0.003,< 0.004,< 0.004,< 0.003
CA3610041_3610041827_2023-09-05_SE1,< 0.003,< 0.003,< 0.003,< 0.004,< 0.004,< 0.003
CA3610041_3610041828_2023-06-07_SE1,< 0.003,< 0.003,< 0.003,< 0.004,< 0.004,< 0.003
CA3610043_3610043802_2023-03-21_SE1,< 0.003,< 0.003,< 0.003,< 0.004,< 0.004,< 0.003
CA3610043_3610043803_2023-03-21_SE1,< 0.003,< 0.003,0.0046,< 0.004,< 0.004,< 0.003
CA3610043_3610043805_2023-03-21_SE1,< 0.003,< 0.003,0.0033,< 0.004,< 0.004,< 0.003
CA3610043_3610043807_2023-03-21_SE1,< 0.003,< 0.003,< 0.003,< 0.004,< 0.004,< 0.003
CA3610044_01_2023-11-15_SE1,0.0039,< 0.003,0.0041,< 0.004,< 0.004,< 0.003
CA3610044_02_2023-11-15_SE1,< 0.003,< 0.003,< 0.003,< 0.004,< 0.004,< 0.003
CA3610044_03_2023-11-15_SE1,< 0.003,< 0.003,< 0.003,< 0.004,< 0.004,< 0.003
CA3610044_04_2023-11-15_SE1,< 0.003,< 0.003,< 0.003,< 0.004,< 0.004,< 0.003
CA3610044_07_2023-11-16_SE1,0.0064,< 0.003,0.0036,< 0.004,< 0.004,< 0.003
CA3610044_08_2023-11-16_SE1,0.0065,< 0.003,< 0.003,< 0.004,0.0061,< 0.003
CA3610044_09_2023-11-16_SE1,< 0.003,< 0.003,< 0.003,< 0.004,< 0.004,< 0.003
CA3610044_10_2023-11-16_SE1,< 0.003,< 0.003,< 0.003,< 0.004,< 0.004,< 0.003
CA3610044_11_2023-11-16_SE1,< 0.003,< 0.003,< 0.003,< 0.004,< 0.004,< 0.003
CA3610044_12_2023-11-29_SE1,< 0.003,< 0.003,< 0.003,< 0.004,< 0.004,< 0.003
CA3610044_13_2023-11-29_SE1,< 0.003,< 0.003,< 0.003,< 0.004,< 0.004,< 0.003
CA3610044_14_2023-12-06_SE1,0.0033,< 0.003,0.0059,< 0.004,< 0.004,< 0.003
CA3610044_15_2023-12-06_SE1,< 0.003,< 0.003,0.0050,< 0.004,< 0.004,< 0.003
CA3610044_16_2023-12-06_SE1,< 0.003,< 0.003,< 0.003,< 0.004,< 0.004,< 0.003
CA3610044_17_2024-04-10_SE1,0.0037,< 0.003,< 0.003,< 0.004,< 0.004,< 0.003
CA3610044_18_2023-11-29_SE1,< 0.003,< 0.003,< 0.003,< 0.004,< 0.004,< 0.003
CA3610044_19_2023-11-29_SE1,< 0.003,< 0.003,< 0.003,< 0.004,< 0.004,< 0.003
CA3610044_20_2023-12-06_SE1,< 0.003,< 0.003,< 0.003,< 0.004,< 0.004,< 0.003
CA3610044_21_2023-11-29_SE1,< 0.003,< 0.003,< 0.003,< 0.004,< 0.004,< 0.003
CA3610044_22_2023-12-06_SE1,< 0.003,< 0.003,< 0.003,< 0.004,< 0.004,< 0.003
CA3610044_25_2023-12-13_SE1,< 0.003,< 0.003,< 0.003,< 0.004,< 0.004,< 0.003
CA3610047_3610047801_2024-03-19_SE1,< 0.003,< 0.003,< 0.003,< 0.004,< 0.004,< 0.003
CA3610047_3610047802_2024-03-26_SE1,< 0.003,< 0.003,< 0.003,< 0.004,< 0.004,< 0.003
CA3610047_3610047803_2024-04-09_SE1,< 0.003,< 0.003,< 0.003,< 0.004,< 0.004,< 0.003
CA3610047_3610047804_2025-03-12_SE1,< 0.003,< 0.003,< 0.003,< 0.004,< 0.004,< 0.003
CA3610047_3610047805_2024-03-19_SE1,< 0.003,< 0.003,< 0.003,< 0.004,< 0.004,< 0.003
CA3610047_3610047806_2024-03-26_SE1,0.0079,< 0.003,< 0.003,< 0.004,< 0.004,< 0.003
CA3610047_3610047807_2024-02-14_SE1,< 0.003,< 0.003,< 0.003,< 0.004,< 0.004,< 0.003
CA3610047_3610047808_2024-02-14_SE1,< 0.003,< 0.003,< 0.003,< 0.004,< 0.004,< 0.003
CA3610049_3610049012_2024-10-09_SE1,< 0.003,< 0.003,< 0.003,< 0.004,< 0.004,< 0.003
CA3610049_3610049014_2024-10-09_SE1,< 0.003,< 0.003,< 0.003,< 0.004,< 0.004,< 0.003
CA3610049_3610049015_2024-10-09_SE1,< 0.003,< 0.003,< 0.003,< 0.004,< 0.004,< 0.003
CA3610049_3610049016_2024-10-09_SE1,< 0.003,< 0.003,< 0.003,< 0.004,< 0.004,< 0.003
CA3610049_3610049019_2024-10-09_SE1,< 0.003,< 0.003,< 0.003,< 0.004,< 0.004,< 0.003
CA3610049_3610049021_2024-10-09_SE1,< 0.003,< 0.003,< 0.003,< 0.004,< 0.004,< 0.003
CA3610049_3610049023_2024-10-09_SE1,< 0.003,< 0.003,< 0.003,< 0.004,< 0.004,< 0.003
CA3610050_3610050004_2024-04-01_SE1,< 0.003,< 0.003,< 0.003,< 0.004,< 0.004,< 0.003
CA3610050_3610050047_2024-04-17_SE1,< 0.003,< 0.003,< 0.003,< 0.004,< 0.004,< 0.003
CA3610050_3610050049_2024-04-01_SE1,< 0.003,< 0.003,< 0.003,< 0.004,< 0.004,< 0.003
CA3610050_3610050050_2024-04-01_SE1,< 0.003,< 0.003,< 0.003,< 0.004,< 0.004,< 0.003
CA3610050_3610050051_2024-04-01_SE1,< 0.003,< 0.003,< 0.003,< 0.004,< 0.004,< 0.003
CA3610050_3610050052_2024-04-01_SE1,< 0.003,< 0.003,< 0.003,< 0.004,< 0.004,< 0.003
CA3610050_3610050053_2024-04-01_SE1,< 0.003,< 0.003,< 0.003,< 0.004,< 0.004,< 0.003
CA3610050_3610050054_2024-04-01_SE1,< 0.003,< 0.003,< 0.003,< 0.004,< 0.004,< 0.003
CA3610050_3610050802_2024-04-01_SE1,< 0.003,< 0.003,< 0.003,< 0.004,< 0.004,< 0.003
CA3610050_3610050803_2024-04-17_SE1,< 0.003,0.0055,< 0.003,< 0.004,< 0.004,0.0057
CA3610052_3610052015_2023-09-07_SE1,< 0.003,< 0.003,< 0.003,< 0.004,< 0.004,< 0.003
CA3610052_3610052016_2023-07-10_SE1,< 0.003,< 0.003,< 0.003,< 0.004,< 0.004,< 0.003
CA3610052_3610052017_2023-07-10_SE1,< 0.003,< 0.003,< 0.003,< 0.004,< 0.004,< 0.003
CA3610052_3610052019_2023-07-10_SE1,< 0.003,< 0.003,< 0.003,< 0.004,< 0.004,< 0.003
CA3610052_3610052020_2023-07-11_SE1,< 0.003,< 0.003,< 0.003,< 0.004,< 0.004,< 0.003
CA3610052_3610052023_2023-07-12_SE1,< 0.003,< 0.003,< 0.003,< 0.004,< 0.004,< 0.003
CA3610052_3610052028_2024-07-09_SE1,< 0.003,< 0.003,< 0.003,< 0.004,< 0.004,< 0.003
CA3610052_3610052029_2024-07-02_SE1,< 0.003,< 0.003,< 0.003,< 0.004,< 0.004,< 0.003
CA3610052_3610052030_2024-07-01_SE1,< 0.003,< 0.003,< 0.003,< 0.004,< 0.004,< 0.003
CA3610052_3610052032_2024-07-01_SE1,< 0.003,< 0.003,< 0.003,< 0.004,< 0.004,< 0.003
CA3610052_3610052035_2024-07-01_SE1,< 0.003,< 0.003,< 0.003,< 0.004,< 0.004,< 0.003
CA3610052_3610052037_2024-07-02_SE1,< 0.003,< 0.003,< 0.003,< 0.004,< 0.004,< 0.003
CA3610052_3610052043_2024-07-22_SE1,< 0.003,< 0.003,< 0.003,< 0.004,< 0.004,< 0.003
CA3610052_3610052054_2024-07-02_SE1,< 0.003,< 0.003,< 0.003,< 0.004,< 0.004,< 0.003
CA3610053_EP1_2025-01-06_SE1,< 0.003,< 0.003,< 0.003,< 0.004,< 0.004,< 0.003
CA3610055_3610055001_2023-10-24_SE1,< 0.003,< 0.003,< 0.003,< 0.004,< 0.004,< 0.003
CA3610055_3610055002_2023-10-24_SE1,< 0.003,< 0.003,< 0.003,< 0.004,< 0.004,< 0.003
CA3610055_3610055003_2023-10-24_SE1,< 0.003,< 0.003,< 0.003,< 0.004,< 0.004,< 0.003
CA3610055_3610055016_2023-10-10_SE1,< 0.003,< 0.003,< 0.003,< 0.004,< 0.004,< 0.003
CA3610055_3610055017_2023-10-10_SE1,< 0.003,< 0.003,< 0.003,< 0.004,< 0.004,0.0047
CA3610055_3610055025_2023-10-10_SE1,0.0089,0.0071,< 0.003,0.0042,< 0.004,0.0089
CA3610055_3610055036_2023-10-10_SE1,< 0.003,< 0.003,< 0.003,< 0.004,< 0.004,< 0.003
CA3610055_3610055037_2023-10-10_SE1,< 0.003,< 0.003,< 0.003,< 0.004,< 0.004,< 0.003
CA3610055_3610055051_2023-10-10_SE1,< 0.003,< 0.003,< 0.003,< 0.004,< 0.004,0.0043
CA3610055_3610055054_2023-10-10_SE1,< 0.003,< 0.003,< 0.003,< 0.004,< 0.004,< 0.003
CA3610055_3610055058_2023-10-24_SE1,< 0.003,< 0.003,< 0.003,< 0.004,< 0.004,< 0.003
CA3610055_3610055078_2023-10-11_SE1,< 0.003,< 0.003,< 0.003,< 0.004,< 0.004,< 0.003
CA3610055_3610055103_2023-10-11_SE1,< 0.003,< 0.003,< 0.003,< 0.004,< 0.004,< 0.003
CA3610057_3610057005_2024-07-22_SE1,< 0.003,0.0035,0.0037,< 0.004,< 0.004,< 0.003
CA3610057_3610057008_2024-07-22_SE1,0.013,0.014,0.014,0.018,0.012,0.017
CA3610057_3610057011_2024-07-22_SE1,< 0.003,< 0.003,< 0.003,< 0.004,< 0.004,< 0.003
CA3610062_GWCC045_2025-01-06_SE1,< 0.003,< 0.003,< 0.003,< 0.004,< 0.004,< 0.003
CA3610062_GWSS031_2025-01-06_SE1,< 0.003,< 0.003,< 0.003,< 0.004,< 0.004,< 0.003
CA3610062_GWSS044_2025-01-07_SE1,< 0.003,0.0040,0.0039,< 0.004,< 0.004,0.0055
CA3610062_GWSS048_2025-03-25_SE1,< 0.003,< 0.003,< 0.003,< 0.004,< 0.004,< 0.003
CA3610062_GWSS049_2025-01-07_SE1,< 0.003,< 0.003,< 0.003,< 0.004,< 0.004,< 0.003
CA3610062_GWSS051_2025-01-06_SE1,< 0.003,< 0.003,< 0.003,< 0.004,< 0.004,< 0.003
CA3610062_GWSS101_2025-01-07_SE1,0.0054,0.0080,0.0416,0.0075,0.0255,0.0065
CA3610062_GWSS102_2025-01-07_SE1,< 0.003,0.0031,0.0066,< 0.004,0.0117,0.0039
CA3610062_GWSS105_2025-01-06_SE1,0.0037,0.0038,0.0032,0.0083,0.0048,0.0052
CA3610062_MXCC046_2025-01-06_SE1,< 0.003,< 0.003,< 0.003,< 0.004,< 0.004,< 0.003
CA3610064_3610064001_2024-10-21_SE1,< 0.003,< 0.003,< 0.003,< 0.004,< 0.004,< 0.003
CA3610064_3610064002_2024-10-16_SE1,< 0.003,< 0.003,< 0.003,< 0.004,< 0.004,< 0.003
CA3610064_3610064015_2024-10-16_SE1,< 0.003,< 0.003,< 0.003,< 0.004,< 0.004,< 0.003
CA3610064_3610064017_2024-10-09_SE1,< 0.003,< 0.003,< 0.003,< 0.004,< 0.004,< 0.003
CA3610064_3610064019_2024-10-16_SE1,< 0.003,< 0.003,< 0.003,< 0.004,< 0.004,< 0.003
CA3610064_3610064020_2024-10-09_SE1,< 0.003,< 0.003,< 0.003,< 0.004,< 0.004,< 0.003
CA3610064_3610064021_2024-10-09_SE1,< 0.003,< 0.003,< 0.003,< 0.004,< 0.004,< 0.003
CA3610064_3610064029_2024-10-21_SE1,0.0089,0.0047,0.0040,0.0084,0.012,0.0047
CA3610064_3610064031_2024-10-21_SE1,< 0.003,< 0.003,< 0.003,< 0.004,< 0.004,< 0.003
CA3610064_3610064042_2024-10-09_SE1,0.0048,< 0.003,< 0.003,< 0.004,0.0041,< 0.003
CA3610064_3610064044_2024-10-09_SE1,< 0.003,< 0.003,< 0.003,< 0.004,< 0.004,< 0.003
CA3610064_3610064047_2024-10-09_SE1,< 0.003,< 0.003,< 0.003,< 0.004,< 0.004,< 0.003
CA3610064_3610064053_2024-10-16_SE1,< 0.003,< 0.003,< 0.003,< 0.004,< 0.004,< 0.003
CA3610073_3610073001_2024-09-16_SE1,< 0.003,< 0.003,< 0.003,< 0.004,< 0.004,< 0.003
CA3610073_3610073002_2025-08-14_SE1,< 0.003,< 0.003,< 0.003,< 0.004,< 0.004,< 0.003
CA3610073_3610073801_2024-09-11_SE1,< 0.003,< 0.003,< 0.003,< 0.004,< 0.004,< 0.003
CA3610073_3610073803_2024-09-16_SE1,< 0.003,< 0.003,< 0.003,< 0.004,< 0.004,< 0.003
CA3610073_3610073807_2024-09-11_SE1,< 0.003,< 0.003,< 0.003,< 0.004,< 0.004,< 0.003
CA3610073_3610073809_2024-09-11_SE1,< 0.003,< 0.003,< 0.003,< 0.004,< 0.004,< 0.003
CA3610073_3610073812_2024-09-16_SE1,< 0.003,< 0.003,< 0.003,< 0.004,< 0.004,< 0.003
CA3610085_EP1_2025-04-15_SE1,< 0.003,< 0.003,< 0.003,< 0.004,< 0.004,< 0.003
CA3610085_EP2_2025-04-15_SE1,< 0.003,< 0.003,< 0.003,< 0.004,< 0.004,< 0.003
CA3610085_EP3_2025-04-15_SE1,< 0.003,< 0.003,< 0.003,< 0.004,< 0.004,< 0.003
CA3610085_EP4_2025-04-15_SE1,< 0.003,< 0.003,< 0.003,< 0.004,< 0.004,< 0.003
CA3610093_008_2024-03-12_SE1,< 0.003,< 0.003,< 0.003,< 0.004,< 0.004,< 0.003
CA3610093_EP009_2024-03-12_SE1,< 0.003,< 0.003,< 0.003,< 0.004,< 0.004,< 0.003
CA3610107_3610107801_2025-05-20_SE1,< 0.003,< 0.003,< 0.003,< 0.004,< 0.004,< 0.003
CA3610107_3610107803_2025-05-20_SE1,< 0.003,< 0.003,< 0.003,< 0.004,< 0.004,< 0.003
CA3610109_800800_2025-07-07_SE1,0.0058,0.0044,< 0.003,< 0.004,< 0.004,0.0095
CA3610112_EP001_2023-01-11_SE1,0.0041,0.0047,0.0089,0.0061,0.011,0.005
CA3610112_EP002_2023-01-11_SE1,0.0059,0.0041,0.011,0.0089,0.018,0.0049
CA3610120_3610120800_2024-03-13_SE1,< 0.003,< 0.003,< 0.003,< 0.004,< 0.004,< 0.003
CA3610120_3610120804_2024-03-13_SE1,< 0.003,< 0.003,< 0.003,< 0.004,< 0.004,< 0.003
CA3610120_3610120807_2024-03-13_SE1,< 0.003,< 0.003,< 0.003,< 0.004,< 0.004,< 0.003
CA3610120_3610120808_2024-03-13_SE1,< 0.003,< 0.003,< 0.003,< 0.004,< 0.004,< 0.003
CA3610120_3610120811_2024-03-13_SE1,< 0.003,< 0.003,< 0.003,< 0.004,< 0.004,< 0.003
CA3610120_3610120812_2024-03-13_SE1,< 0.003,< 0.003,< 0.003,< 0.004,< 0.004,< 0.003
CA3610120_3610120813_2024-03-13_SE1,< 0.003,< 0.003,< 0.003,< 0.004,< 0.004,< 0.003
CA3610121_R1_2023-06-21_SE1,< 0.003,< 0.003,< 0.003,< 0.004,< 0.004,< 0.003
CA3610121_R2_2023-06-21_SE1,< 0.003,< 0.003,< 0.003,< 0.004,< 0.004,< 0.003
CA3610125_SS1_2024-02-27_SE1,< 0.003,< 0.003,< 0.003,< 0.004,< 0.004,< 0.003
CA3610703_3610073801_2023-06-27_SE1,< 0.003,< 0.003,< 0.003,< 0.004,< 0.004,< 0.003
CA3610705_EFFLUENTIWW_2024-06-06_SE1,< 0.003,< 0.003,< 0.003,< 0.004,< 0.004,< 0.003
CA3610850_3610850010_2025-05-12_SE1,< 0.003,< 0.003,< 0.003,< 0.004,< 0.004,< 0.003
CA3700963_EP001_2024-05-15_SE1,0.0059,0.0952,0.2502,0.1883,0.0501,0.0620
CA3710002_3710002001_2023-02-07_SE1,< 0.003,< 0.003,< 0.003,< 0.004,< 0.004,< 0.003
CA3710002_VAL9_2023-02-07_SE1,< 0.003,< 0.003,< 0.003,< 0.004,< 0.004,< 0.003
CA3710004_EP1_2025-01-14_SE1,< 0.003,< 0.003,< 0.003,< 0.004,< 0.004,< 0.003
CA3710005_3710005001_2023-01-19_SE1,< 0.003,< 0.003,< 0.003,< 0.004,< 0.004,< 0.003
CA3710008_CA3710008013013_2024-01-08_SE1,< 0.003,< 0.003,< 0.003,< 0.004,< 0.004,< 0.003
CA3710008_CA3710008DST017_2023-11-28_SE1,< 0.003,< 0.003,< 0.003,< 0.004,< 0.004,< 0.003
CA3710010_3710010004_2024-01-17_SE1,< 0.003,< 0.003,< 0.003,< 0.004,< 0.004,< 0.003
CA3710013_3710013010_2023-07-18_SE1,< 0.003,< 0.003,< 0.003,< 0.004,< 0.004,< 0.003
CA3710013_3710013802_2023-07-18_SE1,0.0047,< 0.003,0.0058,< 0.004,0.0047,< 0.003
CA3710014_3710014002_2024-07-18_SE1,< 0.003,< 0.003,< 0.003,< 0.004,< 0.004,< 0.003
CA3710014_3710014006_2024-03-13_SE1,< 0.003,< 0.003,< 0.003,< 0.004,< 0.004,< 0.003
CA3710015_3710015803_2024-11-11_SE1,< 0.003,< 0.003,< 0.003,< 0.004,< 0.004,< 0.003
CA3710016_3710016001_2024-05-07_SE1,< 0.003,< 0.003,< 0.003,< 0.004,< 0.004,< 0.003
CA3710018_3710018001_2025-05-08_SE1,< 0.003,< 0.003,< 0.003,< 0.004,< 0.004,< 0.003
CA3710019_EP001_2023-04-19_SE1,< 0.003,< 0.003,< 0.003,< 0.004,< 0.004,< 0.003
CA3710020_182SYS_2023-01-25_SE1,< 0.003,< 0.003,< 0.003,< 0.004,< 0.004,< 0.003
CA3710020_3SYS_2023-01-25_SE1,< 0.003,< 0.003,< 0.003,< 0.004,< 0.004,< 0.003
CA3710020_87SYS_2023-01-25_SE1,< 0.003,< 0.003,< 0.003,< 0.004,< 0.004,< 0.003
CA3710020_95SYS_2023-01-25_SE1,< 0.003,< 0.003,< 0.003,< 0.004,< 0.004,< 0.003
CA3710021_3710021004_2023-10-10_SE1,< 0.003,0.0030,< 0.003,< 0.004,< 0.004,< 0.003
CA3710023_SFID605_2023-10-10_SE1,< 0.003,0.0031,< 0.003,< 0.004,< 0.004,< 0.003
CA3710025_3710025802_2024-10-23_SE1,0.0107,0.0077,0.0067,0.0094,0.0057,0.0073
CA3710025_3710025803_2024-10-23_SE1,< 0.003,< 0.003,< 0.003,< 0.004,< 0.004,< 0.003
CA3710025_3710025804_2024-10-23_SE1,< 0.003,< 0.003,< 0.003,< 0.004,< 0.004,< 0.003
CA3710026_3710026008_2023-11-20_SE1,< 0.003,< 0.003,< 0.003,< 0.004,< 0.004,< 0.003
CA3710027_3710027034_2023-03-01_SE1,< 0.003,< 0.003,< 0.003,< 0.004,< 0.004,< 0.003
CA3710027_3710027038_2023-03-01_SE1,< 0.003,< 0.003,< 0.003,< 0.004,< 0.004,< 0.003
CA3710029_3710029802_2024-03-27_SE1,< 0.003,< 0.003,< 0.003,< 0.004,< 0.004,< 0.003
CA3710034_3710034001_2023-07-10_SE1,< 0.003,< 0.003,< 0.003,< 0.004,< 0.004,< 0.003
CA3710034_3710034005_2023-07-10_SE1,< 0.003,< 0.003,< 0.003,< 0.004,< 0.004,< 0.003
CA3710036_006_2024-05-13_SE1,< 0.003,< 0.003,< 0.003,< 0.004,< 0.004,< 0.003
CA3710036_007_2024-05-13_SE1,< 0.003,< 0.003,< 0.003,< 0.004,< 0.004,< 0.003
CA3710036_008_2024-05-13_SE1,< 0.003,< 0.003,< 0.003,< 0.004,< 0.004,< 0.003
CA3710036_010_2024-07-18_SE1,< 0.003,< 0.003,< 0.003,< 0.004,< 0.004,< 0.003
CA3710036_012_2024-05-14_SE1,< 0.003,< 0.003,< 0.003,< 0.004,< 0.004,< 0.003
CA3710036_020_2024-05-14_SE1,< 0.003,< 0.003,< 0.003,< 0.004,< 0.004,< 0.003
CA3710036_032_2024-05-13_SE1,< 0.003,< 0.003,< 0.003,< 0.004,< 0.004,< 0.003
CA3710036_034_2024-05-14_SE1,< 0.003,< 0.003,< 0.003,< 0.004,< 0.004,< 0.003
CA3710036_036_2025-03-11_SE1,< 0.003,< 0.003,< 0.003,< 0.004,< 0.004,< 0.003
CA3710037_3710037001_2023-02-16_SE1,< 0.003,< 0.003,< 0.003,< 0.004,< 0.004,< 0.003
CA3710037_3710037002_2023-02-16_SE1,< 0.003,< 0.003,< 0.003,< 0.004,< 0.004,< 0.003
CA3710700_3710700820_2025-02-13_SE1,< 0.003,< 0.003,< 0.003,< 0.004,< 0.004,< 0.003
CA3710702_3710702809_2024-02-14_SE1,< 0.003,< 0.003,< 0.003,< 0.004,< 0.004,< 0.003
CA3710702_3710702810_2024-02-14_SE1,0.0032,< 0.003,0.0054,< 0.004,< 0.004,< 0.003
CA3710750_PS001_2025-02-18_SE1,< 0.003,< 0.003,< 0.003,< 0.004,< 0.004,< 0.003
CA3810001_3810001001_2023-04-17_SE1,< 0.003,< 0.003,< 0.003,< 0.004,< 0.004,< 0.003
CA3810001_3810001015_2023-05-01_SE1,< 0.003,< 0.003,< 0.003,< 0.004,< 0.004,< 0.003
CA3810001_3810001016_2023-05-03_SE1,< 0.003,< 0.003,< 0.003,< 0.004,< 0.004,< 0.003
CA3810010_CC01_2023-01-18_SE1,< 0.003,< 0.003,< 0.003,< 0.004,< 0.004,< 0.003
CA3810011_3810011006_2023-03-22_SE1,< 0.003,< 0.003,< 0.003,< 0.004,< 0.004,< 0.003
CA3810011_3810011007_2023-03-22_SE1,< 0.003,< 0.003,< 0.003,< 0.004,< 0.004,< 0.003
CA3810011_3810011008_2023-03-22_SE1,< 0.003,< 0.003,< 0.003,< 0.004,< 0.004,< 0.003
CA3810011_3810011009_2023-03-22_SE1,< 0.003,< 0.003,< 0.003,< 0.004,< 0.004,< 0.003
CA3810011_3810011010_2023-06-06_SE1,< 0.003,< 0.003,< 0.003,< 0.004,< 0.004,< 0.003
CA3810011_3810011011_2023-03-28_SE1,< 0.003,< 0.003,< 0.003,< 0.004,< 0.004,< 0.003
CA3810700_EP001_2025-03-11_SE1,0.0049,0.0068,0.0046,0.0040,< 0.004,0.0089
CA3900559_EP001_2024-07-08_SE1,< 0.003,< 0.003,< 0.003,< 0.004,< 0.004,< 0.003
CA3910001_3910001815_2025-01-08_SE1,< 0.003,< 0.003,< 0.003,< 0.004,< 0.004,< 0.003
CA3910001_3910001816_2025-01-14_SE1,< 0.003,< 0.003,< 0.003,< 0.004,< 0.004,< 0.003
CA3910001_3910001835_2025-01-07_SE1,< 0.003,< 0.003,< 0.003,< 0.004,< 0.004,< 0.003
CA3910001_3910001844_2025-01-08_SE1,< 0.003,< 0.003,< 0.003,< 0.004,< 0.004,< 0.003
CA3910001_3910001846_2025-01-14_SE1,< 0.003,< 0.003,< 0.003,< 0.004,< 0.004,< 0.003
CA3910001_3910001855_2025-01-06_SE1,< 0.003,< 0.003,< 0.003,< 0.004,< 0.004,< 0.003
CA3910001_3910001856_2025-01-06_SE1,< 0.003,< 0.003,< 0.003,< 0.004,< 0.004,< 0.003
CA3910001_3910001857_2025-02-03_SE1,< 0.003,< 0.003,< 0.003,< 0.004,< 0.004,< 0.003
CA3910001_3910001862_2025-02-04_SE1,< 0.003,< 0.003,< 0.003,< 0.004,< 0.004,< 0.003
CA3910001_3910001863_2025-09-09_SE1,< 0.003,< 0.003,< 0.003,< 0.004,< 0.004,< 0.003
CA3910001_3910001864_2025-02-05_SE1,< 0.003,< 0.003,< 0.003,< 0.004,0.0052,< 0.003
CA3910001_3910001865_2025-02-05_SE1,< 0.003,< 0.003,< 0.003,< 0.004,0.0046,< 0.003
CA3910003_10_2023-04-12_SE1,< 0.003,< 0.003,< 0.003,< 0.004,< 0.004,< 0.003
CA3910003_3A_2023-02-06_SE1,< 0.003,< 0.003,< 0.003,< 0.004,< 0.004,< 0.003
CA3910003_9_2023-02-06_SE1,< 0.003,< 0.003,< 0.003,< 0.004,< 0.004,< 0.003
CA3910004_3910004801_2023-11-14_SE1,< 0.003,< 0.003,< 0.003,< 0.004,< 0.004,< 0.003
CA3910004_3910004802_2023-11-14_SE1,< 0.003,< 0.003,< 0.003,< 0.004,< 0.004,< 0.003
CA3910004_3910004803_2023-11-14_SE1,< 0.003,< 0.003,< 0.003,< 0.004,< 0.004,< 0.003
CA3910004_3910004804_2023-11-15_SE1,< 0.003,< 0.003,< 0.003,< 0.004,< 0.004,< 0.003
CA3910004_3910004805_2024-07-11_SE1,< 0.003,< 0.003,< 0.003,< 0.004,< 0.004,< 0.003
CA3910004_3910004806_2023-11-15_SE1,< 0.003,< 0.003,< 0.003,< 0.004,< 0.004,< 0.003
CA3910004_3910004808_2023-11-15_SE1,< 0.003,< 0.003,< 0.003,< 0.004,< 0.004,< 0.003
CA3910004_3910004810_2023-11-15_SE1,< 0.003,< 0.003,< 0.003,< 0.004,< 0.004,< 0.003
CA3910004_3910004811_2023-11-13_SE1,< 0.003,< 0.003,< 0.003,< 0.004,< 0.004,< 0.003
CA3910004_3910004813_2023-11-13_SE1,< 0.003,< 0.003,< 0.003,< 0.004,< 0.004,< 0.003
CA3910004_3910004814_2023-11-28_SE1,< 0.003,< 0.003,< 0.003,< 0.004,< 0.004,< 0.003
CA3910004_3910004817_2024-02-15_SE1,0.0051,0.0050,0.0061,0.0062,< 0.004,0.0054
CA3910004_3910004818_2025-01-21_SE1,< 0.003,< 0.003,< 0.003,< 0.004,< 0.004,< 0.003
CA3910004_3910004819_2023-11-14_SE1,< 0.003,< 0.003,< 0.003,< 0.004,< 0.004,< 0.003
CA3910004_3910004820_2023-11-28_SE1,< 0.003,0.0034,0.0037,< 0.004,0.0046,0.0043
CA3910004_3910004821_2023-11-15_SE1,0.017,< 0.003,< 0.003,< 0.004,< 0.004,< 0.003
CA3910004_3910004822_2023-11-13_SE1,< 0.003,< 0.003,< 0.003,< 0.004,< 0.004,< 0.003
CA3910004_3910004823_2023-11-28_SE1,< 0.003,< 0.003,< 0.003,< 0.004,< 0.004,< 0.003
CA3910004_3910004824_2023-11-13_SE1,< 0.003,< 0.003,< 0.003,< 0.004,< 0.004,< 0.003
CA3910004_3910004825_2023-11-15_SE1,< 0.003,< 0.003,< 0.003,< 0.004,< 0.004,< 0.003
CA3910004_3910004826_2023-11-14_SE1,< 0.003,< 0.003,< 0.003,< 0.004,< 0.004,< 0.003
CA3910004_3910004827_2023-11-14_SE1,< 0.003,< 0.003,< 0.003,< 0.004,< 0.004,< 0.003
CA3910004_3910004828_2023-11-14_SE1,< 0.003,< 0.003,< 0.003,< 0.004,< 0.004,< 0.003
CA3910004_91830_2023-11-13_SE1,< 0.003,< 0.003,< 0.003,< 0.004,< 0.004,< 0.003
CA3910005_3910005046_2025-01-15_SE1,< 0.003,< 0.003,< 0.003,< 0.004,< 0.004,< 0.003
CA3910005_3910005802_2025-01-15_SE1,0.0033,< 0.003,< 0.003,< 0.004,< 0.004,< 0.003
CA3910005_3910005803_2025-01-15_SE1,< 0.003,< 0.003,< 0.003,< 0.004,< 0.004,< 0.003
CA3910005_3910005804_2025-01-15_SE1,< 0.003,< 0.003,0.0032,< 0.004,< 0.004,< 0.003
CA3910005_3910005805_2025-01-23_SE1,< 0.003,< 0.003,< 0.003,< 0.004,< 0.004,< 0.003
CA3910005_3910005806_2025-01-23_SE1,< 0.003,< 0.003,0.0033,< 0.004,< 0.004,< 0.003
CA3910005_3910005810_2025-01-23_SE1,< 0.003,< 0.003,< 0.003,< 0.004,< 0.004,< 0.003
CA3910005_3910005812_2025-01-29_SE1,< 0.003,< 0.003,< 0.003,< 0.004,< 0.004,< 0.003
CA3910005_3910005813_2025-01-15_SE1,< 0.003,< 0.003,< 0.003,< 0.004,< 0.004,< 0.003
CA3910005_3910005814_2025-01-15_SE1,< 0.003,0.0079,0.019,0.0052,< 0.004,< 0.003
CA3910005_3910005818_2025-01-15_SE1,< 0.003,< 0.003,0.0080,0.0051,< 0.004,< 0.003
CA3910007_3910007803_2024-07-31_SE1,< 0.003,< 0.003,< 0.003,< 0.004,< 0.004,< 0.003
CA3910007_3910007804_2024-07-31_SE1,< 0.003,< 0.003,< 0.003,< 0.004,< 0.004,< 0.003
CA3910007_3910007806_2024-07-31_SE1,< 0.003,< 0.003,< 0.003,< 0.004,< 0.004,< 0.003
CA3910007_3910007807_2024-07-31_SE1,< 0.003,< 0.003,< 0.003,< 0.004,< 0.004,< 0.003
CA3910007_3910007808_2024-07-31_SE1,< 0.003,< 0.003,0.0035,0.0052,0.012,< 0.003
CA3910010_SS001_2024-01-09_SE1,< 0.003,< 0.003,< 0.003,< 0.004,< 0.004,< 0.003
CA3910011_3910011807_2024-05-29_SE1,< 0.003,< 0.003,< 0.003,< 0.004,< 0.004,< 0.003
CA3910011_3910011808_2024-10-23_SE1,< 0.003,< 0.003,< 0.003,< 0.004,< 0.004,< 0.003
CA3910011_3910011809_2024-10-23_SE1,< 0.003,< 0.003,< 0.003,< 0.004,< 0.004,< 0.003
CA3910011_3910011811_2024-02-13_SE1,< 0.003,< 0.003,< 0.003,< 0.004,< 0.004,< 0.003
CA3910011_3910011812_2024-01-25_SE1,< 0.003,< 0.003,< 0.003,< 0.004,< 0.004,< 0.003
CA3910011_3910011813_2024-02-13_SE1,< 0.003,< 0.003,< 0.003,< 0.004,< 0.004,< 0.003
CA3910012_3910012084_2025-06-05_SE1,< 0.003,< 0.003,< 0.003,< 0.004,< 0.004,< 0.003
CA3910012_3910012098_2023-02-28_SE1,< 0.003,< 0.003,< 0.003,< 0.004,< 0.004,< 0.003
CA3910012_3910012801_2023-02-28_SE1,< 0.003,< 0.003,< 0.003,< 0.004,0.0042,< 0.003
CA3910012_3910012807_2023-02-28_SE1,< 0.003,< 0.003,< 0.003,< 0.004,< 0.004,< 0.003
CA3910012_3910012809_2023-02-28_SE1,< 0.003,< 0.003,< 0.003,< 0.004,< 0.004,< 0.003
CA3910012_3910012810_2023-02-28_SE1,< 0.003,< 0.003,< 0.003,< 0.004,< 0.004,< 0.003
CA3910012_3910012827_2023-02-28_SE1,< 0.003,< 0.003,< 0.003,< 0.004,< 0.004,< 0.003
CA3910012_3910012828_2023-02-28_SE1,< 0.003,< 0.003,< 0.003,< 0.004,< 0.004,< 0.003
CA3910012_3910012829_2025-06-05_SE1,< 0.003,< 0.003,< 0.003,< 0.004,< 0.004,< 0.003
CA3910012_3910012830_2024-08-06_SE1,< 0.003,< 0.003,< 0.003,< 0.004,< 0.004,< 0.003
CA3910012_3910012831_2025-06-05_SE1,< 0.003,< 0.003,< 0.003,< 0.004,< 0.004,< 0.003
CA3910012_3910012832_2023-02-28_SE1,< 0.003,< 0.003,< 0.003,< 0.004,< 0.004,< 0.003
CA3910012_3910012833_2023-02-28_SE1,< 0.003,< 0.003,< 0.003,< 0.004,0.0048,< 0.003
CA3910012_3910012837_2023-02-28_SE1,< 0.003,< 0.003,< 0.003,< 0.004,< 0.004,< 0.003
CA3910012_3910012997_2023-02-28_SE1,< 0.003,< 0.003,< 0.003,< 0.004,< 0.004,< 0.003
CA3910012_3910012998_2023-02-28_SE1,< 0.003,< 0.003,< 0.003,< 0.004,< 0.004,< 0.003
CA3910012_3910012999_2023-02-28_SE1,< 0.003,< 0.003,< 0.003,< 0.004,< 0.004,< 0.003
CA3910015_3910015015_2024-01-16_SE1,< 0.003,< 0.003,< 0.003,< 0.004,< 0.004,< 0.003
CA3910015_3910015019_2024-04-01_SE1,0.005,< 0.003,0.0035,< 0.004,0.017,< 0.003
CA3910017_EP001_2025-01-13_SE1,0.0085,0.0035,0.0047,0.0041,< 0.004,0.0032
CA3910017_EP002_2025-01-13_SE1,< 0.003,< 0.003,< 0.003,< 0.004,< 0.004,< 0.003
CA3910017_EP003_2025-01-13_SE1,< 0.003,< 0.003,0.0031,< 0.004,< 0.004,< 0.003
CA3910017_EP004_2025-01-13_SE1,< 0.003,< 0.003,< 0.003,< 0.004,< 0.004,< 0.003
CA3910017_EP005_2025-02-25_SE1,< 0.003,< 0.003,0.0037,0.0083,0.0121,< 0.003
CA3910018_EP001_2024-05-14_SE1,< 0.003,< 0.003,< 0.003,< 0.004,< 0.004,< 0.003
CA3910027_INLET01_2024-03-26_SE1,< 0.003,< 0.003,< 0.003,< 0.004,< 0.004,< 0.003
CA4010001_4010001801_2023-12-19_SE1,0.011,0.0034,0.0041,0.0041,0.0043,0.0045
CA4010001_4010001802_2023-12-19_SE1,< 0.003,< 0.003,< 0.003,< 0.004,< 0.004,< 0.003
CA4010001_4010001803_2023-12-19_SE1,< 0.003,< 0.003,< 0.003,< 0.004,< 0.004,< 0.003
CA4010002_4010002022_2023-04-19_SE1,< 0.003,< 0.003,0.0032,< 0.004,< 0.004,< 0.003
CA4010002_4010002023_2023-04-19_SE1,0.0030,< 0.003,0.0064,< 0.004,0.0047,< 0.003
CA4010002_4010002024_2023-05-30_SE1,0.0039,< 0.003,0.0043,0.0084,0.0210,< 0.003
CA4010002_4010002025_2023-04-19_SE1,< 0.003,< 0.003,< 0.003,< 0.004,< 0.004,< 0.003
CA4010004_4010004006_2025-04-24_SE1,< 0.003,< 0.003,< 0.003,< 0.004,< 0.004,< 0.003
CA4010004_4010004802_2025-04-24_SE1,< 0.003,< 0.003,< 0.003,< 0.004,< 0.004,< 0.003
CA4010005_EP1_2025-02-04_SE1,< 0.003,< 0.003,< 0.003,< 0.004,< 0.004,< 0.003
CA4010005_EP2_2025-02-11_SE1,< 0.003,< 0.003,< 0.003,< 0.004,< 0.004,< 0.003
CA4010005_EP3_2025-02-11_SE1,< 0.003,< 0.003,< 0.003,< 0.004,< 0.004,< 0.003
CA4010007_4010007663_2025-04-23_SE1,< 0.003,< 0.003,< 0.003,< 0.004,< 0.004,< 0.003
CA4010007_40100077822_2024-12-18_SE1,< 0.003,< 0.003,< 0.003,< 0.004,< 0.004,< 0.003
CA4010007_4010007802_2024-12-04_SE1,< 0.003,< 0.003,< 0.003,< 0.004,< 0.004,< 0.003
CA4010007_4010007805_2024-12-12_SE1,< 0.003,< 0.003,0.0039,< 0.004,< 0.004,< 0.003
CA4010007_4010007807_2024-12-12_SE1,0.0081,0.020,0.0052,0.0063,< 0.004,0.022
CA4010007_4010007808_2024-12-04_SE1,< 0.003,< 0.003,< 0.003,< 0.004,< 0.004,< 0.003
CA4010007_4010007810_2024-12-18_SE1,< 0.003,< 0.003,< 0.003,< 0.004,< 0.004,< 0.003
CA4010007_4010007811_2024-12-18_SE1,< 0.003,< 0.003,< 0.003,< 0.004,< 0.004,< 0.003
CA4010007_4010007814_2024-12-12_SE1,< 0.003,< 0.003,< 0.003,< 0.004,< 0.004,< 0.003
CA4010007_4010007815_2024-12-04_SE1,0.0034,< 0.003,< 0.003,< 0.004,< 0.004,< 0.003
CA4010007_4010007817_2024-12-04_SE1,< 0.003,< 0.003,< 0.003,< 0.004,< 0.004,< 0.003
CA4010007_4010007818_2025-04-23_SE1,< 0.003,< 0.003,< 0.003,< 0.004,< 0.004,< 0.003
CA4010008_EP1_2025-02-12_SE1,< 0.003,< 0.003,< 0.003,< 0.004,< 0.004,< 0.003
CA4010008_EP2_2025-02-12_SE1,< 0.003,< 0.003,< 0.003,< 0.004,< 0.004,< 0.003
CA4010008_EP3_2025-02-12_SE1,< 0.003,< 0.003,< 0.003,< 0.004,< 0.004,< 0.003
CA4010009_4010009801_2023-06-07_SE1,< 0.003,< 0.003,< 0.003,< 0.004,< 0.004,< 0.003
CA4010011_4010011022_2024-07-11_SE1,< 0.003,< 0.003,< 0.003,< 0.004,< 0.004,< 0.003
CA4010012_EP001_2023-03-07_SE1,< 0.003,< 0.003,< 0.003,< 0.004,< 0.004,< 0.003
CA4010014_CA4010014008008_2025-03-11_SE1,< 0.003,< 0.003,< 0.003,< 0.004,< 0.004,< 0.003
CA4010016_EP005_2024-01-29_SE1,< 0.003,< 0.003,< 0.003,< 0.004,< 0.004,< 0.003
CA4010016_EP008_2024-01-09_SE1,< 0.003,< 0.003,< 0.003,< 0.004,< 0.004,< 0.003
CA4010016_EP009_2024-01-09_SE1,< 0.003,< 0.003,< 0.003,< 0.004,< 0.004,< 0.003
CA4010016_EP015_2024-01-09_SE1,< 0.003,< 0.003,< 0.003,< 0.004,< 0.004,< 0.003
CA4010016_EP019_2024-01-08_SE1,0.0038,0.0051,< 0.003,0.0045,< 0.004,0.0062
CA4010016_EP021_2024-01-08_SE1,0.0087,0.0111,< 0.003,0.0083,< 0.004,0.0128
CA4010016_EP022_2024-01-09_SE1,< 0.003,< 0.003,< 0.003,< 0.004,< 0.004,< 0.003
CA4010017_4010017010_2023-02-06_SE1,< 0.003,< 0.003,< 0.003,< 0.004,< 0.004,< 0.003
CA4010017_4010017015_2024-04-30_SE1,< 0.003,< 0.003,< 0.003,< 0.004,< 0.004,< 0.003
CA4010017_4010017020_2023-02-06_SE1,0.0032,0.0043,0.0088,< 0.004,< 0.004,< 0.003
CA4010017_4010017022_2023-04-10_SE1,< 0.003,< 0.003,< 0.003,< 0.004,< 0.004,0.0034
CA4010018_4010018014_2025-01-27_SE1,< 0.003,< 0.003,< 0.003,< 0.004,< 0.004,< 0.003
CA4010018_4010018017_2025-01-27_SE1,< 0.003,< 0.003,< 0.003,< 0.004,< 0.004,< 0.003
CA4010018_4010018025_2025-01-29_SE1,< 0.003,< 0.003,< 0.003,< 0.004,< 0.004,< 0.003
CA4010019_SS001_2025-06-09_SE1,< 0.003,< 0.003,< 0.003,< 0.004,< 0.004,< 0.003
CA4010019_SS002_2025-06-09_SE1,0.0044,< 0.003,0.0032,< 0.004,< 0.004,< 0.003
CA4010019_SS005_2025-06-09_SE1,0.0068,< 0.003,< 0.003,< 0.004,< 0.004,< 0.003
CA4010019_SS006_2025-06-09_SE1,< 0.003,< 0.003,< 0.003,< 0.004,< 0.004,< 0.003
CA4010019_SS007_2025-06-09_SE1,< 0.003,< 0.003,< 0.003,< 0.004,< 0.004,< 0.003
CA4010026_4010026023_2024-03-27_SE1,< 0.003,< 0.003,< 0.003,< 0.004,< 0.004,< 0.003
CA4010026_4010026024_2024-03-27_SE1,< 0.003,< 0.003,< 0.003,< 0.004,< 0.004,< 0.003
CA4010026_4010026026_2024-03-27_SE1,< 0.003,< 0.003,< 0.003,< 0.004,< 0.004,< 0.003
CA4010026_4010026034_2024-03-27_SE1,< 0.003,< 0.003,< 0.003,< 0.004,< 0.004,< 0.003
CA4010026_4010026037_2024-03-27_SE1,< 0.003,< 0.003,< 0.003,< 0.004,< 0.004,< 0.003
CA4010830_4010830008_2023-09-28_SE1,< 0.003,< 0.003,< 0.003,< 0.004,< 0.004,< 0.003
CA4010832_EP8_2023-02-08_SE1,0.0055,0.0036,0.034,< 0.004,0.033,< 0.003
CA4110001_4110001001_2023-03-01_SE1,< 0.003,< 0.003,< 0.003,< 0.004,< 0.004,< 0.003
CA4110005_EP1_2023-03-07_SE1,< 0.003,< 0.003,< 0.003,< 0.004,< 0.004,< 0.003
CA4110006_4110006803_2024-01-08_SE1,< 0.003,< 0.003,< 0.003,< 0.004,< 0.004,< 0.003
CA4110007_4110007001_2024-04-17_SE1,< 0.003,< 0.003,< 0.003,< 0.004,< 0.004,< 0.003
CA4110008_4110008002_2024-05-16_SE1,< 0.003,< 0.003,< 0.003,< 0.004,< 0.004,< 0.003
CA4110009_4110009012_2024-06-12_SE1,< 0.003,< 0.003,< 0.003,< 0.004,< 0.004,< 0.003
CA4110009_4110009802_2024-06-12_SE1,< 0.003,< 0.003,< 0.003,< 0.004,< 0.004,< 0.003
CA4110010_010_2025-02-12_SE1,< 0.003,< 0.003,< 0.003,< 0.004,< 0.004,< 0.003
CA4110010_014_2025-02-11_SE1,< 0.003,< 0.003,< 0.003,< 0.004,< 0.004,< 0.003
CA4110010_027_2025-02-12_SE1,< 0.003,< 0.003,< 0.003,< 0.004,< 0.004,< 0.003
CA4110011_4110009801_2024-03-20_SE1,< 0.003,< 0.003,< 0.003,< 0.004,< 0.004,< 0.003
CA4110011_4110011802_2024-03-20_SE1,< 0.003,< 0.003,< 0.003,< 0.004,< 0.004,< 0.003
CA4110013_4110013811_2023-02-09_SE1,< 0.003,< 0.003,< 0.003,< 0.004,< 0.004,< 0.003
CA4110013_4110013812_2023-02-09_SE1,< 0.003,< 0.003,< 0.003,< 0.004,< 0.004,< 0.003
CA4110013_4110013814_2023-02-09_SE1,< 0.003,< 0.003,< 0.003,< 0.004,< 0.004,< 0.003
CA4110013_4110013815_2023-02-09_SE1,< 0.003,< 0.003,< 0.003,< 0.004,< 0.004,< 0.003
CA4110013_4110013816_2023-02-09_SE1,< 0.003,< 0.003,< 0.003,< 0.004,< 0.004,< 0.003
CA4110016_4110016001_2024-03-11_SE1,< 0.003,< 0.003,< 0.003,< 0.004,< 0.004,< 0.003
CA4110017_4110017001_2023-08-02_SE1,< 0.003,< 0.003,< 0.003,< 0.004,< 0.004,< 0.003
CA4110018_4110018003_2024-08-06_SE1,< 0.003,< 0.003,< 0.003,< 0.004,< 0.004,< 0.003
CA4110021_4110021001_2023-03-28_SE1,< 0.003,< 0.003,< 0.003,< 0.004,< 0.004,< 0.003
CA4110022_4110022001_2024-08-15_SE1,< 0.003,< 0.003,< 0.003,< 0.004,< 0.004,< 0.003
CA4110023_4110023006_2024-11-05_SE1,< 0.003,< 0.003,< 0.003,< 0.004,< 0.004,< 0.003
CA4110023_4110023801_2024-11-05_SE1,< 0.003,< 0.003,< 0.003,< 0.004,< 0.004,< 0.003
CA4110023_4110023803_2024-10-10_SE1,< 0.003,< 0.003,< 0.003,< 0.004,< 0.004,< 0.003
CA4110023_4110023804_2024-10-10_SE1,< 0.003,< 0.003,< 0.003,< 0.004,< 0.004,< 0.003
CA4110023_4110023805_2024-10-10_SE1,< 0.003,< 0.003,< 0.003,< 0.004,< 0.004,< 0.003
CA4110024_4110024002_2023-10-23_SE1,< 0.003,< 0.003,< 0.003,< 0.004,< 0.004,< 0.003
CA4110025_4110025000_2024-05-09_SE1,< 0.003,< 0.003,< 0.003,< 0.004,< 0.004,< 0.003
CA4110027_4110027101_2024-03-11_SE1,< 0.003,< 0.003,< 0.003,< 0.004,< 0.004,< 0.003
CA4210001_4210001001_2023-05-03_SE1,< 0.003,< 0.003,< 0.003,< 0.004,< 0.004,< 0.003
CA4210001_4210001801_2023-06-14_SE1,< 0.003,< 0.003,< 0.003,< 0.004,< 0.004,< 0.003
CA4210001_4210001807_2023-05-03_SE1,< 0.003,< 0.003,< 0.003,< 0.004,< 0.004,< 0.003
CA4210001_4210001808_2023-05-03_SE1,< 0.003,< 0.003,< 0.003,< 0.004,< 0.004,< 0.003
CA4210003_CA4210003017017_2025-02-03_SE1,< 0.003,< 0.003,< 0.003,< 0.004,< 0.004,< 0.003
CA4210004_4210004013_2024-12-10_SE1,< 0.003,< 0.003,< 0.003,< 0.004,< 0.004,< 0.003
CA4210004_4210004032_2024-12-12_SE1,< 0.003,< 0.003,< 0.003,< 0.004,< 0.004,< 0.003
CA4210004_4210004037_2024-12-12_SE1,< 0.003,< 0.003,< 0.003,< 0.004,< 0.004,< 0.003
CA4210004_4210004038_2024-12-12_SE1,< 0.003,< 0.003,< 0.003,< 0.004,< 0.004,< 0.003
CA4210004_4210004040_2024-12-11_SE1,< 0.003,< 0.003,< 0.003,< 0.004,< 0.004,< 0.003
CA4210004_4210004041_2024-12-17_SE1,< 0.003,< 0.003,< 0.003,< 0.004,< 0.004,< 0.003
CA4210004_4210004044_2024-12-11_SE1,< 0.003,< 0.003,< 0.003,< 0.004,< 0.004,< 0.003
CA4210004_4210004048_2024-12-12_SE1,< 0.003,0.0041,< 0.003,< 0.004,< 0.004,0.0057
CA4210004_4210004058_2024-12-17_SE1,< 0.003,< 0.003,< 0.003,< 0.004,< 0.004,< 0.003
CA4210004_4210004059_2024-12-17_SE1,< 0.003,< 0.003,< 0.003,< 0.004,< 0.004,< 0.003
CA4210006_4210006801_2023-04-19_SE1,< 0.003,< 0.003,< 0.003,< 0.004,< 0.004,< 0.003
CA4210006_4210006802_2023-04-19_SE1,< 0.003,< 0.003,< 0.003,< 0.004,< 0.004,< 0.003
CA4210007_4210007801_2024-02-07_SE1,< 0.003,< 0.003,< 0.003,< 0.004,< 0.004,< 0.003
CA4210007_4210007802_2024-02-07_SE1,< 0.003,< 0.003,< 0.003,< 0.004,< 0.004,< 0.003
CA4210007_4210007803_2024-02-07_SE1,< 0.003,< 0.003,< 0.003,< 0.004,< 0.004,< 0.003
CA4210007_4210007804_2024-02-07_SE1,< 0.003,< 0.003,< 0.003,< 0.004,< 0.004,< 0.003
CA4210007_4210007805_2024-02-07_SE1,< 0.003,< 0.003,< 0.003,< 0.004,< 0.004,< 0.003
CA4210007_4210007806_2024-04-16_SE1,< 0.003,< 0.003,< 0.003,< 0.004,< 0.004,< 0.003
CA4210007_4210007807_2024-11-06_SE1,< 0.003,< 0.003,< 0.003,< 0.004,< 0.004,< 0.003
CA4210010_4210010054_2023-07-10_SE1,< 0.003,< 0.003,< 0.003,< 0.004,< 0.004,< 0.003
CA4210010_4210010058_2024-01-17_SE1,< 0.003,< 0.003,< 0.003,< 0.004,< 0.004,< 0.003
CA4210011_4210011801_2025-03-18_SE1,< 0.003,< 0.003,< 0.003,< 0.004,< 0.004,< 0.003
CA4210013_06N31W09Q002S_2025-04-08_SE1,< 0.003,< 0.003,< 0.003,< 0.004,< 0.004,< 0.003
CA4210013_06N31W14D003S_2025-04-08_SE1,< 0.003,< 0.003,< 0.003,< 0.004,< 0.004,< 0.003
CA4210013_06N31W16P002S_2025-03-11_SE1,< 0.003,< 0.003,< 0.003,< 0.004,< 0.004,< 0.003
CA4210013_06N31W16R007S_2025-03-11_SE1,0.0035,< 0.003,< 0.003,< 0.004,< 0.004,< 0.003
CA4210013_06N31W21H003S_2025-03-11_SE1,< 0.003,< 0.003,< 0.003,< 0.004,< 0.004,< 0.003
CA4210013_06N31W22M001S_2025-03-11_SE1,< 0.003,< 0.003,< 0.003,< 0.004,< 0.004,< 0.003
CA4210013_CLAVAL_2025-03-11_SE1,< 0.003,< 0.003,< 0.003,< 0.004,< 0.004,< 0.003
CA4210013_CLAVAL2_2025-03-11_SE1,< 0.003,< 0.003,< 0.003,< 0.004,< 0.004,< 0.003
CA4210013_SPW_2025-03-11_SE1,< 0.003,< 0.003,< 0.003,< 0.004,< 0.004,< 0.003
CA4210016_4210016802_2023-09-12_SE1,< 0.003,< 0.003,< 0.003,< 0.004,< 0.004,< 0.003
CA4210016_4210016803_2023-09-12_SE1,< 0.003,< 0.003,< 0.003,< 0.004,< 0.004,< 0.003
CA4210016_4210016807_2023-09-12_SE1,< 0.003,< 0.003,< 0.003,< 0.004,< 0.004,< 0.003
CA4210016_4210016816_2023-09-12_SE1,< 0.003,< 0.003,< 0.003,< 0.004,< 0.004,< 0.003
CA4210016_4210016822_2023-09-12_SE1,< 0.003,< 0.003,< 0.003,< 0.004,< 0.004,< 0.003
CA4210016_4210016823_2023-09-12_SE1,< 0.003,< 0.003,< 0.003,< 0.004,< 0.004,< 0.003
CA4210016_4210016824_2023-09-12_SE1,< 0.003,< 0.003,< 0.003,< 0.004,< 0.004,< 0.003
CA4210016_4210016825_2023-09-12_SE1,< 0.003,< 0.003,< 0.003,< 0.004,< 0.004,< 0.003
CA4210016_4210016826_2023-09-12_SE1,< 0.003,< 0.003,< 0.003,< 0.004,< 0.004,< 0.003
CA4210016_4210016827_2023-09-12_SE1,< 0.003,< 0.003,< 0.003,< 0.004,< 0.004,< 0.003
CA4210016_4210016828_2023-09-12_SE1,< 0.003,< 0.003,< 0.003,< 0.004,< 0.004,< 0.003
CA4210016_4210016830_2023-09-12_SE1,< 0.003,< 0.003,< 0.003,< 0.004,< 0.004,< 0.003
CA4210017_EP1_2025-03-10_SE1,< 0.003,< 0.003,< 0.003,< 0.004,< 0.004,< 0.003
CA4210018_CCWA_2026-04-15_SE1,< 0.003,< 0.003,< 0.003,< 0.004,< 0.004,< 0.003
CA4210018_HWY246_2025-02-12_SE1,< 0.003,< 0.003,< 0.003,< 0.004,< 0.004,< 0.003
CA4210018_MCMURRAY_2025-02-12_SE1,< 0.003,< 0.003,< 0.003,< 0.004,< 0.004,< 0.003
CA4210019_EP001_2023-01-17_SE1,< 0.003,< 0.003,< 0.003,< 0.004,< 0.004,< 0.003
CA4210020_EP19_2023-05-24_SE1,< 0.003,< 0.003,< 0.003,< 0.004,< 0.004,< 0.003
CA4210020_EP22_2023-03-08_SE1,< 0.003,< 0.003,< 0.003,< 0.004,< 0.004,< 0.003
CA4210020_EP25_2023-03-08_SE1,< 0.003,< 0.003,< 0.003,< 0.004,< 0.004,< 0.003
CA4210020_EP28_2023-03-08_SE1,< 0.003,< 0.003,< 0.003,< 0.004,< 0.004,< 0.003
CA4210020_EP43_2023-03-08_SE1,< 0.003,< 0.003,< 0.003,< 0.004,< 0.004,< 0.003
CA4210020_EP44_2023-03-08_SE1,< 0.003,< 0.003,< 0.003,< 0.004,< 0.004,< 0.003
CA4210020_EP45_2023-03-08_SE1,< 0.003,< 0.003,< 0.003,< 0.004,< 0.004,< 0.003
CA4210020_EP46_2023-03-08_SE1,< 0.003,< 0.003,< 0.003,< 0.004,< 0.004,< 0.003
CA4210020_EP47_2023-03-08_SE1,< 0.003,< 0.003,< 0.003,< 0.004,< 0.004,< 0.003
CA4210024_EP009_2023-09-11_SE1,< 0.003,< 0.003,< 0.003,< 0.004,< 0.004,< 0.003
CA4210024_SS016_2023-03-08_SE1,< 0.003,< 0.003,< 0.003,< 0.004,< 0.004,< 0.003
CA4210024_TP018_2023-03-06_SE1,< 0.003,< 0.003,< 0.003,< 0.004,< 0.004,< 0.003
CA4210700_018_2023-02-09_SE1,< 0.003,< 0.003,< 0.003,< 0.004,< 0.004,< 0.003
CA4210700_CA4210700018_2023-07-25_SE1,< 0.003,< 0.003,< 0.003,< 0.004,< 0.004,< 0.003
CA4300791_SS001_2024-06-04_SE1,< 0.003,< 0.003,< 0.003,< 0.004,< 0.004,< 0.003
CA4300997_EP1_2025-01-13_SE1,< 0.003,< 0.003,< 0.003,< 0.004,< 0.004,< 0.003
CA4310001_4310001804_2023-06-12_SE1,< 0.003,< 0.003,< 0.003,< 0.004,< 0.004,< 0.003
CA4310001_4310001805_2023-06-12_SE1,< 0.003,< 0.003,< 0.003,< 0.004,< 0.004,< 0.003
CA4310001_4310001806_2023-06-12_SE1,< 0.003,< 0.003,< 0.003,< 0.004,< 0.004,< 0.003
CA4310001_4310001809_2023-06-12_SE1,< 0.003,< 0.003,< 0.003,< 0.004,< 0.004,< 0.003
CA4310001_4310001810_2023-06-06_SE1,< 0.003,< 0.003,< 0.003,< 0.004,< 0.004,< 0.003
CA4310001_4310001811_2023-10-03_SE1,< 0.003,< 0.003,< 0.003,< 0.004,< 0.004,< 0.003
CA4310001_4310001812_2023-07-31_SE1,< 0.003,< 0.003,< 0.003,< 0.004,< 0.004,< 0.003
CA4310001_4310001814_2023-06-07_SE1,< 0.003,< 0.003,< 0.003,< 0.004,< 0.004,< 0.003
CA4310001_4310001815_2023-07-11_SE1,< 0.003,< 0.003,< 0.003,< 0.004,< 0.004,< 0.003
CA4310001_4310001816_2023-07-26_SE1,< 0.003,< 0.003,< 0.003,< 0.004,< 0.004,< 0.003
CA4310001_4310001817_2024-08-14_SE1,< 0.003,< 0.003,< 0.003,< 0.004,< 0.004,< 0.003
CA4310001_4310001818_2023-07-11_SE1,< 0.003,< 0.003,< 0.003,< 0.004,< 0.004,< 0.003
CA4310001_4310001820_2023-07-12_SE1,< 0.003,< 0.003,< 0.003,< 0.004,< 0.004,< 0.003
CA4310001_4310001827_2023-07-19_SE1,< 0.003,< 0.003,< 0.003,< 0.004,< 0.004,< 0.003
CA4310001_4310001828_2023-07-19_SE1,< 0.003,< 0.003,< 0.003,< 0.004,< 0.004,< 0.003
CA4310001_4310008826_2023-07-19_SE1,< 0.003,< 0.003,< 0.003,< 0.004,< 0.004,< 0.003
CA4310004_4310004011_2024-12-17_SE1,0.0094,0.0070,0.0035,0.0080,0.0058,0.0078
CA4310004_4310004802_2024-12-17_SE1,0.0040,0.0036,< 0.003,0.0053,< 0.004,0.0039
CA4310004_4310004803_2024-12-17_SE1,< 0.003,< 0.003,< 0.003,< 0.004,< 0.004,< 0.003
CA4310004_4310004804_2024-12-17_SE1,< 0.003,< 0.003,< 0.003,< 0.004,< 0.004,< 0.003
CA4310004_4310004805_2024-12-17_SE1,< 0.003,< 0.003,< 0.003,< 0.004,< 0.004,< 0.003
CA4310004_4310004810_2024-12-17_SE1,< 0.003,< 0.003,< 0.003,< 0.004,< 0.004,< 0.003
CA4310004_4310004811_2024-12-17_SE1,< 0.003,0.0031,< 0.003,0.0055,< 0.004,0.0031
CA4310005_4310005003_2024-10-16_SE1,< 0.003,< 0.003,< 0.003,< 0.004,< 0.004,< 0.003
CA4310005_4310005090_2024-10-16_SE1,< 0.003,< 0.003,< 0.003,< 0.004,< 0.004,< 0.003
CA4310006_4310006036_2023-07-31_SE1,< 0.003,< 0.003,< 0.003,< 0.004,< 0.004,< 0.003
CA4310006_4310006040_2024-08-27_SE1,< 0.003,< 0.003,< 0.003,< 0.004,< 0.004,< 0.003
CA4310006_4310006045_2023-07-31_SE1,< 0.003,< 0.003,< 0.003,< 0.004,< 0.004,< 0.003
CA4310006_4310006046_2023-07-31_SE1,< 0.003,< 0.003,< 0.003,< 0.004,< 0.004,< 0.003
CA4310006_4310006047_2023-07-31_SE1,< 0.003,< 0.003,< 0.003,< 0.004,< 0.004,< 0.003
CA4310006_4310006801_2023-07-31_SE1,< 0.003,< 0.003,< 0.003,< 0.004,< 0.004,< 0.003
CA4310006_4310006802_2024-08-27_SE1,< 0.003,< 0.003,< 0.003,< 0.004,< 0.004,< 0.003
CA4310006_4310006803_2023-07-31_SE1,< 0.003,< 0.003,< 0.003,< 0.004,< 0.004,< 0.003
CA4310006_4310006804_2023-07-31_SE1,< 0.003,< 0.003,< 0.003,< 0.004,< 0.004,< 0.003
CA4310006_4310006806_2023-07-31_SE1,< 0.003,< 0.003,< 0.003,< 0.004,< 0.004,< 0.003
CA4310006_4310006809_2023-07-31_SE1,< 0.003,< 0.003,< 0.003,< 0.004,< 0.004,< 0.003
CA4310006_4310006810_2023-07-31_SE1,< 0.003,< 0.003,< 0.003,< 0.004,< 0.004,< 0.003
CA4310006_4310006815_2023-07-31_SE1,< 0.003,< 0.003,< 0.003,< 0.004,< 0.004,< 0.003
CA4310006_4310006817_2023-07-31_SE1,< 0.003,< 0.003,< 0.003,< 0.004,< 0.004,< 0.003
CA4310006_4310006818_2023-07-31_SE1,< 0.003,< 0.003,0.0033,< 0.004,< 0.004,< 0.003
CA4310006_4310006819_2023-07-31_SE1,< 0.003,< 0.003,0.0030,< 0.004,< 0.004,0.0035
CA4310007_4310007801_2023-03-08_SE1,< 0.003,< 0.003,< 0.003,< 0.004,< 0.004,< 0.003
CA4310007_4310007803_2023-03-08_SE1,< 0.003,< 0.003,< 0.003,< 0.004,< 0.004,< 0.003
CA4310007_4310007805_2023-04-05_SE1,< 0.003,< 0.003,< 0.003,< 0.004,< 0.004,< 0.003
CA4310007_4310007806_2023-04-05_SE1,< 0.003,< 0.003,< 0.003,< 0.004,< 0.004,< 0.003
CA4310007_4310007810_2023-03-08_SE1,< 0.003,< 0.003,< 0.003,< 0.004,< 0.004,< 0.003
CA4310007_4310007811_2023-03-08_SE1,< 0.003,< 0.003,< 0.003,< 0.004,< 0.004,< 0.003
CA4310009_4310009012_2023-10-05_SE1,< 0.003,< 0.003,< 0.003,< 0.004,< 0.004,< 0.003
CA4310011_4310011074_2023-02-16_SE1,< 0.003,< 0.003,< 0.003,< 0.004,< 0.004,< 0.003
CA4310011_4310011800_2023-04-19_SE1,< 0.003,< 0.003,0.0031,< 0.004,< 0.004,< 0.003
CA4310011_4310011801_2023-04-19_SE1,< 0.003,< 0.003,< 0.003,< 0.004,< 0.004,< 0.003
CA4310011_4310011802_2023-04-19_SE1,< 0.003,< 0.003,0.0034,< 0.004,< 0.004,< 0.003
CA4310011_4310011803_2023-04-19_SE1,< 0.003,< 0.003,0.0037,< 0.004,< 0.004,< 0.003
CA4310011_4310011805_2023-04-19_SE1,< 0.003,< 0.003,0.0032,< 0.004,< 0.004,< 0.003
CA4310011_4310011806_2023-08-15_SE1,< 0.003,< 0.003,< 0.003,< 0.004,< 0.004,< 0.003
CA4310011_4310011808_2023-04-19_SE1,< 0.003,< 0.003,< 0.003,< 0.004,< 0.004,< 0.003
CA4310011_4310011809_2023-02-16_SE1,< 0.003,< 0.003,0.0031,< 0.004,< 0.004,< 0.003
CA4310011_4310011811_2023-04-19_SE1,< 0.003,< 0.003,0.0040,< 0.004,< 0.004,< 0.003
CA4310011_4310011813_2023-04-19_SE1,< 0.003,< 0.003,< 0.003,< 0.004,0.0042,< 0.003
CA4310011_4310011822_2023-04-19_SE1,< 0.003,< 0.003,0.0040,< 0.004,< 0.004,< 0.003
CA4310011_4310011823_2023-04-19_SE1,< 0.003,< 0.003,0.0044,< 0.004,< 0.004,< 0.003
CA4310011_431011824_2025-02-11_SE1,< 0.003,< 0.003,< 0.003,< 0.004,< 0.004,< 0.003
CA4310012_431001036_2025-02-26_SE1,< 0.003,< 0.003,< 0.003,< 0.004,< 0.004,< 0.003
CA4310012_4310012002_2024-02-14_SE1,< 0.003,< 0.003,< 0.003,< 0.004,< 0.004,< 0.003
CA4310012_4310012004_2024-02-15_SE1,< 0.003,< 0.003,< 0.003,< 0.004,< 0.004,< 0.003
CA4310012_4310012008_2025-03-19_SE1,< 0.003,< 0.003,< 0.003,< 0.004,< 0.004,< 0.003
CA4310012_4310012010_2025-02-26_SE1,< 0.003,< 0.003,< 0.003,< 0.004,< 0.004,< 0.003
CA4310012_4310012011_2023-02-02_SE1,< 0.003,< 0.003,< 0.003,< 0.004,< 0.004,< 0.003
CA4310012_4310012014_2024-02-14_SE1,< 0.003,< 0.003,< 0.003,< 0.004,< 0.004,< 0.003
CA4310012_4310012015_2024-02-15_SE1,< 0.003,< 0.003,< 0.003,< 0.004,< 0.004,< 0.003
CA4310012_4310012016_2025-02-27_SE1,< 0.003,< 0.003,< 0.003,< 0.004,< 0.004,< 0.003
CA4310012_4310012018_2025-02-27_SE1,< 0.003,< 0.003,< 0.003,< 0.004,< 0.004,< 0.003
CA4310012_4310012019_2024-02-14_SE1,< 0.003,< 0.003,< 0.003,< 0.004,< 0.004,< 0.003
CA4310012_4310012023_2025-02-27_SE1,< 0.003,< 0.003,< 0.003,< 0.004,< 0.004,< 0.003
CA4310012_4310012026_2024-02-15_SE1,< 0.003,< 0.003,< 0.003,< 0.004,< 0.004,< 0.003
CA4310012_4310012027_2023-02-01_SE1,< 0.003,< 0.003,< 0.003,< 0.004,< 0.004,< 0.003
CA4310012_4310012029_2025-03-03_SE1,< 0.003,< 0.003,< 0.003,< 0.004,< 0.004,< 0.003
CA4310012_4310012031_2024-02-14_SE1,< 0.003,< 0.003,< 0.003,< 0.004,< 0.004,< 0.003
CA4310012_4310012034_2023-02-01_SE1,< 0.003,< 0.003,< 0.003,< 0.004,< 0.004,< 0.003
CA4310013_4310013004_2024-11-20_SE1,< 0.003,< 0.003,< 0.003,< 0.004,< 0.004,< 0.003
CA4310014_4310014003_2024-04-10_SE1,< 0.003,< 0.003,< 0.003,< 0.004,< 0.004,< 0.003
CA4310014_4310014004_2024-04-10_SE1,< 0.003,< 0.003,< 0.003,< 0.004,< 0.004,< 0.003
CA4310014_4310014007_2024-04-10_SE1,< 0.003,< 0.003,< 0.003,< 0.004,< 0.004,< 0.003
CA4310014_4310014008_2024-04-10_SE1,< 0.003,< 0.003,< 0.003,< 0.004,< 0.004,< 0.003
CA4310014_4310014010_2024-04-10_SE1,< 0.003,< 0.003,< 0.003,< 0.004,< 0.004,< 0.003
CA4310014_4310014012_2024-04-10_SE1,< 0.003,< 0.003,< 0.003,< 0.004,< 0.004,< 0.003
CA4310014_4310014014_2024-04-10_SE1,< 0.003,< 0.003,< 0.003,< 0.004,< 0.004,< 0.003
CA4310014_4310014017_2024-04-10_SE1,< 0.003,< 0.003,< 0.003,< 0.004,< 0.004,< 0.003
CA4310018_4310018801_2023-05-24_SE1,< 0.003,< 0.003,< 0.003,< 0.004,< 0.004,< 0.003
CA4310019_4310019003_2023-03-15_SE1,< 0.003,< 0.003,< 0.003,< 0.004,< 0.004,< 0.003
CA4310019_4310019005_2023-03-15_SE1,< 0.003,< 0.003,< 0.003,< 0.004,< 0.004,< 0.003
CA4310019_4310019007_2023-03-30_SE1,< 0.003,< 0.003,< 0.003,< 0.004,< 0.004,< 0.003
CA4310020_4310020008_2023-03-21_SE1,< 0.003,< 0.003,< 0.003,< 0.004,< 0.004,< 0.003
CA4310020_4310020013_2023-03-07_SE1,< 0.003,< 0.003,< 0.003,< 0.004,< 0.004,< 0.003
CA4310020_4310020567_2023-03-07_SE1,< 0.003,< 0.003,< 0.003,< 0.004,< 0.004,< 0.003
CA4310020_4310020789_2023-03-07_SE1,< 0.003,< 0.003,< 0.003,< 0.004,< 0.004,< 0.003
CA4310021_EP1_2025-03-10_SE1,< 0.003,< 0.003,< 0.003,< 0.004,< 0.004,< 0.003
CA4310022_4310022001_2025-06-24_SE1,< 0.003,< 0.003,0.0050,< 0.004,< 0.004,< 0.003
CA4310022_4310022002_2025-06-24_SE1,< 0.003,< 0.003,< 0.003,< 0.004,< 0.004,< 0.003
CA4310022_4310022004_2025-06-24_SE1,< 0.003,< 0.003,< 0.003,< 0.004,< 0.004,< 0.003
CA4310022_4310022006_2025-06-24_SE1,< 0.003,< 0.003,< 0.003,< 0.004,< 0.004,< 0.003
CA4310022_4310022007_2025-06-24_SE1,< 0.003,< 0.003,0.0054,< 0.004,< 0.004,< 0.003
CA4310022_4310022008_2025-06-24_SE1,< 0.003,< 0.003,0.0046,< 0.004,< 0.004,< 0.003
CA4310022_4310022009_2025-06-24_SE1,< 0.003,< 0.003,< 0.003,< 0.004,< 0.004,< 0.003
CA4310022_4310022010_2025-06-24_SE1,< 0.003,< 0.003,< 0.003,< 0.004,< 0.004,< 0.003
CA4310022_4310022015_2025-06-24_SE1,< 0.003,< 0.003,< 0.003,< 0.004,< 0.004,< 0.003
CA4310022_4310022018_2025-06-25_SE1,< 0.003,< 0.003,< 0.003,< 0.004,< 0.004,< 0.003
CA4310022_4310022019_2025-06-25_SE1,< 0.003,< 0.003,< 0.003,< 0.004,< 0.004,< 0.003
CA4310022_4310022021_2025-06-25_SE1,< 0.003,< 0.003,< 0.003,< 0.004,< 0.004,< 0.003
CA4310022_4310022022_2025-06-25_SE1,< 0.003,< 0.003,< 0.003,< 0.004,< 0.004,< 0.003
CA4310022_4310022023_2025-06-25_SE1,< 0.003,< 0.003,< 0.003,< 0.004,< 0.004,< 0.003
CA4310022_4310022026_2025-06-25_SE1,< 0.003,< 0.003,< 0.003,< 0.004,< 0.004,< 0.003
CA4310022_4310022027_2025-06-25_SE1,< 0.003,< 0.003,< 0.003,< 0.004,< 0.004,< 0.003
CA4310022_4310022028_2025-06-25_SE1,< 0.003,0.0036,< 0.003,< 0.004,< 0.004,0.0036
CA4310022_4310022029_2025-06-25_SE1,< 0.003,0.0040,< 0.003,< 0.004,< 0.004,0.0045
CA4310022_4310022030_2025-06-25_SE1,< 0.003,0.0032,< 0.003,< 0.004,< 0.004,0.0036
CA4400502_CA4400502011_2025-04-14_SE1,< 0.003,< 0.003,< 0.003,< 0.004,< 0.004,< 0.003
CA4400753_BLDG600_2023-01-18_SE1,< 0.003,< 0.003,< 0.003,< 0.004,< 0.004,< 0.003
CA4410002_EP001_2025-03-11_SE1,< 0.003,< 0.003,< 0.003,< 0.004,< 0.004,< 0.003
CA4410002_EP004_2025-03-11_SE1,< 0.003,< 0.003,< 0.003,< 0.004,< 0.004,< 0.003
CA4410010_4410010803_2023-07-06_SE1,< 0.003,< 0.003,< 0.003,< 0.004,< 0.004,< 0.003
CA4410010_4410010804_2023-07-06_SE1,< 0.003,< 0.003,< 0.003,< 0.004,< 0.004,< 0.003
CA4410011_4410011802_2024-04-15_SE1,< 0.003,< 0.003,< 0.003,< 0.004,< 0.004,< 0.003
CA4410011_4410011803_2024-07-22_SE1,< 0.003,< 0.003,< 0.003,< 0.004,< 0.004,< 0.003
CA4410011_4410011804_2024-07-22_SE1,< 0.003,< 0.003,< 0.003,< 0.004,< 0.004,< 0.003
CA4410011_4410011805_2024-04-15_SE1,< 0.003,< 0.003,< 0.003,< 0.004,< 0.004,< 0.003
CA4410011_4410011806_2024-04-15_SE1,< 0.003,< 0.003,< 0.003,< 0.004,< 0.004,< 0.003
CA4410011_4410011807_2024-04-15_SE1,< 0.003,< 0.003,< 0.003,< 0.004,< 0.004,< 0.003
CA4410011_4410011808_2024-04-15_SE1,0.0048,< 0.003,0.0047,< 0.004,0.0046,< 0.003
CA4410011_4410011809_2024-04-15_SE1,< 0.003,< 0.003,< 0.003,< 0.004,< 0.004,< 0.003
CA4410011_4410011810_2024-04-15_SE1,0.0050,0.0034,0.0056,0.0051,0.0043,0.0038
CA4410011_4410011811_2024-04-15_SE1,< 0.003,< 0.003,< 0.003,< 0.004,< 0.004,< 0.003
CA4410011_4410011812_2024-04-15_SE1,< 0.003,< 0.003,< 0.003,< 0.004,< 0.004,< 0.003
CA4410011_4410011813_2024-04-15_SE1,< 0.003,< 0.003,< 0.003,< 0.004,< 0.004,< 0.003
CA4410011_4410011814_2024-04-15_SE1,< 0.003,< 0.003,< 0.003,< 0.004,< 0.004,< 0.003
CA4410013_4410013802_2023-11-02_SE1,< 0.003,< 0.003,< 0.003,< 0.004,< 0.004,< 0.003
CA4410013_4410013805_2023-11-02_SE1,< 0.003,< 0.003,< 0.003,< 0.004,< 0.004,< 0.003
CA4410013_4410013806_2023-11-02_SE1,< 0.003,0.0045,< 0.003,< 0.004,< 0.004,0.0065
CA4410014_4410014041_2024-08-07_SE1,< 0.003,< 0.003,< 0.003,< 0.004,< 0.004,< 0.003
CA4410014_4410014801_2023-03-27_SE1,< 0.003,< 0.003,< 0.003,< 0.004,< 0.004,< 0.003
CA4410014_4410014802_2023-08-16_SE1,< 0.003,< 0.003,< 0.003,< 0.004,< 0.004,< 0.003
CA4410014_4410014803_2023-08-16_SE1,< 0.003,< 0.003,< 0.003,< 0.004,< 0.004,< 0.003
CA4410014_4410014805_2023-08-16_SE1,< 0.003,< 0.003,< 0.003,< 0.004,< 0.004,< 0.003
CA4410014_4410014806_2023-08-16_SE1,< 0.003,< 0.003,< 0.003,< 0.004,< 0.004,< 0.003
CA4410014_4410014807_2023-08-16_SE1,< 0.003,< 0.003,< 0.003,< 0.004,< 0.004,< 0.003
CA4410014_4410014809_2023-08-16_SE1,< 0.003,< 0.003,< 0.003,< 0.004,< 0.004,< 0.003
CA4410017_4410017048_2025-11-18_SE1,< 0.003,< 0.003,< 0.003,< 0.004,< 0.004,< 0.003
CA4410017_4410017051_2025-05-14_SE1,< 0.003,< 0.003,< 0.003,< 0.004,< 0.004,< 0.003
CA4410017_4410017055_2025-06-16_SE1,< 0.003,< 0.003,< 0.003,< 0.004,< 0.004,< 0.003
CA4410017_4410017801_2025-05-28_SE1,< 0.003,< 0.003,< 0.003,< 0.004,< 0.004,< 0.003
CA4410017_4410017802_2025-05-20_SE1,< 0.003,< 0.003,< 0.003,< 0.004,< 0.004,< 0.003
CA4410017_4410017803_2025-05-20_SE1,< 0.003,< 0.003,< 0.003,< 0.004,< 0.004,< 0.003
CA4410017_4410017804_2025-05-28_SE1,< 0.003,< 0.003,< 0.003,< 0.004,< 0.004,< 0.003
CA4410017_4410017805_2025-05-28_SE1,< 0.003,< 0.003,< 0.003,< 0.004,< 0.004,< 0.003
CA4410017_4410017807_2025-05-20_SE1,< 0.003,< 0.003,< 0.003,< 0.004,< 0.004,< 0.003
CA4410017_4410017808_2025-05-13_SE1,< 0.003,< 0.003,< 0.003,< 0.004,< 0.004,< 0.003
CA4410017_4410017810_2025-05-20_SE1,< 0.003,< 0.003,< 0.003,< 0.004,< 0.004,< 0.003
CA4410017_4410017811_2025-06-16_SE1,< 0.003,< 0.003,< 0.003,< 0.004,< 0.004,< 0.003
CA4410017_4410017812_2025-11-19_SE1,< 0.003,< 0.003,< 0.003,< 0.004,< 0.004,< 0.003
CA4410017_4410017814_2025-11-19_SE1,< 0.003,< 0.003,< 0.003,< 0.004,< 0.004,< 0.003
CA4500013_EP001_2025-01-13_SE1,< 0.003,< 0.003,< 0.003,< 0.004,< 0.004,< 0.003
CA4510005_4410005801_2023-03-07_SE1,< 0.003,< 0.003,< 0.003,< 0.004,< 0.004,< 0.003
CA4510005_4510005012_2023-03-07_SE1,0.0034,< 0.003,< 0.003,< 0.004,< 0.004,< 0.003
CA4510005_4510005802_2023-03-07_SE1,< 0.003,< 0.003,< 0.003,< 0.004,< 0.004,< 0.003
CA4510005_CW901_2023-03-07_SE1,< 0.003,< 0.003,< 0.003,< 0.004,< 0.004,< 0.003
CA4510005_EW803_2023-03-07_SE1,0.0086,0.0068,0.0089,0.0162,0.0126,0.0064
CA4510005_EW807_2023-03-07_SE1,< 0.003,< 0.003,< 0.003,< 0.004,< 0.004,< 0.003
CA4510005_EW808_2023-03-07_SE1,< 0.003,< 0.003,< 0.003,< 0.004,< 0.004,< 0.003
CA4510005_EW809_2023-03-07_SE1,< 0.003,< 0.003,< 0.003,< 0.004,< 0.004,< 0.003
CA4510005_EW812_2023-03-15_SE1,< 0.003,< 0.003,< 0.003,< 0.004,< 0.004,< 0.003
CA4510005_EW814_2023-03-07_SE1,< 0.003,< 0.003,< 0.003,< 0.004,< 0.004,< 0.003
CA4510006_4510006002_2024-04-03_SE1,< 0.003,< 0.003,< 0.003,< 0.004,< 0.004,< 0.003
CA4510007_001_2024-04-09_SE1,< 0.003,< 0.003,< 0.003,< 0.004,< 0.004,< 0.003
CA4510007_002_2024-04-09_SE1,< 0.003,< 0.003,< 0.003,< 0.004,< 0.004,< 0.003
CA4510007_003_2024-04-09_SE1,< 0.003,< 0.003,< 0.003,< 0.004,< 0.004,< 0.003
CA4510007_004_2024-04-09_SE1,< 0.003,< 0.003,< 0.003,< 0.004,< 0.004,< 0.003
CA4510007_005_2024-04-09_SE1,< 0.003,< 0.003,< 0.003,< 0.004,< 0.004,< 0.003
CA4510011_EP1_2023-02-14_SE1,< 0.003,< 0.003,< 0.003,< 0.004,< 0.004,< 0.003
CA4510014_4510014801_2023-11-01_SE1,< 0.003,< 0.003,< 0.003,< 0.004,< 0.004,< 0.003
CA4510014_4510014802_2023-10-02_SE1,< 0.003,< 0.003,< 0.003,< 0.004,< 0.004,< 0.003
CA4510014_4510014803_2023-12-13_SE1,< 0.003,< 0.003,< 0.003,< 0.004,< 0.004,< 0.003
CA4510014_4510014804_2023-11-01_SE1,< 0.003,< 0.003,< 0.003,< 0.004,< 0.004,< 0.003
CA4510014_4510014805_2023-11-01_SE1,< 0.003,< 0.003,< 0.003,< 0.004,< 0.004,< 0.003
CA4510014_4510014806_2023-12-13_SE1,< 0.003,< 0.003,< 0.003,< 0.004,< 0.004,< 0.003
CA4510016_EP001_2023-02-07_SE1,< 0.003,< 0.003,< 0.003,< 0.004,< 0.004,< 0.003
CA4510016_EP003_2023-02-07_SE1,< 0.003,< 0.003,< 0.003,< 0.004,< 0.004,< 0.003
CA4510016_EP004_2023-02-07_SE1,< 0.003,< 0.003,< 0.003,< 0.004,< 0.004,< 0.003
CA4510016_EP005_2023-02-07_SE1,< 0.003,< 0.003,< 0.003,< 0.004,< 0.004,< 0.003
CA4710008_SSCS01_2024-02-06_SE1,< 0.003,< 0.003,< 0.003,< 0.004,< 0.004,< 0.003
CA4710008_SSW101_2024-02-06_SE1,< 0.003,< 0.003,< 0.003,< 0.004,< 0.004,< 0.003
CA4710008_SSW201_2024-02-06_SE1,< 0.003,< 0.003,< 0.003,< 0.004,< 0.004,< 0.003
CA4710011_EP001_2024-03-26_SE1,< 0.003,< 0.003,< 0.003,< 0.004,< 0.004,< 0.003
CA4810001_4810014801_2025-01-07_SE1,0.0033,0.0034,< 0.003,< 0.004,< 0.004,< 0.003
CA4810002_4810002801_2024-02-27_SE1,< 0.003,< 0.003,< 0.003,< 0.004,< 0.004,< 0.003
CA4810002_4810002803_2024-01-03_SE1,< 0.003,< 0.003,< 0.003,< 0.004,< 0.004,< 0.003
CA4810002_4810002804_2024-01-03_SE1,< 0.003,< 0.003,< 0.003,< 0.004,< 0.004,< 0.003
CA4810003_4810003802_2024-01-23_SE1,< 0.003,< 0.003,< 0.003,< 0.004,< 0.004,< 0.003
CA4810003_4810003803_2024-01-23_SE1,< 0.003,< 0.003,< 0.003,< 0.004,< 0.004,< 0.003
CA4810004_EP004_2024-01-09_SE1,< 0.003,< 0.003,< 0.003,< 0.004,< 0.004,< 0.003
CA4810004_EP005_2024-01-09_SE1,< 0.003,< 0.003,< 0.003,< 0.004,< 0.004,< 0.003
CA4810004_EP007_2024-01-09_SE1,< 0.003,< 0.003,< 0.003,< 0.004,< 0.004,< 0.003
CA4810004_EP010_2024-01-09_SE1,< 0.003,< 0.003,< 0.003,< 0.004,< 0.004,< 0.003
CA4810004_EP014_2024-03-06_SE1,< 0.003,< 0.003,< 0.003,< 0.004,< 0.004,< 0.003
CA4810004_EP015_2024-01-09_SE1,< 0.003,< 0.003,< 0.003,< 0.004,< 0.004,< 0.003
CA4810004_EP017_2024-01-09_SE1,< 0.003,< 0.003,< 0.003,< 0.004,< 0.004,< 0.003
CA4810005_4810005001_2024-01-25_SE1,< 0.003,< 0.003,< 0.003,< 0.004,< 0.004,< 0.003
CA4810007_4810007803_2024-02-05_SE1,< 0.003,< 0.003,< 0.003,< 0.004,< 0.004,< 0.003
CA4810008_4810008001_2023-11-15_SE1,< 0.003,< 0.003,< 0.003,< 0.004,< 0.004,< 0.003
CA4810008_4810008801_2024-08-13_SE1,< 0.003,< 0.003,< 0.003,< 0.004,< 0.004,< 0.003
CA4810008_4810008802_2023-11-15_SE1,< 0.003,< 0.003,< 0.003,< 0.004,< 0.004,< 0.003
CA4810008_4810008804_2023-11-15_SE1,< 0.003,< 0.003,< 0.003,< 0.004,< 0.004,< 0.003
CA4810008_4810008805_2023-11-15_SE1,< 0.003,< 0.003,< 0.003,< 0.004,< 0.004,< 0.003
CA4810008_4810008807_2025-03-13_SE1,< 0.003,< 0.003,< 0.003,< 0.004,< 0.004,< 0.003
CA4810008_4810008808_2023-11-15_SE1,< 0.003,< 0.003,< 0.003,< 0.004,< 0.004,< 0.003
CA4810008_4810008811_2024-02-14_SE1,0.0037,< 0.003,0.0092,< 0.004,0.0098,< 0.003
CA4810008_4810008815_2023-11-15_SE1,< 0.003,< 0.003,< 0.003,< 0.004,< 0.004,< 0.003
CA4810009_EP001_2023-08-01_SE1,< 0.003,< 0.003,< 0.003,< 0.004,< 0.004,< 0.003
CA4810009_EP002_2023-04-03_SE1,< 0.003,< 0.003,< 0.003,< 0.004,< 0.004,< 0.003
CA4810009_EP003_2023-04-03_SE1,< 0.003,< 0.003,< 0.003,< 0.004,< 0.004,< 0.003
CA4810009_EP004_2023-08-01_SE1,< 0.003,< 0.003,< 0.003,< 0.004,< 0.004,< 0.003
CA4810021_EP4810021_2024-02-14_SE1,< 0.003,< 0.003,< 0.003,< 0.004,< 0.004,< 0.003
CA4810701_CC001_2024-03-13_SE1,< 0.003,< 0.003,< 0.003,< 0.004,< 0.004,< 0.003
CA4810800_EP001_2023-02-07_SE1,< 0.003,< 0.003,< 0.003,< 0.004,< 0.004,< 0.003
CA4810800_EP006_2023-02-07_SE1,< 0.003,< 0.003,< 0.003,< 0.004,< 0.004,< 0.003
CA4900897_LC1_2024-04-09_SE1,< 0.003,< 0.003,< 0.003,< 0.004,< 0.004,< 0.003
CA4900897_UC1_2024-04-09_SE1,< 0.003,< 0.003,< 0.003,< 0.004,< 0.004,< 0.003
CA4910002_EP1_2025-01-14_SE1,< 0.003,< 0.003,< 0.003,< 0.004,< 0.004,< 0.003
CA4910004_EP005_2025-05-13_SE1,< 0.003,< 0.003,< 0.003,< 0.004,< 0.004,< 0.003
CA4910005_4910005801_2024-05-21_SE1,< 0.003,< 0.003,< 0.003,< 0.004,< 0.004,< 0.003
CA4910005_4910005802_2024-05-21_SE1,0.0047,< 0.003,0.0045,< 0.004,< 0.004,< 0.003
CA4910005_4910005803_2024-05-21_SE1,< 0.003,< 0.003,< 0.003,< 0.004,< 0.004,< 0.003
CA4910006_4910006065_2023-06-21_SE1,< 0.003,< 0.003,< 0.003,< 0.004,< 0.004,< 0.003
CA4910007_EP001_2023-01-23_SE1,< 0.003,< 0.003,< 0.003,< 0.004,< 0.004,< 0.003
CA4910007_EP002_2023-01-23_SE1,< 0.003,< 0.003,< 0.003,< 0.004,< 0.004,< 0.003
CA4910008_1_2025-04-15_SE1,< 0.003,< 0.003,< 0.003,< 0.004,< 0.004,< 0.003
CA4910009_4910009012_2024-05-09_SE1,< 0.003,< 0.003,< 0.003,< 0.004,< 0.004,< 0.003
CA4910009_4910009015_2024-05-09_SE1,< 0.003,< 0.003,< 0.003,< 0.004,< 0.004,< 0.003
CA4910011_SS01B_2023-05-01_SE1,< 0.003,< 0.003,< 0.003,< 0.004,< 0.004,< 0.003
CA4910011_W6PT_2024-09-09_SE1,< 0.003,< 0.003,< 0.003,< 0.004,< 0.004,< 0.003
CA4910011_W7PT_2023-10-24_SE1,< 0.003,< 0.003,< 0.003,< 0.004,< 0.004,< 0.003
CA4910011_W8PT_2023-05-01_SE1,< 0.003,< 0.003,< 0.003,< 0.004,< 0.004,< 0.003
CA4910012_49100012001_2023-07-19_SE1,< 0.003,< 0.003,< 0.003,< 0.004,< 0.004,< 0.003
CA4910012_4910012802_2023-07-19_SE1,< 0.003,< 0.003,< 0.003,< 0.004,< 0.004,< 0.003
CA4910012_4910012805_2023-07-19_SE1,< 0.003,< 0.003,< 0.003,< 0.004,< 0.004,< 0.003
CA4910012_4910012806_2023-07-19_SE1,< 0.003,0.0043,< 0.003,0.004,< 0.004,< 0.003
CA4910012_4910012807_2023-07-19_SE1,< 0.003,< 0.003,< 0.003,< 0.004,< 0.004,< 0.003
CA4910012_4910012808_2023-07-19_SE1,< 0.003,< 0.003,< 0.003,< 0.004,< 0.004,< 0.003
CA4910013_4910013801_2024-10-08_SE1,< 0.003,< 0.003,< 0.003,< 0.004,< 0.004,< 0.003
CA4910013_4910013802_2024-10-08_SE1,< 0.003,< 0.003,< 0.003,< 0.004,< 0.004,< 0.003
CA4910013_4910013803_2024-10-08_SE1,0.0037,< 0.003,< 0.003,< 0.004,< 0.004,< 0.003
CA4910013_4910013804_2024-10-08_SE1,< 0.003,< 0.003,< 0.003,< 0.004,< 0.004,< 0.003
CA4910013_4910013805_2024-10-08_SE1,< 0.003,< 0.003,< 0.003,< 0.004,< 0.004,< 0.003
CA4910013_4910013808_2024-10-08_SE1,< 0.003,< 0.003,< 0.003,< 0.004,< 0.004,< 0.003
CA4910013_4910013809_2024-10-08_SE1,< 0.003,0.0033,0.0032,0.004,< 0.004,< 0.003
CA4910014_4910014803_2024-05-21_SE1,< 0.003,< 0.003,< 0.003,< 0.004,< 0.004,< 0.003
CA4910014_4910014806_2024-04-09_SE1,< 0.003,< 0.003,< 0.003,< 0.004,< 0.004,< 0.003
CA4910014_4910014811_2024-04-09_SE1,< 0.003,< 0.003,< 0.003,< 0.004,< 0.004,< 0.003
CA4910014_4910014812_2024-04-09_SE1,< 0.003,< 0.003,< 0.003,< 0.004,< 0.004,< 0.003
CA4910014_4910014821_2024-04-09_SE1,< 0.003,< 0.003,< 0.003,< 0.004,< 0.004,< 0.003
CA4910014_4910014830_2024-05-21_SE1,< 0.003,< 0.003,0.0036,< 0.004,< 0.004,< 0.003
CA4910014_4910014840_2024-04-09_SE1,< 0.003,< 0.003,< 0.003,< 0.004,< 0.004,< 0.003
CA4910014_4910014841_2024-04-09_SE1,< 0.003,< 0.003,< 0.003,< 0.004,< 0.004,< 0.003
CA4910016_EP1_2024-03-05_SE1,< 0.003,< 0.003,< 0.003,< 0.004,< 0.004,< 0.003
CA4910016_EP2_2024-03-05_SE1,< 0.003,< 0.003,< 0.003,< 0.004,< 0.004,< 0.003
CA4910016_EP3_2024-03-05_SE1,< 0.003,< 0.003,< 0.003,< 0.004,< 0.004,< 0.003
CA4910016_EP4_2024-03-05_SE1,< 0.003,< 0.003,< 0.003,< 0.004,< 0.004,< 0.003
CA4910016_EP5_2024-03-05_SE1,< 0.003,< 0.003,< 0.003,< 0.004,< 0.004,< 0.003
CA4910017_EP01_2025-01-08_SE1,< 0.003,< 0.003,< 0.003,< 0.004,< 0.004,< 0.003
CA4910017_EP02_2025-01-08_SE1,< 0.003,< 0.003,< 0.003,< 0.004,< 0.004,< 0.003
CA4910023_EP1_2023-05-23_SE1,< 0.003,< 0.003,< 0.003,< 0.004,< 0.004,< 0.003
CA4910023_EP2_2023-04-05_SE1,< 0.003,< 0.003,< 0.003,< 0.004,< 0.004,< 0.003
CA4910024_EP1_2023-07-11_SE1,< 0.003,< 0.003,< 0.003,< 0.004,< 0.004,< 0.003
CA4910024_EP3_2023-05-03_SE1,< 0.003,< 0.003,< 0.003,< 0.004,< 0.004,< 0.003
CA4910027_PUMPHOUSE_2023-12-05_SE1,< 0.003,< 0.003,< 0.003,< 0.004,< 0.004,< 0.003
CA5000202_EP1_2025-12-09_SE1,< 0.003,< 0.003,< 0.003,< 0.004,< 0.004,< 0.003
CA5000202_EP2_2025-06-09_SE1,< 0.003,< 0.003,< 0.003,< 0.004,< 0.004,< 0.003
CA5000372_SS001_2025-02-18_SE1,< 0.003,< 0.003,< 0.003,< 0.004,< 0.004,< 0.003
CA5000592_EP001_2024-03-05_SE1,< 0.003,< 0.003,< 0.003,< 0.004,< 0.004,< 0.003
CA5010005_5010005805_2024-01-04_SE1,< 0.003,< 0.003,< 0.003,< 0.004,< 0.004,< 0.003
CA5010005_5010005807_2023-11-16_SE1,< 0.003,< 0.003,< 0.003,< 0.004,< 0.004,< 0.003
CA5010006_EP1_2024-02-27_SE1,< 0.003,< 0.003,< 0.003,< 0.004,< 0.004,< 0.003
CA5010006_EP2_2024-09-17_SE1,< 0.003,< 0.003,< 0.003,< 0.004,< 0.004,< 0.003
CA5010006_EP3_2024-03-27_SE1,< 0.003,< 0.003,< 0.003,< 0.004,< 0.004,< 0.003
CA5010006_EP4_2024-03-27_SE1,< 0.003,< 0.003,< 0.003,< 0.004,< 0.004,< 0.003
CA5010008_EP1_2023-02-21_SE1,< 0.003,< 0.003,< 0.003,< 0.004,< 0.004,< 0.003
CA5010008_EP2_2023-02-21_SE1,< 0.003,< 0.003,< 0.003,< 0.004,< 0.004,< 0.003
CA5010008_EP3_2023-02-21_SE1,< 0.003,< 0.003,< 0.003,< 0.004,< 0.004,< 0.003
CA5010009_EP_2023-08-08_SE1,< 0.003,< 0.003,< 0.003,< 0.004,< 0.004,< 0.003
CA5010010_5010010048_2023-11-16_SE1,< 0.003,< 0.003,< 0.003,< 0.004,< 0.004,< 0.003
CA5010010_5010010245_2023-11-16_SE1,< 0.003,< 0.003,< 0.003,< 0.004,< 0.004,< 0.003
CA5010010_5010010894_2023-11-16_SE1,< 0.003,< 0.003,< 0.003,< 0.004,< 0.004,< 0.003
CA5010010_5010010895_2023-11-16_SE1,< 0.003,< 0.003,< 0.003,< 0.004,< 0.004,< 0.003
CA5010010_5010010896_2023-11-16_SE1,< 0.003,< 0.003,< 0.003,< 0.004,< 0.004,< 0.003
CA5010010_5010010897_2023-11-16_SE1,< 0.003,< 0.003,< 0.003,< 0.004,< 0.004,< 0.003
CA5010010_5010010898_2023-11-16_SE1,< 0.003,< 0.003,< 0.003,< 0.004,< 0.004,< 0.003
CA5010010_5010010900_2023-11-16_SE1,< 0.003,< 0.003,< 0.003,< 0.004,< 0.004,< 0.003
CA5010010_5010010901_2023-11-16_SE1,< 0.003,< 0.003,< 0.003,< 0.004,0.0046,< 0.003
CA5010010_5010010902_2023-11-16_SE1,< 0.003,< 0.003,0.0033,< 0.004,< 0.004,< 0.003
CA5010010_5010010903_2024-01-04_SE1,< 0.003,< 0.003,< 0.003,< 0.004,< 0.004,< 0.003
CA5010010_5010010904_2023-11-16_SE1,< 0.003,< 0.003,< 0.003,< 0.004,< 0.004,< 0.003
CA5010010_5010010905_2024-01-10_SE1,< 0.003,< 0.003,< 0.003,< 0.004,< 0.004,< 0.003
CA5010010_5010010906_2023-11-16_SE1,< 0.003,< 0.003,< 0.003,< 0.004,< 0.004,0.0038
CA5010010_5010010907_2023-11-16_SE1,< 0.003,< 0.003,< 0.003,< 0.004,< 0.004,< 0.003
CA5010010_5010010908_2024-01-04_SE1,< 0.003,< 0.003,< 0.003,< 0.004,< 0.004,< 0.003
CA5010010_5010010909_2024-01-04_SE1,< 0.003,< 0.003,< 0.003,< 0.004,< 0.004,< 0.003
CA5010010_5010010910_2024-01-04_SE1,< 0.003,< 0.003,< 0.003,< 0.004,< 0.004,< 0.003
CA5010010_5010010911_2024-01-04_SE1,< 0.003,< 0.003,< 0.003,< 0.004,< 0.004,< 0.003
CA5010010_5010010913_2023-11-16_SE1,< 0.003,< 0.003,0.0042,< 0.004,0.011,< 0.003
CA5010010_5010010914_2023-11-16_SE1,< 0.003,< 0.003,0.0047,< 0.004,< 0.004,< 0.003
CA5010010_5010010916_2023-11-16_SE1,< 0.003,< 0.003,< 0.003,< 0.004,< 0.004,< 0.003
CA5010010_5010010917_2024-01-04_SE1,< 0.003,< 0.003,< 0.003,< 0.004,< 0.004,< 0.003
CA5010010_5010010918_2024-01-04_SE1,< 0.003,< 0.003,0.0036,< 0.004,0.0045,< 0.003
CA5010010_5010010919_2023-11-16_SE1,< 0.003,< 0.003,< 0.003,< 0.004,< 0.004,< 0.003
CA5010010_5010010920_2023-11-16_SE1,< 0.003,< 0.003,< 0.003,< 0.004,< 0.004,< 0.003
CA5010010_5010010922_2023-11-16_SE1,< 0.003,< 0.003,< 0.003,< 0.004,< 0.004,< 0.003
CA5010010_5010010925_2024-01-04_SE1,< 0.003,< 0.003,< 0.003,< 0.004,< 0.004,< 0.003
CA5010010_5010010926_2023-11-16_SE1,< 0.003,0.0034,0.0034,0.0043,0.0097,0.0036
CA5010010_5010010927_2023-11-16_SE1,< 0.003,< 0.003,< 0.003,< 0.004,< 0.004,< 0.003
CA5010010_5010010928_2024-01-04_SE1,< 0.003,< 0.003,< 0.003,< 0.004,< 0.004,< 0.003
CA5010010_5010010929_2024-01-04_SE1,< 0.003,< 0.003,< 0.003,< 0.004,< 0.004,< 0.003
CA5010010_5010010930_2023-11-16_SE1,< 0.003,< 0.003,< 0.003,< 0.004,0.0045,< 0.003
CA5010010_5010010931_2023-11-16_SE1,< 0.003,< 0.003,< 0.003,< 0.004,< 0.004,< 0.003
CA5010010_5010010933_2023-11-16_SE1,< 0.003,< 0.003,< 0.003,< 0.004,< 0.004,< 0.003
CA5010010_5010010934_2023-11-16_SE1,< 0.003,< 0.003,< 0.003,< 0.004,< 0.004,< 0.003
CA5010010_5010010935_2023-11-16_SE1,< 0.003,< 0.003,< 0.003,< 0.004,0.0053,< 0.003
CA5010010_5010010936_2023-11-16_SE1,< 0.003,< 0.003,< 0.003,< 0.004,< 0.004,< 0.003
CA5010010_5010010938_2024-01-04_SE1,< 0.003,< 0.003,< 0.003,< 0.004,< 0.004,< 0.003
CA5010010_5010010940_2024-01-04_SE1,< 0.003,< 0.003,< 0.003,< 0.004,< 0.004,< 0.003
CA5010010_5010010941_2024-01-17_SE1,< 0.003,< 0.003,< 0.003,< 0.004,< 0.004,< 0.003
CA5010010_5010010943_2023-11-16_SE1,< 0.003,< 0.003,< 0.003,< 0.004,< 0.004,< 0.003
CA5010013_5010013007_2023-01-23_SE1,< 0.003,< 0.003,< 0.003,< 0.004,< 0.004,< 0.003
CA5010013_5010013008_2023-01-23_SE1,< 0.003,< 0.003,< 0.003,< 0.004,< 0.004,< 0.003
CA5010013_5010013009_2023-01-23_SE1,< 0.003,< 0.003,< 0.003,< 0.004,< 0.004,< 0.003
CA5010013_5010013010_2023-01-23_SE1,< 0.003,< 0.003,< 0.003,< 0.004,< 0.004,< 0.003
CA5010013_5010013011_2023-01-23_SE1,< 0.003,< 0.003,< 0.003,< 0.004,< 0.004,< 0.003
CA5010014_5010014007_2025-02-24_SE1,< 0.003,< 0.003,< 0.003,< 0.004,< 0.004,< 0.003
CA5010014_5010014008_2025-02-24_SE1,< 0.003,< 0.003,< 0.003,< 0.004,< 0.004,< 0.003
CA5010014_5010014009_2025-02-24_SE1,< 0.003,< 0.003,< 0.003,< 0.004,< 0.004,< 0.003
CA5010014_5010014010_2025-02-24_SE1,< 0.003,< 0.003,< 0.003,< 0.004,< 0.004,< 0.003
CA5010014_5010014011_2025-02-24_SE1,< 0.003,< 0.003,< 0.003,< 0.004,< 0.004,< 0.003
CA5010014_5010014012_2025-02-24_SE1,< 0.003,< 0.003,< 0.003,< 0.004,< 0.004,< 0.003
CA5010014_5010014013_2025-02-24_SE1,< 0.003,< 0.003,< 0.003,< 0.004,< 0.004,< 0.003
CA5010017_5010017801_2024-05-15_SE1,< 0.003,< 0.003,< 0.003,< 0.004,< 0.004,< 0.003
CA5010017_5010017803_2024-05-15_SE1,< 0.003,< 0.003,< 0.003,< 0.004,< 0.004,< 0.003
CA5010017_5010017805_2024-06-20_SE1,< 0.003,< 0.003,< 0.003,< 0.004,< 0.004,< 0.003
CA5010017_5010017806_2024-05-15_SE1,< 0.003,< 0.003,< 0.003,< 0.004,< 0.004,< 0.003
CA5010017_5010017808_2024-05-15_SE1,< 0.003,< 0.003,< 0.003,< 0.004,< 0.004,< 0.003
CA5010017_5010017809_2024-05-15_SE1,< 0.003,< 0.003,< 0.003,< 0.004,< 0.004,< 0.003
CA5010018_5010018002_2023-10-11_SE1,< 0.003,< 0.003,< 0.003,< 0.004,< 0.004,< 0.003
CA5010018_5010018003_2024-05-31_SE1,< 0.003,< 0.003,< 0.003,< 0.004,< 0.004,< 0.003
CA5010018_5010018004_2023-10-11_SE1,< 0.003,< 0.003,< 0.003,< 0.004,< 0.004,< 0.003
CA5010018_5010018006_2023-10-11_SE1,< 0.003,< 0.003,< 0.003,< 0.004,< 0.004,< 0.003
CA5010018_5010018007_2023-10-11_SE1,< 0.003,< 0.003,< 0.003,< 0.004,< 0.004,< 0.003
CA5010018_5010018008_2023-10-11_SE1,< 0.003,< 0.003,< 0.003,< 0.004,< 0.004,< 0.003
CA5010018_5010018009_2023-10-11_SE1,< 0.003,< 0.003,< 0.003,< 0.004,< 0.004,< 0.003
CA5010018_5010018010_2023-10-11_SE1,< 0.003,< 0.003,< 0.003,< 0.004,< 0.004,< 0.003
CA5010018_5010018012_2023-10-11_SE1,< 0.003,< 0.003,< 0.003,< 0.004,< 0.004,< 0.003
CA5010019_5010019008_2023-01-25_SE1,< 0.003,< 0.003,< 0.003,< 0.004,< 0.004,< 0.003
CA5010019_5010019027_2023-01-25_SE1,< 0.003,< 0.003,< 0.003,< 0.004,< 0.004,< 0.003
CA5010019_5010019030_2023-01-25_SE1,< 0.003,< 0.003,< 0.003,< 0.004,< 0.004,< 0.003
CA5010019_5010019035_2023-01-25_SE1,< 0.003,< 0.003,< 0.003,< 0.004,< 0.004,< 0.003
CA5010019_5010019036_2023-01-25_SE1,< 0.003,< 0.003,< 0.003,< 0.004,< 0.004,< 0.003
CA5010021_701_2025-01-14_SE1,< 0.003,< 0.003,< 0.003,< 0.004,< 0.004,< 0.003
CA5010021_801_2025-01-14_SE1,< 0.003,< 0.003,< 0.003,< 0.004,< 0.004,< 0.003
CA5010021_PW1001_2025-01-15_SE1,< 0.003,< 0.003,< 0.003,< 0.004,< 0.004,< 0.003
CA5010021_PW901_2025-01-14_SE1,< 0.003,< 0.003,< 0.003,< 0.004,< 0.004,< 0.003
CA5010028_5010028810_2024-10-31_SE1,< 0.003,< 0.003,0.0057,< 0.004,< 0.004,< 0.003
CA5010028_5010028811_2024-10-31_SE1,< 0.003,< 0.003,< 0.003,< 0.004,< 0.004,< 0.003
CA5010028_5010028812_2024-10-31_SE1,0.0036,0.0046,0.0048,0.0047,0.013,0.0040
CA5010028_5010028813_2024-10-31_SE1,< 0.003,< 0.003,< 0.003,< 0.004,< 0.004,< 0.003
CA5010028_5010028815_2024-10-31_SE1,< 0.003,< 0.003,0.0050,< 0.004,< 0.004,< 0.003
CA5010028_5010028816_2024-10-31_SE1,< 0.003,< 0.003,< 0.003,< 0.004,< 0.004,< 0.003
CA5010028_5010028817_2024-10-31_SE1,< 0.003,< 0.003,< 0.003,< 0.004,< 0.004,< 0.003
CA5010028_5010028818_2024-10-31_SE1,< 0.003,< 0.003,< 0.003,< 0.004,< 0.004,< 0.003
CA5110001_CA5110001010010_2023-01-17_SE1,< 0.003,< 0.003,< 0.003,< 0.004,< 0.004,< 0.003
CA5110001_CA5110001015015_2023-01-17_SE1,< 0.003,< 0.003,< 0.003,< 0.004,< 0.004,0.0032
CA5110001_CA5110001018018_2023-01-17_SE1,< 0.003,< 0.003,< 0.003,< 0.004,< 0.004,< 0.003
CA5110001_CA511001008008_2023-01-17_SE1,< 0.003,< 0.003,< 0.003,< 0.004,< 0.004,< 0.003
CA5110002_006_2023-04-19_SE1,< 0.003,< 0.003,< 0.003,< 0.004,< 0.004,< 0.003
CA5210001_EP11_2023-05-02_SE1,< 0.003,< 0.003,< 0.003,< 0.004,< 0.004,< 0.003
CA5210001_EP12_2023-05-02_SE1,< 0.003,< 0.003,< 0.003,< 0.004,< 0.004,< 0.003
CA5210001_EP13_2023-05-02_SE1,< 0.003,< 0.003,< 0.003,< 0.004,< 0.004,< 0.003
CA5210001_EP15_2023-05-02_SE1,< 0.003,< 0.003,< 0.003,< 0.004,< 0.004,< 0.003
CA5210001_EP16_2023-05-02_SE1,< 0.003,< 0.003,< 0.003,< 0.004,< 0.004,< 0.003
CA5210001_EP17_2023-05-02_SE1,< 0.003,< 0.003,< 0.003,< 0.004,< 0.004,< 0.003
CA5210001_EP20_2023-05-02_SE1,< 0.003,< 0.003,< 0.003,< 0.004,< 0.004,< 0.003
CA5210004_5210004003_2024-01-11_SE1,< 0.003,< 0.003,< 0.003,< 0.004,< 0.004,< 0.003
CA5210004_5210004004_2024-07-22_SE1,< 0.003,< 0.003,< 0.003,< 0.004,< 0.004,< 0.003
CA5210004_5210004005_2024-03-07_SE1,< 0.003,< 0.003,< 0.003,< 0.004,< 0.004,< 0.003
CA5210004_5210004007_2024-01-11_SE1,< 0.003,< 0.003,< 0.003,< 0.004,< 0.004,< 0.003
CA5210004_5210004008_2024-01-11_SE1,< 0.003,< 0.003,< 0.003,< 0.004,< 0.004,< 0.003
CA5210004_5210004009_2024-01-11_SE1,< 0.003,< 0.003,< 0.003,< 0.004,< 0.004,< 0.003
CA5210004_5210004010_2024-04-29_SE1,< 0.003,< 0.003,< 0.003,< 0.004,< 0.004,< 0.003
CA5210004_5210004011_2024-01-11_SE1,< 0.003,< 0.003,< 0.003,< 0.004,< 0.004,< 0.003
CA5210004_5210004012_2024-01-11_SE1,< 0.003,< 0.003,< 0.003,< 0.004,< 0.004,< 0.003
CA5210004_5210004014_2024-01-11_SE1,< 0.003,0.006,< 0.003,0.0074,< 0.004,0.0067
CA5210004_5210004015_2024-01-11_SE1,< 0.003,< 0.003,< 0.003,< 0.004,< 0.004,< 0.003
CA5310001_EP1_2023-03-07_SE1,< 0.003,< 0.003,< 0.003,< 0.004,< 0.004,< 0.003
CA5310001_EP2_2023-03-07_SE1,< 0.003,< 0.003,< 0.003,< 0.004,< 0.004,< 0.003
CA5310001_EP3_2023-05-31_SE1,< 0.003,< 0.003,0.0056,< 0.004,0.019,< 0.003
CA5402038_003_2024-05-13_SE1,< 0.003,< 0.003,< 0.003,< 0.004,< 0.004,< 0.003
CA5410001_EP1_2024-04-10_SE1,< 0.003,< 0.003,< 0.003,< 0.004,< 0.004,< 0.003
CA5410001_EP2_2024-04-10_SE1,< 0.003,< 0.003,< 0.003,< 0.004,< 0.004,< 0.003
CA5410002_5410002017_2023-01-18_SE1,< 0.003,< 0.003,< 0.003,< 0.004,< 0.004,< 0.003
CA5410002_5410002022_2023-01-18_SE1,< 0.003,< 0.003,< 0.003,< 0.004,< 0.004,< 0.003
CA5410002_5410002023_2023-01-18_SE1,< 0.003,< 0.003,< 0.003,< 0.004,< 0.004,< 0.003
CA5410002_5410002024_2023-01-18_SE1,< 0.003,< 0.003,< 0.003,< 0.004,< 0.004,< 0.003
CA5410002_5410002026_2023-01-18_SE1,< 0.003,< 0.003,< 0.003,< 0.004,< 0.004,< 0.003
CA5410002_5410002027_2023-01-18_SE1,< 0.003,< 0.003,< 0.003,< 0.004,< 0.004,< 0.003
CA5410002_5410002028_2023-01-18_SE1,< 0.003,< 0.003,< 0.003,< 0.004,< 0.004,< 0.003
CA5410003_5410003008_2026-05-19_SE1,< 0.003,< 0.003,< 0.003,< 0.004,< 0.004,< 0.003
CA5410003_5410003011_2026-05-19_SE1,< 0.003,< 0.003,< 0.003,< 0.004,< 0.004,< 0.003
CA5410003_5410003015_2026-05-19_SE1,< 0.003,< 0.003,< 0.003,< 0.004,< 0.004,< 0.003
CA5410003_5410003017_2026-05-19_SE1,< 0.003,< 0.003,< 0.003,< 0.004,< 0.004,< 0.003
CA5410004_5410004011_2024-10-21_SE1,< 0.003,< 0.003,< 0.003,< 0.004,< 0.004,< 0.003
CA5410004_5410004012_2024-10-21_SE1,< 0.003,< 0.003,< 0.003,< 0.004,< 0.004,< 0.003
CA5410004_5410004013_2024-10-21_SE1,< 0.003,< 0.003,< 0.003,< 0.004,< 0.004,< 0.003
CA5410004_5410004015_2024-10-21_SE1,< 0.003,< 0.003,< 0.003,< 0.004,< 0.004,< 0.003
CA5410006_5410006803_2025-03-24_SE1,< 0.003,< 0.003,< 0.003,< 0.004,< 0.004,< 0.003
CA5410006_5410006806_2025-03-24_SE1,0.0033,< 0.003,< 0.003,0.0083,0.011,0.0031
CA5410006_5410006807_2025-03-24_SE1,< 0.003,< 0.003,< 0.003,0.0049,0.010,< 0.003
CA5410008_EP001_2024-01-08_SE1,< 0.003,< 0.003,< 0.003,< 0.004,< 0.004,< 0.003
CA5410008_EP002_2024-01-08_SE1,< 0.003,< 0.003,< 0.003,< 0.004,< 0.004,< 0.003
CA5410008_EP003_2024-01-08_SE1,< 0.003,< 0.003,< 0.003,< 0.004,< 0.004,< 0.003
CA5410008_EP004_2024-01-08_SE1,< 0.003,< 0.003,< 0.003,< 0.004,< 0.004,< 0.003
CA5410010_5410010801_2023-05-15_SE1,< 0.003,< 0.003,< 0.003,< 0.004,< 0.004,< 0.003
CA5410010_5410010802_2023-05-15_SE1,< 0.003,< 0.003,< 0.003,< 0.004,< 0.004,< 0.003
CA5410010_5410010806_2023-05-22_SE1,0.0091,< 0.003,< 0.003,< 0.004,0.0091,< 0.003
CA5410010_5410010807_2023-05-15_SE1,< 0.003,< 0.003,< 0.003,< 0.004,< 0.004,< 0.003
CA5410010_5410010809_2023-05-15_SE1,< 0.003,< 0.003,< 0.003,< 0.004,< 0.004,< 0.003
CA5410010_5410010811_2023-05-15_SE1,< 0.003,< 0.003,< 0.003,< 0.004,< 0.004,< 0.003
CA5410010_5410010812_2023-05-15_SE1,< 0.003,< 0.003,< 0.003,< 0.004,< 0.004,< 0.003
CA5410010_5410010813_2023-05-22_SE1,< 0.003,< 0.003,< 0.003,< 0.004,0.0040,< 0.003
CA5410010_5410010814_2023-05-15_SE1,< 0.003,< 0.003,< 0.003,< 0.004,< 0.004,< 0.003
CA5410010_5410010817_2023-05-15_SE1,< 0.003,< 0.003,< 0.003,< 0.004,< 0.004,< 0.003
CA5410010_5410010818_2023-05-15_SE1,< 0.003,< 0.003,< 0.003,< 0.004,< 0.004,< 0.003
CA5410010_5410010819_2023-05-15_SE1,< 0.003,< 0.003,< 0.003,< 0.004,< 0.004,< 0.003
CA5410010_5410010820_2023-05-15_SE1,< 0.003,< 0.003,< 0.003,< 0.004,0.0062,< 0.003
CA5410010_5410010821_2023-05-15_SE1,< 0.003,< 0.003,< 0.003,< 0.004,0.011,< 0.003
CA5410010_5410010822_2023-05-15_SE1,0.0055,0.0079,0.0033,0.020,0.011,0.0093
CA5410010_5410010823_2023-05-15_SE1,< 0.003,< 0.003,< 0.003,< 0.004,< 0.004,< 0.003
CA5410010_5410010824_2023-05-15_SE1,< 0.003,< 0.003,< 0.003,< 0.004,< 0.004,< 0.003
CA5410010_5410010825_2023-05-22_SE1,< 0.003,< 0.003,< 0.003,< 0.004,< 0.004,< 0.003
CA5410010_5410010829_2023-05-22_SE1,0.0053,< 0.003,0.0034,< 0.004,0.0053,< 0.003
CA5410010_5410010830_2023-05-22_SE1,< 0.003,< 0.003,< 0.003,< 0.004,< 0.004,< 0.003
CA5410010_5410010831_2023-05-15_SE1,< 0.003,< 0.003,< 0.003,< 0.004,0.0049,< 0.003
CA5410010_5410010832_2023-05-22_SE1,< 0.003,< 0.003,< 0.003,< 0.004,< 0.004,< 0.003
CA5410010_5410010833_2023-05-22_SE1,< 0.003,< 0.003,< 0.003,< 0.004,< 0.004,< 0.003
CA5410010_5410010834_2023-05-22_SE1,< 0.003,< 0.003,< 0.003,< 0.004,< 0.004,< 0.003
CA5410010_5410010835_2023-05-15_SE1,< 0.003,< 0.003,< 0.003,< 0.004,< 0.004,< 0.003
CA5410010_5410010836_2023-05-15_SE1,< 0.003,< 0.003,< 0.003,< 0.004,< 0.004,< 0.003
CA5410010_5410010837_2023-05-22_SE1,< 0.003,< 0.003,< 0.003,< 0.004,< 0.004,< 0.003
CA5410010_5410010838_2023-05-15_SE1,< 0.003,< 0.003,< 0.003,< 0.004,< 0.004,< 0.003
CA5410010_5410010839_2023-05-22_SE1,< 0.003,< 0.003,< 0.003,< 0.004,< 0.004,< 0.003
CA5410010_5410010840_2023-05-22_SE1,< 0.003,< 0.003,< 0.003,< 0.004,< 0.004,< 0.003
CA5410014_EP1_2023-03-07_SE1,< 0.003,< 0.003,< 0.003,< 0.004,< 0.004,< 0.003
CA5410014_EP2_2023-03-07_SE1,< 0.003,< 0.003,< 0.003,< 0.004,< 0.004,< 0.003
CA5410014_EP3_2023-03-07_SE1,< 0.003,< 0.003,< 0.003,< 0.004,< 0.004,< 0.003
CA5410015_5410015062_2023-02-09_SE1,< 0.003,< 0.003,< 0.003,< 0.004,< 0.004,< 0.003
CA5410015_5410015066_2023-02-09_SE1,< 0.003,< 0.003,< 0.003,< 0.004,< 0.004,< 0.003
CA5410015_5410015069_2023-04-13_SE1,< 0.003,< 0.003,< 0.003,< 0.004,< 0.004,< 0.003
CA5410015_5410015074_2023-02-09_SE1,< 0.003,< 0.003,< 0.003,< 0.004,< 0.004,< 0.003
CA5410015_5410015076_2023-02-09_SE1,< 0.003,< 0.003,< 0.003,< 0.004,< 0.004,< 0.003
CA5410015_5410015078_2023-02-09_SE1,< 0.003,< 0.003,< 0.003,< 0.004,< 0.004,< 0.003
CA5410015_5410015081_2023-02-09_SE1,< 0.003,< 0.003,< 0.003,< 0.004,< 0.004,< 0.003
CA5410015_5410015801_2023-08-10_SE1,< 0.003,< 0.003,< 0.003,< 0.004,< 0.004,< 0.003
CA5410015_5410015802_2023-02-09_SE1,< 0.003,< 0.003,< 0.003,< 0.004,< 0.004,< 0.003
CA5410015_5410015803_2023-02-09_SE1,< 0.003,< 0.003,< 0.003,< 0.004,< 0.004,< 0.003
CA5410015_5410015804_2024-05-30_SE1,< 0.003,< 0.003,< 0.003,< 0.004,< 0.004,< 0.003
CA5410015_5410015808_2023-02-09_SE1,< 0.003,< 0.003,< 0.003,< 0.004,< 0.004,< 0.003
CA5410015_5410015809_2023-02-09_SE1,< 0.003,< 0.003,< 0.003,< 0.004,< 0.004,< 0.003
CA5410015_5410015810_2023-02-09_SE1,< 0.003,< 0.003,< 0.003,< 0.004,< 0.004,< 0.003
CA5410015_5410015811_2023-02-09_SE1,< 0.003,< 0.003,< 0.003,< 0.004,< 0.004,< 0.003
CA5410015_5410015815_2023-02-09_SE1,< 0.003,< 0.003,< 0.003,< 0.004,< 0.004,< 0.003
CA5410015_5410015816_2023-02-09_SE1,< 0.003,< 0.003,< 0.003,< 0.004,< 0.004,< 0.003
CA5410015_5410015817_2023-02-09_SE1,< 0.003,< 0.003,< 0.003,< 0.004,< 0.004,< 0.003
CA5410015_5410015820_2023-02-09_SE1,< 0.003,< 0.003,< 0.003,< 0.004,< 0.004,< 0.003
CA5410015_5410015821_2023-02-09_SE1,< 0.003,< 0.003,< 0.003,< 0.004,< 0.004,< 0.003
CA5410015_5410015822_2023-03-30_SE1,< 0.003,< 0.003,< 0.003,< 0.004,< 0.004,< 0.003
CA5410015_5410015826_2023-02-09_SE1,< 0.003,< 0.003,< 0.003,< 0.004,< 0.004,< 0.003
CA5410016_5410015801_2024-01-30_SE1,< 0.003,< 0.003,< 0.003,< 0.004,< 0.004,< 0.003
CA5410016_5410016803_2024-01-23_SE1,< 0.003,< 0.003,< 0.003,< 0.004,< 0.004,< 0.003
CA5410016_5410016804_2024-01-16_SE1,< 0.003,< 0.003,< 0.003,< 0.004,< 0.004,< 0.003
CA5410016_5410016807_2024-03-17_SE1,< 0.003,< 0.003,< 0.003,< 0.004,< 0.004,< 0.003
CA5410016_5410016808_2024-06-11_SE1,< 0.003,< 0.003,< 0.003,< 0.004,< 0.004,< 0.003
CA5410016_5410016810_2024-01-30_SE1,< 0.003,< 0.003,< 0.003,< 0.004,< 0.004,< 0.003
CA5410016_5410016811_2024-03-12_SE1,< 0.003,< 0.003,< 0.003,< 0.004,< 0.004,< 0.003
CA5410016_5410016812_2024-01-30_SE1,< 0.003,< 0.003,< 0.003,< 0.004,< 0.004,< 0.003
CA5410016_5410016817_2024-02-15_SE1,< 0.003,< 0.003,< 0.003,< 0.004,< 0.004,< 0.003
CA5410016_5410016818_2024-02-14_SE1,< 0.003,< 0.003,< 0.003,< 0.004,< 0.004,< 0.003
CA5410016_5410016823_2024-05-18_SE1,< 0.003,< 0.003,< 0.003,< 0.004,< 0.004,< 0.003
CA5410016_5410016827_2024-02-13_SE1,< 0.003,< 0.003,< 0.003,< 0.004,< 0.004,< 0.003
CA5410016_5410016828_2024-02-14_SE1,< 0.003,< 0.003,< 0.003,< 0.004,< 0.004,< 0.003
CA5410016_5410016829_2024-02-12_SE1,< 0.003,< 0.003,< 0.003,< 0.004,< 0.004,< 0.003
CA5410016_5410016833_2024-02-12_SE1,< 0.003,< 0.003,< 0.003,< 0.004,< 0.004,< 0.003
CA5410016_5410016836_2024-03-10_SE1,< 0.003,< 0.003,< 0.003,< 0.004,< 0.004,< 0.003
CA5410016_5410016837_2024-03-12_SE1,0.0043,0.0034,< 0.003,0.0042,0.0069,0.0052
CA5410016_5410016839_2024-03-09_SE1,< 0.003,< 0.003,< 0.003,< 0.004,< 0.004,< 0.003
CA5410016_5410016841_2024-03-13_SE1,< 0.003,< 0.003,< 0.003,< 0.004,< 0.004,< 0.003
CA5410016_5410016842_2024-03-11_SE1,< 0.003,< 0.003,< 0.003,< 0.004,< 0.004,< 0.003
CA5410016_5410016843_2024-03-10_SE1,< 0.003,< 0.003,< 0.003,< 0.004,< 0.004,< 0.003
CA5410016_5410016844_2024-03-10_SE1,< 0.003,< 0.003,< 0.003,< 0.004,< 0.004,< 0.003
CA5410016_5410016845_2024-04-09_SE1,< 0.003,< 0.003,< 0.003,< 0.004,< 0.004,< 0.003
CA5410016_5410016846_2024-04-09_SE1,< 0.003,< 0.003,< 0.003,< 0.004,< 0.004,< 0.003
CA5410016_5410016847_2024-04-09_SE1,< 0.003,< 0.003,< 0.003,< 0.004,< 0.004,< 0.003
CA5410016_5410016848_2024-04-10_SE1,< 0.003,< 0.003,< 0.003,< 0.004,< 0.004,< 0.003
CA5410016_5410016849_2024-04-09_SE1,< 0.003,< 0.003,< 0.003,< 0.004,< 0.004,< 0.003
CA5410016_5410016852_2024-06-18_SE1,< 0.003,< 0.003,< 0.003,< 0.004,< 0.004,< 0.003
CA5410016_5410016854_2024-04-17_SE1,< 0.003,< 0.003,< 0.003,< 0.004,< 0.004,< 0.003
CA5410016_5410016860_2024-05-12_SE1,< 0.003,< 0.003,< 0.003,< 0.004,< 0.004,< 0.003
CA5410016_5410016863_2024-05-18_SE1,< 0.003,< 0.003,< 0.003,< 0.004,< 0.004,< 0.003
CA5410016_5410016864_2024-05-18_SE1,< 0.003,< 0.003,< 0.003,< 0.004,< 0.004,< 0.003
CA5410016_5410016866_2024-05-14_SE1,< 0.003,< 0.003,< 0.003,< 0.004,< 0.004,< 0.003
CA5410016_5410016869_2024-05-14_SE1,< 0.003,< 0.003,< 0.003,< 0.004,0.0069,< 0.003
CA5410016_5410016870_2024-05-14_SE1,< 0.003,< 0.003,< 0.003,< 0.004,< 0.004,< 0.003
CA5410016_5410016879_2024-05-14_SE1,< 0.003,< 0.003,< 0.003,< 0.004,< 0.004,< 0.003
CA5410016_5410016880_2024-06-12_SE1,< 0.003,< 0.003,< 0.003,< 0.004,< 0.004,< 0.003
CA5410016_5410016901_2024-06-20_SE1,< 0.003,< 0.003,< 0.003,< 0.004,< 0.004,< 0.003
CA5410016_5410016902_2024-06-09_SE1,< 0.003,< 0.003,< 0.003,< 0.004,< 0.004,< 0.003
CA5410016_5410016903_2024-06-10_SE1,< 0.003,< 0.003,< 0.003,< 0.004,< 0.004,< 0.003
CA5410016_5410016904_2024-06-11_SE1,< 0.003,< 0.003,< 0.003,< 0.004,< 0.004,< 0.003
CA5410016_5410016905_2024-06-16_SE1,< 0.003,0.0032,< 0.003,< 0.004,< 0.004,0.034
CA5410016_5410016906_2024-06-11_SE1,< 0.003,< 0.003,< 0.003,< 0.004,< 0.004,< 0.003
CA5410019_EP004_2023-06-28_SE1,< 0.003,< 0.003,< 0.003,< 0.004,< 0.004,< 0.003
CA5410019_EP006_2023-06-28_SE1,< 0.003,< 0.003,< 0.003,< 0.004,< 0.004,< 0.003
CA5410019_EP007_2023-06-28_SE1,< 0.003,< 0.003,< 0.003,< 0.004,< 0.004,< 0.003
CA5410019_EP008_2023-06-28_SE1,< 0.003,< 0.003,< 0.003,< 0.004,< 0.004,< 0.003
CA5410020_EP001_2024-04-10_SE1,< 0.003,< 0.003,< 0.003,< 0.004,< 0.004,< 0.003
CA5410020_EP002_2024-04-10_SE1,< 0.003,< 0.003,< 0.003,< 0.004,< 0.004,< 0.003
CA5410020_EP003_2024-04-10_SE1,< 0.003,< 0.003,< 0.003,< 0.004,< 0.004,< 0.003
CA5410020_EP004_2024-04-10_SE1,< 0.003,< 0.003,< 0.003,< 0.004,< 0.004,< 0.003
CA5410020_EP005_2024-04-10_SE1,< 0.003,< 0.003,< 0.003,< 0.004,< 0.004,< 0.003
CA5410020_EP006_2024-04-10_SE1,< 0.003,< 0.003,< 0.003,< 0.004,< 0.004,< 0.003
CA5410020_EP007_2024-04-10_SE1,< 0.003,< 0.003,< 0.003,< 0.004,< 0.004,< 0.003
CA5410021_EP001_2023-06-21_SE1,< 0.003,< 0.003,< 0.003,< 0.004,< 0.004,< 0.003
CA5410021_EP002_2023-06-21_SE1,< 0.003,< 0.003,< 0.003,< 0.004,< 0.004,< 0.003
CA5410021_EP003_2023-06-21_SE1,< 0.003,< 0.003,< 0.003,< 0.004,< 0.004,< 0.003
CA5410021_EP004_2023-06-21_SE1,< 0.003,< 0.003,< 0.003,< 0.004,< 0.004,< 0.003
CA5410038_TANK_2025-04-09_SE1,< 0.003,< 0.003,< 0.003,< 0.004,< 0.004,< 0.003
CA5410048_003_2025-01-28_SE1,< 0.003,< 0.003,< 0.003,< 0.004,< 0.004,< 0.003
CA5410048_004_2025-01-28_SE1,< 0.003,< 0.003,< 0.003,< 0.004,< 0.004,< 0.003
CA5500363_CA5500363004004_2023-06-21_SE1,< 0.003,< 0.003,< 0.003,< 0.004,< 0.004,< 0.003
CA5510001_5510001007_2024-06-03_SE1,< 0.003,< 0.003,< 0.003,< 0.004,< 0.004,< 0.003
CA5510009_EP001_2024-10-02_SE1,< 0.003,< 0.003,< 0.003,< 0.004,< 0.004,< 0.003
CA5510009_EP003_2024-02-28_SE1,< 0.003,< 0.003,< 0.003,< 0.004,< 0.004,< 0.003
CA5510009_EP005_2024-03-26_SE1,< 0.003,< 0.003,< 0.003,< 0.004,< 0.004,< 0.003
CA5510012_CA5510012010010_2024-01-30_SE1,< 0.003,< 0.003,< 0.003,< 0.004,< 0.004,< 0.003
CA5510012_CA5510012023023_2024-01-30_SE1,< 0.003,< 0.003,< 0.003,< 0.004,< 0.004,< 0.003
CA5510012_CA5510012027027_2024-01-09_SE1,< 0.003,< 0.003,< 0.003,< 0.004,< 0.004,< 0.003
CA5510013_CA5510013011011_2024-03-05_SE1,< 0.003,< 0.003,< 0.003,< 0.004,< 0.004,< 0.003
CA5510013_CA5510013014014_2024-03-05_SE1,< 0.003,< 0.003,< 0.003,< 0.004,< 0.004,< 0.003
CA5610002_EP007_2024-03-27_SE1,< 0.003,< 0.003,< 0.003,< 0.004,< 0.004,< 0.003
CA5610002_EP008_2024-03-27_SE1,< 0.003,< 0.003,< 0.003,< 0.004,< 0.004,< 0.003
CA5610005_EP001_2023-03-13_SE1,< 0.003,< 0.003,< 0.003,< 0.004,< 0.004,< 0.003
CA5610005_EP002_2023-03-13_SE1,< 0.003,< 0.003,< 0.003,< 0.004,< 0.004,< 0.003
CA5610005_EP003_2023-07-10_SE1,< 0.003,< 0.003,< 0.003,< 0.004,< 0.004,< 0.003
CA5610005_EP004_2023-07-10_SE1,< 0.003,< 0.003,< 0.003,< 0.004,< 0.004,< 0.003
CA5610007_5610007805_2023-03-15_SE1,< 0.003,< 0.003,< 0.003,< 0.004,< 0.004,< 0.003
CA5610007_5610007806_2023-03-16_SE1,< 0.003,< 0.003,< 0.003,< 0.004,< 0.004,< 0.003
CA5610007_5610007807_2023-03-16_SE1,< 0.003,< 0.003,< 0.003,< 0.004,< 0.004,< 0.003
CA5610008_EP001_2023-01-17_SE1,< 0.003,< 0.003,0.0087,0.0081,0.0086,< 0.003
CA5610008_EP002_2023-01-17_SE1,< 0.003,< 0.003,0.0084,0.0083,0.0086,< 0.003
CA5610009_5610009009_2024-08-12_SE1,< 0.003,< 0.003,< 0.003,< 0.004,< 0.004,< 0.003
CA5610011_5610011801_2024-11-12_SE1,< 0.003,< 0.003,< 0.003,< 0.004,< 0.004,< 0.003
CA5610011_5610011802_2024-11-12_SE1,< 0.003,< 0.003,< 0.003,< 0.004,< 0.004,< 0.003
CA5610011_5610011803_2024-11-12_SE1,< 0.003,< 0.003,< 0.003,< 0.004,< 0.004,< 0.003
CA5610014_CA56100014016016_2025-03-11_SE1,< 0.003,< 0.003,< 0.003,< 0.004,< 0.004,< 0.003
CA5610016_5610016001_2023-06-13_SE1,< 0.003,< 0.003,< 0.003,< 0.004,< 0.004,< 0.003
CA5610017_5610017803_2023-01-26_SE1,0.0031,< 0.003,0.003,< 0.004,< 0.004,< 0.003
CA5610017_5610017804_2023-01-26_SE1,< 0.003,< 0.003,< 0.003,< 0.004,< 0.004,< 0.003
CA5610017_5610017805_2023-01-26_SE1,< 0.003,< 0.003,< 0.003,< 0.004,< 0.004,< 0.003
CA5610017_CM1_2023-01-26_SE1,< 0.003,< 0.003,< 0.003,< 0.004,< 0.004,< 0.003
CA5610018_005_2024-03-05_SE1,< 0.003,< 0.003,< 0.003,< 0.004,< 0.004,< 0.003
CA5610018_5610018801_2024-10-15_SE1,< 0.003,< 0.003,< 0.003,< 0.004,< 0.004,< 0.003
CA5610018_5610018804_2024-03-05_SE1,< 0.003,< 0.003,< 0.003,< 0.004,< 0.004,< 0.003
CA5610018_5610018805_2024-03-05_SE1,< 0.003,< 0.003,< 0.003,< 0.004,< 0.004,< 0.003
CA5610019_5610019011_2023-12-13_SE1,< 0.003,< 0.003,< 0.003,< 0.004,< 0.004,< 0.003
CA5610019_5610019012_2024-06-07_SE1,< 0.003,< 0.003,< 0.003,< 0.004,< 0.004,< 0.003
CA5610019_5610019805_2023-12-13_SE1,< 0.003,< 0.003,< 0.003,< 0.004,< 0.004,< 0.003
CA5610020_5610020001_2024-02-15_SE1,< 0.003,< 0.003,< 0.003,< 0.004,< 0.004,< 0.003
CA5610022_EP1_2023-03-15_SE1,< 0.003,< 0.003,< 0.003,< 0.004,< 0.004,< 0.003
CA5610022_EP2_2023-03-15_SE1,< 0.003,< 0.003,< 0.003,< 0.004,< 0.004,< 0.003
CA5610022_EP3_2023-03-15_SE1,< 0.003,< 0.003,< 0.003,< 0.004,< 0.004,< 0.003
CA5610023_5610023010_2023-05-10_SE1,< 0.003,< 0.003,< 0.003,< 0.004,< 0.004,< 0.003
CA5610023_5610023011_2023-05-10_SE1,< 0.003,< 0.003,< 0.003,< 0.004,< 0.004,< 0.003
CA5610024_CA5610024006006_2024-11-13_SE1,< 0.003,< 0.003,< 0.003,< 0.004,< 0.004,< 0.003
CA5610024_CA5610024007007_2023-03-07_SE1,< 0.003,< 0.003,< 0.003,< 0.004,< 0.004,< 0.003
CA5610039_EP3_2024-01-10_SE1,< 0.003,< 0.003,< 0.003,< 0.004,< 0.004,< 0.003
CA5610040_5610040005_2023-09-18_SE1,< 0.003,< 0.003,< 0.003,< 0.004,< 0.004,< 0.003
CA5610043_5610043001_2024-09-24_SE1,< 0.003,< 0.003,< 0.003,< 0.004,< 0.004,< 0.003
CA5610059_5610059005_2024-06-11_SE1,< 0.003,< 0.003,< 0.003,< 0.004,< 0.004,< 0.003
CA5610059_5610059801_2024-06-11_SE1,< 0.003,< 0.003,< 0.003,< 0.004,< 0.004,< 0.003
CA5610063_5610063010_2024-01-23_SE1,< 0.003,< 0.003,< 0.003,< 0.004,0.017,< 0.003
CA5610063_5610063018_2024-01-23_SE1,< 0.003,< 0.003,< 0.003,< 0.004,< 0.004,< 0.003
CA5610063_5610063801_2024-01-23_SE1,< 0.003,< 0.003,< 0.003,< 0.004,< 0.004,< 0.003
CA5610063_5610063802_2024-01-23_SE1,< 0.003,< 0.003,< 0.003,< 0.004,< 0.004,< 0.003
CA5610063_5610063803_2024-01-23_SE1,< 0.003,< 0.003,< 0.003,< 0.004,< 0.004,< 0.003
CA5710001_EP002_2024-02-15_SE1,< 0.003,< 0.003,< 0.003,< 0.004,< 0.004,< 0.003
CA5710001_EP003_2024-02-15_SE1,< 0.003,< 0.003,< 0.003,< 0.004,< 0.004,< 0.003
CA5710001_EP004_2024-02-15_SE1,< 0.003,< 0.003,< 0.003,< 0.004,< 0.004,< 0.003
CA5710001_EP005_2024-02-15_SE1,< 0.003,< 0.003,< 0.003,< 0.004,< 0.004,< 0.003
CA5710001_EP006_2024-02-15_SE1,< 0.003,< 0.003,< 0.003,< 0.004,< 0.004,< 0.003
CA5710001_EP007_2024-02-15_SE1,< 0.003,< 0.003,< 0.003,< 0.004,< 0.004,< 0.003
CA5710001_EP008_2024-02-14_SE1,< 0.003,< 0.003,< 0.003,< 0.004,< 0.004,< 0.003
CA5710001_EP009_2024-02-15_SE1,< 0.003,< 0.003,< 0.003,< 0.004,< 0.004,< 0.003
CA5710003_5710001801_2025-07-02_SE1,< 0.003,< 0.003,< 0.003,< 0.004,< 0.004,< 0.003
CA5710005_EP001_2023-02-08_SE1,< 0.003,< 0.003,< 0.003,< 0.004,< 0.004,< 0.003
CA5710005_EP002_2023-02-07_SE1,< 0.003,< 0.003,< 0.003,< 0.004,< 0.004,< 0.003
CA5710005_EP003_2023-02-07_SE1,< 0.003,< 0.003,< 0.003,< 0.004,< 0.004,< 0.003
CA5710005_EP004_2023-02-07_SE1,< 0.003,< 0.003,< 0.003,< 0.004,< 0.004,< 0.003
CA5710005_EP005_2023-02-08_SE1,< 0.003,< 0.003,< 0.003,< 0.004,< 0.004,< 0.003
CA5710006_5710006001_2024-04-11_SE1,< 0.003,< 0.003,< 0.003,< 0.004,< 0.004,< 0.003
CA5710006_5710006002_2024-04-11_SE1,< 0.003,< 0.003,< 0.003,< 0.004,< 0.004,< 0.003
CA5710006_5710006003_2024-04-11_SE1,< 0.003,< 0.003,< 0.003,< 0.004,< 0.004,< 0.003
CA5710006_5710006812_2024-06-13_SE1,< 0.003,< 0.003,< 0.003,< 0.004,< 0.004,< 0.003
CA5710006_5710006832_2024-06-13_SE1,< 0.003,< 0.003,< 0.003,< 0.004,< 0.004,< 0.003
CA5710006_CA5710006015_2024-06-13_SE1,< 0.003,< 0.003,< 0.003,< 0.004,< 0.004,< 0.003
CA5710006_CA5710006024_2024-06-13_SE1,< 0.003,< 0.003,< 0.003,< 0.004,< 0.004,< 0.003
CA5710006_CA5710006025_2024-06-13_SE1,< 0.003,< 0.003,< 0.003,< 0.004,< 0.004,< 0.003
CA5710009_5710009001_2023-04-04_SE1,< 0.003,< 0.003,< 0.003,< 0.004,< 0.004,< 0.003
CA5710009_5710009002_2023-04-04_SE1,< 0.003,< 0.003,< 0.003,< 0.004,< 0.004,< 0.003
CA5710009_5710009004_2023-04-04_SE1,< 0.003,< 0.003,< 0.003,< 0.004,< 0.004,< 0.003
CA5710009_5710009014_2023-04-04_SE1,< 0.003,< 0.003,< 0.003,< 0.004,< 0.004,< 0.003
CA5710009_5710009015_2023-10-11_SE1,< 0.003,< 0.003,< 0.003,< 0.004,< 0.004,< 0.003
CA5710009_5710009026_2023-04-04_SE1,< 0.003,< 0.003,< 0.003,< 0.004,< 0.004,< 0.003
CA5710009_5710009027_2023-04-04_SE1,< 0.003,< 0.003,< 0.003,< 0.004,< 0.004,< 0.003
CA5800809_001_2025-04-16_SE1,< 0.003,< 0.003,< 0.003,< 0.004,< 0.004,< 0.003
CA5800809_002_2025-04-16_SE1,< 0.003,< 0.003,< 0.003,< 0.004,< 0.004,< 0.003
CA5805001_EP3132_2025-04-14_SE1,< 0.003,< 0.003,< 0.003,< 0.004,< 0.004,< 0.003
CA5805001_EP34_2025-04-14_SE1,< 0.003,< 0.003,< 0.003,< 0.004,< 0.004,< 0.003
CA5810001_5810001801_2024-09-16_SE1,< 0.003,< 0.003,< 0.003,< 0.004,< 0.004,< 0.003
CA5810001_5810001802_2024-03-11_SE1,< 0.003,< 0.003,< 0.003,< 0.004,< 0.004,< 0.003
CA5810001_5810001803_2024-03-11_SE1,< 0.003,< 0.003,< 0.003,< 0.004,< 0.004,< 0.003
CA5810001_5810001804_2024-03-11_SE1,< 0.003,< 0.003,< 0.003,< 0.004,< 0.004,< 0.003
CA5810001_5810001805_2024-03-12_SE1,< 0.003,< 0.003,< 0.003,< 0.004,< 0.004,< 0.003
CA5810001_5810001806_2024-03-13_SE1,< 0.003,< 0.003,< 0.003,< 0.004,< 0.004,< 0.003
CA5810001_5810001809_2024-03-13_SE1,< 0.003,< 0.003,< 0.003,< 0.004,< 0.004,< 0.003
CA5810001_5810001810_2024-03-13_SE1,< 0.003,< 0.003,< 0.003,< 0.004,< 0.004,< 0.003
CA5810002_012_2023-06-27_SE1,< 0.003,< 0.003,< 0.003,< 0.004,< 0.004,< 0.003
CA5810002_013_2023-05-17_SE1,< 0.003,< 0.003,< 0.003,< 0.004,< 0.004,< 0.003
CA5810002_014_2023-05-17_SE1,< 0.003,< 0.003,< 0.003,< 0.004,< 0.004,< 0.003
CA5810002_016_2023-05-17_SE1,< 0.003,< 0.003,< 0.003,< 0.004,< 0.004,< 0.003
CA5810003_EP14_2025-02-19_SE1,< 0.003,< 0.003,< 0.003,< 0.004,< 0.004,< 0.003
CA5810003_EP28_2025-02-20_SE1,< 0.003,< 0.003,< 0.003,< 0.004,< 0.004,< 0.003
CA5810003_EP2930_2025-02-27_SE1,< 0.003,< 0.003,< 0.003,< 0.004,< 0.004,< 0.003
CA5810004_004_2024-03-06_SE1,< 0.003,< 0.003,< 0.003,< 0.004,< 0.004,< 0.003
CA5810004_007_2024-03-06_SE1,< 0.003,< 0.003,0.0092,< 0.004,0.011,< 0.003
CA5810004_011_2024-03-06_SE1,< 0.003,< 0.003,0.003,< 0.004,0.0042,< 0.003
CA5810004_012_2024-03-06_SE1,< 0.003,< 0.003,< 0.003,< 0.004,< 0.004,< 0.003
CA5810004_013_2024-07-16_SE1,< 0.003,< 0.003,< 0.003,< 0.004,< 0.004,< 0.003
CA5810004_014_2024-03-06_SE1,< 0.003,< 0.003,< 0.003,< 0.004,< 0.004,< 0.003
CA5810700_EP1_2023-05-01_SE1,< 0.003,< 0.003,< 0.003,< 0.004,< 0.004,< 0.003
