pwsid,system_name,size_category,facility_id,facility_water_type,sample_point_id,epa_region,state
CA0110001,ALAMEDA COUNTY WATER DISTRICT,L,91041,SW,0110001041,9,CA
CA0110001,ALAMEDA COUNTY WATER DISTRICT,L,91053,GW,0110001053,9,CA
CA0110001,ALAMEDA COUNTY WATER DISTRICT,L,91801,SW,0110001801,9,CA
CA0110001,ALAMEDA COUNTY WATER DISTRICT,L,91803,MX,0110001803,9,CA
CA0110003,CALIFORNIA WATER SERVICE - LIVERMORE,L,91801,MX,0110003801,9,CA
CA0110003,CALIFORNIA WATER SERVICE - LIVERMORE,L,91802,GW,0110003802,9,CA
CA0110003,CALIFORNIA WATER SERVICE - LIVERMORE,L,91809,GW,0110003809,9,CA
CA0110003,CALIFORNIA WATER SERVICE - LIVERMORE,L,91810,GW,0110003810,9,CA
CA0110003,CALIFORNIA WATER SERVICE - LIVERMORE,L,91812,GW,0110003812,9,CA
CA0110003,CALIFORNIA WATER SERVICE - LIVERMORE,L,91813,MX,0110003813,9,CA
CA0110003,CALIFORNIA WATER SERVICE - LIVERMORE,L,91825,SW,0110003825,9,CA
CA0110003,CALIFORNIA WATER SERVICE - LIVERMORE,L,91827,MX,0110003827,9,CA
CA0110005,EAST BAY MUD,L,91802,SW,0110005802,9,CA
CA0110005,EAST BAY MUD,L,91803,SW,0110005803,9,CA
CA0110005,EAST BAY MUD,L,91804,SW,0110005804,9,CA
CA0110005,EAST BAY MUD,L,91805,SW,0110005805,9,CA
CA0110005,EAST BAY MUD,L,91806,SW,0110005806,9,CA
CA0110005,EAST BAY MUD,L,91807,SW,0110005807,9,CA
CA0110006,CITY OF HAYWARD,L,00001,SW,0110006001,9,CA
CA0110006,CITY OF HAYWARD,L,00002,SW,0110006002,9,CA
CA0110008,CITY OF PLEASANTON,L,91804,GW,0110008004A,9,CA
CA0110008,CITY OF PLEASANTON,L,00005,SW,0110008005,9,CA
CA0110008,CITY OF PLEASANTON,L,91803,GW,0110008803A,9,CA
CA0110009,DUBLIN SAN RAMON SERVICES DISTRICT,L,00003,MX,0110009003,9,CA
CA0110011,CITY OF LIVERMORE,L,00001,SW,0110011001,9,CA
CA0110701,LAWRENCE LIVERMORE NATIONAL LAB SITE 200,S,10001,MX,B295PUMPHOUSE,9,CA
CA0110701,LAWRENCE LIVERMORE NATIONAL LAB SITE 200,S,10000,SW,SANDIATANKDISTSYSTEM,9,CA
CA0210002,KIRKWOOD MEADOWS PUBLIC UTILITY DISTRICT,S,WELL2,GW,WELL2,9,CA
CA0210002,KIRKWOOD MEADOWS PUBLIC UTILITY DISTRICT,S,WELL3R,GW,WELL3R,9,CA
CA0210002,KIRKWOOD MEADOWS PUBLIC UTILITY DISTRICT,S,WELL4,GW,WELL4,9,CA
CA0210002,KIRKWOOD MEADOWS PUBLIC UTILITY DISTRICT,S,WELL5,GW,WELL5,9,CA
CA0300037,JACKSON VALLEY IRRIGATION DISTRICT,S,10001,SW,EP1,9,CA
CA0310001,CITY OF JACKSON,S,10001,SW,EP1,9,CA
CA0310002,"AWA, IONE",S,20001,SW,EP1,9,CA
CA0310003,"AWA, TANNER",S,20001,SW,EP1,9,CA
CA0310012,AWA BUCKHORN PLANT,S,10001,SW,EP1,9,CA
CA0400070,BUTTE-GLENN COMMUNITY COLLEGE DIST,L,00001,GW,EP001,9,CA
CA0410002,CAL-WATER SERVICE CO.-CHICO,L,91867,GW,0410002104,9,CA
CA0410002,CAL-WATER SERVICE CO.-CHICO,L,91868,GW,0410002105,9,CA
CA0410002,CAL-WATER SERVICE CO.-CHICO,L,91803,GW,0410002803,9,CA
CA0410002,CAL-WATER SERVICE CO.-CHICO,L,91805,GW,0410002805,9,CA
CA0410002,CAL-WATER SERVICE CO.-CHICO,L,91806,GW,0410002806,9,CA
CA0410002,CAL-WATER SERVICE CO.-CHICO,L,91807,GW,0410002807,9,CA
CA0410002,CAL-WATER SERVICE CO.-CHICO,L,91808,GW,0410002808,9,CA
CA0410002,CAL-WATER SERVICE CO.-CHICO,L,91809,GW,0410002809,9,CA
CA0410002,CAL-WATER SERVICE CO.-CHICO,L,91810,GW,0410002810,9,CA
CA0410002,CAL-WATER SERVICE CO.-CHICO,L,91812,GW,0410002812,9,CA
CA0410002,CAL-WATER SERVICE CO.-CHICO,L,91815,GW,0410002815,9,CA
CA0410002,CAL-WATER SERVICE CO.-CHICO,L,91819,GW,0410002819,9,CA
CA0410002,CAL-WATER SERVICE CO.-CHICO,L,91822,GW,0410002822,9,CA
CA0410002,CAL-WATER SERVICE CO.-CHICO,L,91823,GW,0410002823,9,CA
CA0410002,CAL-WATER SERVICE CO.-CHICO,L,91825,GW,0410002825,9,CA
CA0410002,CAL-WATER SERVICE CO.-CHICO,L,91826,GW,0410002826,9,CA
CA0410002,CAL-WATER SERVICE CO.-CHICO,L,91828,GW,0410002828,9,CA
CA0410002,CAL-WATER SERVICE CO.-CHICO,L,91831,GW,0410002831,9,CA
CA0410002,CAL-WATER SERVICE CO.-CHICO,L,91837,GW,0410002837,9,CA
CA0410002,CAL-WATER SERVICE CO.-CHICO,L,91840,GW,0410002840,9,CA
CA0410002,CAL-WATER SERVICE CO.-CHICO,L,91841,GW,0410002841,9,CA
CA0410002,CAL-WATER SERVICE CO.-CHICO,L,91842,GW,0410002842,9,CA
CA0410002,CAL-WATER SERVICE CO.-CHICO,L,91845,GW,0410002845,9,CA
CA0410002,CAL-WATER SERVICE CO.-CHICO,L,91846,GW,0410002846,9,CA
CA0410002,CAL-WATER SERVICE CO.-CHICO,L,91852,GW,0410002852,9,CA
CA0410002,CAL-WATER SERVICE CO.-CHICO,L,91853,GW,0410002853,9,CA
CA0410002,CAL-WATER SERVICE CO.-CHICO,L,91854,GW,0410002854,9,CA
CA0410002,CAL-WATER SERVICE CO.-CHICO,L,91857,GW,0410002857,9,CA
CA0410002,CAL-WATER SERVICE CO.-CHICO,L,91860,GW,0410002860,9,CA
CA0410002,CAL-WATER SERVICE CO.-CHICO,L,91861,GW,0410002861,9,CA
CA0410002,CAL-WATER SERVICE CO.-CHICO,L,91862,GW,0410002862,9,CA
CA0410002,CAL-WATER SERVICE CO.-CHICO,L,91863,GW,0410002863,9,CA
CA0410002,CAL-WATER SERVICE CO.-CHICO,L,91865,GW,0410002865,9,CA
CA0410002,CAL-WATER SERVICE CO.-CHICO,L,91866,GW,0410002866,9,CA
CA0410002,CAL-WATER SERVICE CO.-CHICO,L,91875,GW,0410002875,9,CA
CA0410002,CAL-WATER SERVICE CO.-CHICO,L,91877,GW,0410002877,9,CA
CA0410002,CAL-WATER SERVICE CO.-CHICO,L,91878,GW,0410002878,9,CA
CA0410004,CITY OF GRIDLEY,S,10002,GW,EP002,9,CA
CA0410004,CITY OF GRIDLEY,S,10003,GW,EP003,9,CA
CA0410004,CITY OF GRIDLEY,S,10010,GW,EP010,9,CA
CA0410004,CITY OF GRIDLEY,S,10013,GW,EP013,9,CA
CA0410004,CITY OF GRIDLEY,S,10015,GW,EP015,9,CA
CA0410005,CAL-WATER SERVICE CO.-OROVILLE,L,91802,GW,0410005,9,CA
CA0410005,CAL-WATER SERVICE CO.-OROVILLE,L,91801,SW,0410005801,9,CA
CA0410006,SFWP-MINERS RANCH,L,91801,SW,0410006801,9,CA
CA0410007,PARADISE IRRIGATION DISTRICT,S,10001,SW,EP001,9,CA
CA0410007,PARADISE IRRIGATION DISTRICT,S,10002,GW,SS001,9,CA
CA0410008,THERMALITO WATER & SEWER DIST,L,20001,SW,EP1,9,CA
CA0510001,UNION PUBLIC UTILITY DISTRICT,S,20001,SW,EP1,9,CA
CA0510002,CALAVERAS PUD,S,20001,SW,EP1,9,CA
CA0510003,"ANGELS, CITY OF",S,CA0510003,SW,BOH,9,CA
CA0510006,CCWD - JENNY LIND,S,10001,SW,510006002,9,CA
CA0510009,BLUE LAKE SPRINGS MUT WTR,S,10001,GW,EP1,9,CA
CA0510009,BLUE LAKE SPRINGS MUT WTR,S,10002,SW,EP2,9,CA
CA0510016,CCWD - EBBETTS PASS,L,91801,SW,0510016801,9,CA
CA0510017,CCWD - COPPER COVE,S,20001,SW,EP1,9,CA
CA0610002,CITY OF COLUSA,S,20001,GW,EP1,9,CA
CA0610002,CITY OF COLUSA,S,20002,GW,EP2,9,CA
CA0610002,CITY OF COLUSA,S,20003,GW,EP3,9,CA
CA0610002,CITY OF COLUSA,S,20004,GW,EP4,9,CA
CA0610002,CITY OF COLUSA,S,20005,GW,EP5,9,CA
CA0610004,CITY OF WILLIAMS,S,WELL8,GW,EP001,9,CA
CA0610004,CITY OF WILLIAMS,S,WELL10,GW,EP002,9,CA
CA0710001,CITY OF ANTIOCH,L,91801,SW,0710001801,9,CA
CA0710002,GOLDEN STATE WATER COMPANY - BAY POINT,L,91801,MX,0710002801,9,CA
CA0710003,CONTRA COSTA WATER DISTRICT,L,91801,SW,0710003801,9,CA
CA0710003,CONTRA COSTA WATER DISTRICT,L,00002,SW,0710010002,9,CA
CA0710003,CONTRA COSTA WATER DISTRICT,L,10011,SW,0710011002,9,CA
CA0710004,BRENTWOOD,L,91804,GW,0710004804,9,CA
CA0710004,BRENTWOOD,L,91805,GW,0710004805,9,CA
CA0710004,BRENTWOOD,L,91806,GW,0710004806,9,CA
CA0710004,BRENTWOOD,L,91807,GW,0710004807,9,CA
CA0710004,BRENTWOOD,L,91810,GW,0710004810,9,CA
CA0710004,BRENTWOOD,L,91811,SW,0710011002,9,CA
CA0710006,CITY OF MARTINEZ,L,00001,SW,0710006001,9,CA
CA0710007,DIABLO WATER DISTRICT,L,00007,MX,0710007007,9,CA
CA0710008,CITY OF PITTSBURG,L,91801,MX,910801,9,CA
CA0710009,TOWN OF DISCOVERY BAY,L,00015,GW,0710009015,9,CA
CA0810001,CITY OF CRESCENT CITY,L,91801,GW,0810001801,9,CA
CA0900649,SOUTH SHORE RECREATION AREA,S,10001,GW,EP001,9,CA
CA0900659,SIERRA TAHOE MAIN LODGE,S,10002,GW,EP002,9,CA
CA0910001,EL DORADO ID - MAIN,L,91803,SW,0910001803,9,CA
CA0910001,EL DORADO ID - MAIN,L,91804,SW,0910001804,9,CA
CA0910001,EL DORADO ID - MAIN,L,91805,SW,0910001805,9,CA
CA0910002,SOUTH TAHOE PUD - MAIN,L,91802,GW,0910002802,9,CA
CA0910002,SOUTH TAHOE PUD - MAIN,L,91805,GW,0910002805,9,CA
CA0910002,SOUTH TAHOE PUD - MAIN,L,91807,GW,0910002807,9,CA
CA0910002,SOUTH TAHOE PUD - MAIN,L,91808,GW,0910002808,9,CA
CA0910002,SOUTH TAHOE PUD - MAIN,L,91809,GW,0910002809,9,CA
CA0910002,SOUTH TAHOE PUD - MAIN,L,91814,GW,0910002814,9,CA
CA0910002,SOUTH TAHOE PUD - MAIN,L,91817,GW,0910002817,9,CA
CA0910002,SOUTH TAHOE PUD - MAIN,L,91818,GW,0910002818,9,CA
CA0910002,SOUTH TAHOE PUD - MAIN,L,91819,GW,0910002819,9,CA
CA0910002,SOUTH TAHOE PUD - MAIN,L,91822,GW,0910002822,9,CA
CA0910002,SOUTH TAHOE PUD - MAIN,L,91823,GW,0910002823,9,CA
CA0910002,SOUTH TAHOE PUD - MAIN,L,91060,GW,0910002824,9,CA
CA0910002,SOUTH TAHOE PUD - MAIN,L,91826,GW,0910002826,9,CA
CA0910003,"PLACERVILLE, CITY OF - MAIN",L,00001,SW,0910003001,9,CA
CA0910013,GEORGETOWN DIVIDE PUD,S,CA091001301,SW,EP002,9,CA
CA0910013,GEORGETOWN DIVIDE PUD,S,CA091001303,SW,EP004,9,CA
CA1010001,BAKMAN WATER COMPANY,L,005,GW,005,9,CA
CA1010001,BAKMAN WATER COMPANY,L,009,GW,009,9,CA
CA1010001,BAKMAN WATER COMPANY,L,011,GW,011,9,CA
CA1010001,BAKMAN WATER COMPANY,L,012,GW,012,9,CA
CA1010001,BAKMAN WATER COMPANY,L,020,GW,020,9,CA
CA1010001,BAKMAN WATER COMPANY,L,022,GW,022,9,CA
CA1010001,BAKMAN WATER COMPANY,L,024,GW,024,9,CA
CA1010003,CITY OF CLOVIS,L,91801,GW,1010003801,9,CA
CA1010003,CITY OF CLOVIS,L,91802,GW,1010003802,9,CA
CA1010003,CITY OF CLOVIS,L,91803,GW,1010003803,9,CA
CA1010003,CITY OF CLOVIS,L,91804,GW,1010003804,9,CA
CA1010003,CITY OF CLOVIS,L,91806,GW,1010003806,9,CA
CA1010003,CITY OF CLOVIS,L,91807,GW,1010003807,9,CA
CA1010003,CITY OF CLOVIS,L,91808,GW,1010003808,9,CA
CA1010003,CITY OF CLOVIS,L,91809,GW,1010003809,9,CA
CA1010003,CITY OF CLOVIS,L,91810,GW,1010003810,9,CA
CA1010003,CITY OF CLOVIS,L,91811,GW,1010003811,9,CA
CA1010003,CITY OF CLOVIS,L,91812,GW,1010003812,9,CA
CA1010003,CITY OF CLOVIS,L,91813,GW,1010003813,9,CA
CA1010003,CITY OF CLOVIS,L,91815,GW,1010003815,9,CA
CA1010003,CITY OF CLOVIS,L,91816,GW,1010003816,9,CA
CA1010003,CITY OF CLOVIS,L,91817,GW,1010003817,9,CA
CA1010003,CITY OF CLOVIS,L,91819,GW,1010003819,9,CA
CA1010003,CITY OF CLOVIS,L,91820,GW,1010003820,9,CA
CA1010003,CITY OF CLOVIS,L,91821,GW,1010003821,9,CA
CA1010003,CITY OF CLOVIS,L,91822,GW,1010003822,9,CA
CA1010003,CITY OF CLOVIS,L,91824,GW,1010003824,9,CA
CA1010003,CITY OF CLOVIS,L,91825,GW,1010003825,9,CA
CA1010003,CITY OF CLOVIS,L,91826,GW,1010003826,9,CA
CA1010003,CITY OF CLOVIS,L,91827,GW,1010003827,9,CA
CA1010003,CITY OF CLOVIS,L,91828,GW,1010003828,9,CA
CA1010003,CITY OF CLOVIS,L,91829,SW,1010003829,9,CA
CA1010003,CITY OF CLOVIS,L,91830,GW,1010003830,9,CA
CA1010003,CITY OF CLOVIS,L,91831,GW,1010003831,9,CA
CA1010003,CITY OF CLOVIS,L,91832,GW,1010003832,9,CA
CA1010003,CITY OF CLOVIS,L,91833,GW,1010003833,9,CA
CA1010003,CITY OF CLOVIS,L,91834,GW,1010003834,9,CA
CA1010003,CITY OF CLOVIS,L,91836,GW,1010003836,9,CA
CA1010003,CITY OF CLOVIS,L,91838,GW,1010003838,9,CA
CA1010003,CITY OF CLOVIS,L,91839,GW,1010003839,9,CA
CA1010003,CITY OF CLOVIS,L,91840,GW,1010003840,9,CA
CA1010003,CITY OF CLOVIS,L,91841,GW,1010003841,9,CA
CA1010003,CITY OF CLOVIS,L,91842,GW,1010003842,9,CA
CA1010003,CITY OF CLOVIS,L,91843,GW,1010003843,9,CA
CA1010003,CITY OF CLOVIS,L,91844,GW,1010003844,9,CA
CA1010004,COALINGA-CITY,L,91801,SW,1010004801,9,CA
CA1010005,FIREBAUGH CITY,S,1010005,GW,1010005,9,CA
CA1010005,FIREBAUGH CITY,S,10100050,GW,10100050,9,CA
CA1010006,CITY OF FOWLER,S,002,GW,EP002,9,CA
CA1010006,CITY OF FOWLER,S,004,GW,EP004,9,CA
CA1010006,CITY OF FOWLER,S,006,GW,EP006,9,CA
CA1010006,CITY OF FOWLER,S,007,GW,EP007,9,CA
CA1010006,CITY OF FOWLER,S,008,GW,EP008,9,CA
CA1010006,CITY OF FOWLER,S,009,GW,EP009,9,CA
CA1010007,CITY OF FRESNO,L,91653,GW,1010007653,9,CA
CA1010007,CITY OF FRESNO,L,91654,GW,1010007654,9,CA
CA1010007,CITY OF FRESNO,L,91656,GW,1010007656,9,CA
CA1010007,CITY OF FRESNO,L,91657,GW,1010007657,9,CA
CA1010007,CITY OF FRESNO,L,91658,GW,1010007658,9,CA
CA1010007,CITY OF FRESNO,L,91659,GW,1010007659,9,CA
CA1010007,CITY OF FRESNO,L,91660,GW,1010007660,9,CA
CA1010007,CITY OF FRESNO,L,91661,GW,1010007661,9,CA
CA1010007,CITY OF FRESNO,L,91662,GW,1010007662,9,CA
CA1010007,CITY OF FRESNO,L,91664,GW,1010007664,9,CA
CA1010007,CITY OF FRESNO,L,91665,GW,1010007665,9,CA
CA1010007,CITY OF FRESNO,L,91667,GW,1010007667,9,CA
CA1010007,CITY OF FRESNO,L,91669,GW,1010007669,9,CA
CA1010007,CITY OF FRESNO,L,91670,GW,1010007670,9,CA
CA1010007,CITY OF FRESNO,L,91671,GW,1010007671,9,CA
CA1010007,CITY OF FRESNO,L,91672,GW,1010007672,9,CA
CA1010007,CITY OF FRESNO,L,91685,SW,1010007685,9,CA
CA1010007,CITY OF FRESNO,L,91705,GW,1010007705,9,CA
CA1010007,CITY OF FRESNO,L,91711,GW,1010007711,9,CA
CA1010007,CITY OF FRESNO,L,91712,GW,1010007712,9,CA
CA1010007,CITY OF FRESNO,L,91713,GW,1010007713,9,CA
CA1010007,CITY OF FRESNO,L,91714,GW,1010007714,9,CA
CA1010007,CITY OF FRESNO,L,91716,GW,1010007716,9,CA
CA1010007,CITY OF FRESNO,L,91723,GW,1010007723,9,CA
CA1010007,CITY OF FRESNO,L,91725,GW,1010007725,9,CA
CA1010007,CITY OF FRESNO,L,91726,GW,1010007726,9,CA
CA1010007,CITY OF FRESNO,L,91727,GW,1010007727,9,CA
CA1010007,CITY OF FRESNO,L,91729,GW,1010007729,9,CA
CA1010007,CITY OF FRESNO,L,91733,GW,1010007733,9,CA
CA1010007,CITY OF FRESNO,L,91736,GW,1010007736,9,CA
CA1010007,CITY OF FRESNO,L,91738,GW,1010007738,9,CA
CA1010007,CITY OF FRESNO,L,91739,GW,1010007739,9,CA
CA1010007,CITY OF FRESNO,L,91742,GW,1010007742,9,CA
CA1010007,CITY OF FRESNO,L,91743,GW,1010007743,9,CA
CA1010007,CITY OF FRESNO,L,91745,GW,1010007745,9,CA
CA1010007,CITY OF FRESNO,L,91746,GW,1010007746,9,CA
CA1010007,CITY OF FRESNO,L,91747,GW,1010007747,9,CA
CA1010007,CITY OF FRESNO,L,91748,GW,1010007748,9,CA
CA1010007,CITY OF FRESNO,L,91749,GW,1010007749,9,CA
CA1010007,CITY OF FRESNO,L,91750,GW,1010007750,9,CA
CA1010007,CITY OF FRESNO,L,91751,GW,1010007751,9,CA
CA1010007,CITY OF FRESNO,L,91753,GW,1010007753,9,CA
CA1010007,CITY OF FRESNO,L,91754,GW,1010007754,9,CA
CA1010007,CITY OF FRESNO,L,91756,GW,1010007756,9,CA
CA1010007,CITY OF FRESNO,L,91757,GW,1010007757,9,CA
CA1010007,CITY OF FRESNO,L,91759,GW,1010007759,9,CA
CA1010007,CITY OF FRESNO,L,91760,GW,1010007760,9,CA
CA1010007,CITY OF FRESNO,L,91761,GW,1010007761,9,CA
CA1010007,CITY OF FRESNO,L,91762,GW,1010007762,9,CA
CA1010007,CITY OF FRESNO,L,91763,GW,1010007763,9,CA
CA1010007,CITY OF FRESNO,L,91766,GW,1010007766,9,CA
CA1010007,CITY OF FRESNO,L,91767,GW,1010007767,9,CA
CA1010007,CITY OF FRESNO,L,91768,GW,1010007768,9,CA
CA1010007,CITY OF FRESNO,L,91769,GW,1010007769,9,CA
CA1010007,CITY OF FRESNO,L,91770,GW,1010007770,9,CA
CA1010007,CITY OF FRESNO,L,91772,GW,1010007772,9,CA
CA1010007,CITY OF FRESNO,L,91773,GW,1010007773,9,CA
CA1010007,CITY OF FRESNO,L,91775,GW,1010007775,9,CA
CA1010007,CITY OF FRESNO,L,91776,GW,1010007776,9,CA
CA1010007,CITY OF FRESNO,L,91777,GW,1010007777,9,CA
CA1010007,CITY OF FRESNO,L,91779,GW,1010007779,9,CA
CA1010007,CITY OF FRESNO,L,91781,GW,1010007781,9,CA
CA1010007,CITY OF FRESNO,L,91783,SW,1010007783,9,CA
CA1010007,CITY OF FRESNO,L,91785,GW,1010007785,9,CA
CA1010007,CITY OF FRESNO,L,91786,GW,1010007786,9,CA
CA1010007,CITY OF FRESNO,L,91787,GW,1010007787,9,CA
CA1010007,CITY OF FRESNO,L,91789,GW,1010007789,9,CA
CA1010007,CITY OF FRESNO,L,91790,GW,1010007790,9,CA
CA1010007,CITY OF FRESNO,L,91791,GW,1010007791,9,CA
CA1010007,CITY OF FRESNO,L,91792,GW,1010007792,9,CA
CA1010007,CITY OF FRESNO,L,91793,GW,1010007793,9,CA
CA1010007,CITY OF FRESNO,L,91798,GW,1010007798,9,CA
CA1010007,CITY OF FRESNO,L,91799,GW,1010007799,9,CA
CA1010007,CITY OF FRESNO,L,91801,GW,1010007801,9,CA
CA1010007,CITY OF FRESNO,L,91805,GW,1010007805,9,CA
CA1010007,CITY OF FRESNO,L,91807,GW,1010007807,9,CA
CA1010007,CITY OF FRESNO,L,91811,GW,1010007811,9,CA
CA1010007,CITY OF FRESNO,L,91813,GW,1010007813,9,CA
CA1010007,CITY OF FRESNO,L,91815,GW,1010007815,9,CA
CA1010007,CITY OF FRESNO,L,91816,GW,1010007816,9,CA
CA1010007,CITY OF FRESNO,L,91818,GW,1010007818,9,CA
CA1010007,CITY OF FRESNO,L,91821,GW,1010007821,9,CA
CA1010007,CITY OF FRESNO,L,91823,GW,1010007823,9,CA
CA1010007,CITY OF FRESNO,L,91825,GW,1010007825,9,CA
CA1010007,CITY OF FRESNO,L,91826,GW,1010007826,9,CA
CA1010007,CITY OF FRESNO,L,91827,GW,1010007827,9,CA
CA1010007,CITY OF FRESNO,L,91828,GW,1010007828,9,CA
CA1010007,CITY OF FRESNO,L,91829,GW,1010007829,9,CA
CA1010007,CITY OF FRESNO,L,91831,GW,1010007831,9,CA
CA1010007,CITY OF FRESNO,L,91832,GW,1010007832,9,CA
CA1010007,CITY OF FRESNO,L,91833,GW,1010007833,9,CA
CA1010007,CITY OF FRESNO,L,91834,GW,1010007834,9,CA
CA1010007,CITY OF FRESNO,L,91835,GW,1010007835,9,CA
CA1010007,CITY OF FRESNO,L,91836,GW,1010007836,9,CA
CA1010007,CITY OF FRESNO,L,91840,GW,1010007840,9,CA
CA1010007,CITY OF FRESNO,L,91842,GW,1010007842,9,CA
CA1010007,CITY OF FRESNO,L,91844,GW,1010007844,9,CA
CA1010007,CITY OF FRESNO,L,91845,GW,1010007845,9,CA
CA1010007,CITY OF FRESNO,L,91846,GW,1010007846,9,CA
CA1010007,CITY OF FRESNO,L,91847,GW,1010007847,9,CA
CA1010007,CITY OF FRESNO,L,91848,GW,1010007848,9,CA
CA1010007,CITY OF FRESNO,L,91849,GW,1010007849,9,CA
CA1010007,CITY OF FRESNO,L,91850,GW,1010007850,9,CA
CA1010007,CITY OF FRESNO,L,91851,GW,1010007851,9,CA
CA1010007,CITY OF FRESNO,L,91854,GW,1010007854,9,CA
CA1010007,CITY OF FRESNO,L,91857,GW,1010007857,9,CA
CA1010007,CITY OF FRESNO,L,91858,GW,1010007858,9,CA
CA1010007,CITY OF FRESNO,L,91859,GW,1010007859,9,CA
CA1010007,CITY OF FRESNO,L,91861,GW,1010007861,9,CA
CA1010007,CITY OF FRESNO,L,91862,GW,1010007862,9,CA
CA1010007,CITY OF FRESNO,L,91863,GW,1010007863,9,CA
CA1010007,CITY OF FRESNO,L,91864,GW,1010007864,9,CA
CA1010007,CITY OF FRESNO,L,91865,GW,1010007865,9,CA
CA1010007,CITY OF FRESNO,L,91866,GW,1010007866,9,CA
CA1010007,CITY OF FRESNO,L,91867,GW,1010007867,9,CA
CA1010007,CITY OF FRESNO,L,91869,GW,1010007869,9,CA
CA1010007,CITY OF FRESNO,L,91870,GW,1010007870,9,CA
CA1010007,CITY OF FRESNO,L,91871,GW,1010007871,9,CA
CA1010007,CITY OF FRESNO,L,91874,GW,1010007874,9,CA
CA1010007,CITY OF FRESNO,L,91875,GW,1010007875,9,CA
CA1010007,CITY OF FRESNO,L,91877,GW,1010007877,9,CA
CA1010007,CITY OF FRESNO,L,91880,GW,1010007880,9,CA
CA1010007,CITY OF FRESNO,L,91881,GW,1010007881,9,CA
CA1010007,CITY OF FRESNO,L,91883,GW,1010007883,9,CA
CA1010007,CITY OF FRESNO,L,91884,GW,1010007884,9,CA
CA1010007,CITY OF FRESNO,L,91885,GW,1010007885,9,CA
CA1010007,CITY OF FRESNO,L,91887,GW,1010007887,9,CA
CA1010007,CITY OF FRESNO,L,91888,GW,1010007888,9,CA
CA1010007,CITY OF FRESNO,L,91889,GW,1010007889,9,CA
CA1010007,CITY OF FRESNO,L,91890,GW,1010007890,9,CA
CA1010007,CITY OF FRESNO,L,91891,GW,1010007891,9,CA
CA1010007,CITY OF FRESNO,L,91893,GW,1010007893,9,CA
CA1010007,CITY OF FRESNO,L,91894,GW,1010007894,9,CA
CA1010007,CITY OF FRESNO,L,91896,GW,1010007896,9,CA
CA1010007,CITY OF FRESNO,L,91897,GW,1010007897,9,CA
CA1010007,CITY OF FRESNO,L,91898,GW,1010007898,9,CA
CA1010007,CITY OF FRESNO,L,91899,GW,1010007899,9,CA
CA1010007,CITY OF FRESNO,L,91900,GW,1010007900,9,CA
CA1010007,CITY OF FRESNO,L,91901,GW,1010007901,9,CA
CA1010007,CITY OF FRESNO,L,91902,GW,1010007902,9,CA
CA1010007,CITY OF FRESNO,L,91903,GW,1010007903,9,CA
CA1010007,CITY OF FRESNO,L,91904,GW,1010007904,9,CA
CA1010007,CITY OF FRESNO,L,91905,GW,1010007905,9,CA
CA1010007,CITY OF FRESNO,L,91906,GW,1010007906,9,CA
CA1010007,CITY OF FRESNO,L,91907,GW,1010007907,9,CA
CA1010007,CITY OF FRESNO,L,91908,GW,1010007908,9,CA
CA1010007,CITY OF FRESNO,L,91910,GW,1010007910,9,CA
CA1010007,CITY OF FRESNO,L,91912,GW,1010007912,9,CA
CA1010007,CITY OF FRESNO,L,91914,GW,1010007914,9,CA
CA1010007,CITY OF FRESNO,L,91917,GW,1010007917,9,CA
CA1010007,CITY OF FRESNO,L,91918,GW,1010007918,9,CA
CA1010007,CITY OF FRESNO,L,91921,GW,1010007921,9,CA
CA1010007,CITY OF FRESNO,L,91922,GW,1010007922,9,CA
CA1010007,CITY OF FRESNO,L,91923,GW,1010007923,9,CA
CA1010007,CITY OF FRESNO,L,91924,GW,1010007924,9,CA
CA1010007,CITY OF FRESNO,L,91925,GW,1010007925,9,CA
CA1010007,CITY OF FRESNO,L,91926,GW,1010007926,9,CA
CA1010007,CITY OF FRESNO,L,91927,GW,1010007927,9,CA
CA1010007,CITY OF FRESNO,L,91928,GW,1010007928,9,CA
CA1010007,CITY OF FRESNO,L,91931,GW,1010007931,9,CA
CA1010007,CITY OF FRESNO,L,91933,GW,1010007933,9,CA
CA1010007,CITY OF FRESNO,L,91939,GW,1010007939,9,CA
CA1010007,CITY OF FRESNO,L,91942,GW,1010007942,9,CA
CA1010007,CITY OF FRESNO,L,91943,GW,1010007943,9,CA
CA1010007,CITY OF FRESNO,L,91944,GW,1010007944,9,CA
CA1010007,CITY OF FRESNO,L,91949,GW,1010007949,9,CA
CA1010007,CITY OF FRESNO,L,91952,GW,1010007952,9,CA
CA1010007,CITY OF FRESNO,L,91953,GW,1010007953,9,CA
CA1010007,CITY OF FRESNO,L,91975,GW,1010007975,9,CA
CA1010007,CITY OF FRESNO,L,91976,SW,1010007976,9,CA
CA1010018,"KERMAN, CITY OF",L,00019,GW,1010018019,9,CA
CA1010018,"KERMAN, CITY OF",L,00020,GW,1010018020,9,CA
CA1010018,"KERMAN, CITY OF",L,00021,GW,1010018021,9,CA
CA1010018,"KERMAN, CITY OF",L,00022,GW,1010018022,9,CA
CA1010018,"KERMAN, CITY OF",L,00023,GW,1010018023,9,CA
CA1010019,"KINGSBURG, CITY OF",L,00009,GW,WL09,9,CA
CA1010019,"KINGSBURG, CITY OF",L,00010,GW,WL10,9,CA
CA1010019,"KINGSBURG, CITY OF",L,00012,GW,WL12,9,CA
CA1010019,"KINGSBURG, CITY OF",L,00013,GW,WL13,9,CA
CA1010019,"KINGSBURG, CITY OF",L,00014,GW,WL14,9,CA
CA1010019,"KINGSBURG, CITY OF",L,00015,GW,WL15,9,CA
CA1010019,"KINGSBURG, CITY OF",L,00016,GW,WL16,9,CA
CA1010020,LATON COMMUNITY SERVICES DISTRICT,S,10001,GW,EP1,9,CA
CA1010020,LATON COMMUNITY SERVICES DISTRICT,S,10002,GW,EP2,9,CA
CA1010020,LATON COMMUNITY SERVICES DISTRICT,S,10003,GW,EP3,9,CA
CA1010021,"MENDOTA, CITY OF",L,00001,GW,EP01,9,CA
CA1010023,CITY OF ORANGE COVE,S,10001,SW,EP1,9,CA
CA1010024,CWS - SELMA,L,91801,GW,1010024801,9,CA
CA1010024,CWS - SELMA,L,91803,GW,1010024803,9,CA
CA1010024,CWS - SELMA,L,91804,GW,1010024804,9,CA
CA1010024,CWS - SELMA,L,91805,GW,1010024805,9,CA
CA1010024,CWS - SELMA,L,91806,GW,1010024806,9,CA
CA1010024,CWS - SELMA,L,91814,GW,1010024814,9,CA
CA1010024,CWS - SELMA,L,91815,GW,1010024815,9,CA
CA1010024,CWS - SELMA,L,91816,GW,1010024816,9,CA
CA1010025,CITY OF PARLIER,L,90004,GW,TP002,9,CA
CA1010026,PINEDALE COUNTY WATER DISTRICT,L,00005,GW,EP005,9,CA
CA1010026,PINEDALE COUNTY WATER DISTRICT,L,00006,GW,EP006,9,CA
CA1010026,PINEDALE COUNTY WATER DISTRICT,L,00007,GW,EP007,9,CA
CA1010026,PINEDALE COUNTY WATER DISTRICT,L,00008,GW,EP008,9,CA
CA1010026,PINEDALE COUNTY WATER DISTRICT,L,00009,GW,EP009,9,CA
CA1010027,"REEDLEY, CITY OF",L,91801,GW,1010027801,9,CA
CA1010027,"REEDLEY, CITY OF",L,91802,GW,1010027802,9,CA
CA1010027,"REEDLEY, CITY OF",L,91803,GW,1010027803,9,CA
CA1010027,"REEDLEY, CITY OF",L,91804,GW,1010027804,9,CA
CA1010027,"REEDLEY, CITY OF",L,91805,GW,1010027805,9,CA
CA1010027,"REEDLEY, CITY OF",L,91806,GW,1010027806,9,CA
CA1010027,"REEDLEY, CITY OF",L,91807,GW,1010027807,9,CA
CA1010029,CITY OF SANGER,L,91802,GW,1010029802,9,CA
CA1010029,CITY OF SANGER,L,91803,GW,1010029803,9,CA
CA1010029,CITY OF SANGER,L,91804,GW,1010029804,9,CA
CA1010029,CITY OF SANGER,L,91805,GW,1010029805,9,CA
CA1010029,CITY OF SANGER,L,91807,GW,1010029807,9,CA
CA1010029,CITY OF SANGER,L,91808,GW,1010029808,9,CA
CA1010029,CITY OF SANGER,L,91809,GW,1010029809,9,CA
CA1010029,CITY OF SANGER,L,91810,GW,1010029810,9,CA
CA1010029,CITY OF SANGER,L,91811,GW,1010029811,9,CA
CA1010034,"SAN JOAQUIN, CITY OF",S,20001,GW,EP003,9,CA
CA1010034,"SAN JOAQUIN, CITY OF",S,20002,GW,EP004,9,CA
CA1010034,"SAN JOAQUIN, CITY OF",S,20003,GW,EP005,9,CA
CA1010042,MALAGA COUNTY WATER DISTRICT,S,1010042,GW,006,9,CA
CA1010042,MALAGA COUNTY WATER DISTRICT,S,1010042,GW,007,9,CA
CA1010042,MALAGA COUNTY WATER DISTRICT,S,1010042,GW,012,9,CA
CA1010044,"HURON, CITY OF",S,20001,SW,EP1,9,CA
CA1010339,CALIFORNIA STATE UNIVERSITY FRESNO,L,91801,GW,1010339801,9,CA
CA1010339,CALIFORNIA STATE UNIVERSITY FRESNO,L,91802,GW,1010339802,9,CA
CA1010339,CALIFORNIA STATE UNIVERSITY FRESNO,L,91803,GW,1010339803,9,CA
CA1110001,CITY OF ORLAND,S,10001,GW,EP001,9,CA
CA1110001,CITY OF ORLAND,S,10004,GW,EP004,9,CA
CA1110001,CITY OF ORLAND,S,10007,GW,EP007,9,CA
CA1110001,CITY OF ORLAND,S,10008,GW,EP008,9,CA
CA1110001,CITY OF ORLAND,S,10009,GW,EP009,9,CA
CA1110001,CITY OF ORLAND,S,10010,GW,EP010,9,CA
CA1110001,CITY OF ORLAND,S,10011,GW,EP011,9,CA
CA1110003,CAL-WATER SERVICE CO.-WILLOWS,S,10001,GW,TP001,9,CA
CA1110003,CAL-WATER SERVICE CO.-WILLOWS,S,10002,GW,TP002,9,CA
CA1110003,CAL-WATER SERVICE CO.-WILLOWS,S,10003,GW,TP003,9,CA
CA1110003,CAL-WATER SERVICE CO.-WILLOWS,S,10004,GW,TP004,9,CA
CA1210001,"ARCATA, CITY OF",L,91802,GW,1210001802,9,CA
CA1210002,"BLUE LAKE, CITY OF",S,20001,GW,EP001,9,CA
CA1210004,"EUREKA, CITY OF",L,00007,GW,1210004007,9,CA
CA1210006,"FORTUNA, CITY OF",L,91801,GW,1210006801,9,CA
CA1210009,HUMBOLDT C.S.D.,L,91802,GW,1210009802,9,CA
CA1210009,HUMBOLDT C.S.D.,L,91804,GW,1210009804,9,CA
CA1210009,HUMBOLDT C.S.D.,L,91805,GW,1210009805,9,CA
CA1210009,HUMBOLDT C.S.D.,L,91806,GW,1210009806,9,CA
CA1210012,"RIO DELL, CITY OF",S,10006,SW,RD006,9,CA
CA1210012,"RIO DELL, CITY OF",S,10011,GW,RD011,9,CA
CA1210016,MCKINLEYVILLE C.S.D.,L,00022,GW,1210016022,9,CA
CA1300549,IMPERIAL VALLEY COLLEGE,S,10001,SW,TAP001,9,CA
CA1300554,MEADOWS UNION ELEMENTARY SCHOOL,S,10001,SW,EP1,9,CA
CA1310001,"BRAWLEY, CITY OF",L,91801,SW,1310001801,9,CA
CA1310002,"CALEXICO, CITY OF",L,91801,SW,1310002801,9,CA
CA1310003,GSWC-CALIPATRIA,S,20001,SW,EP1,9,CA
CA1310004,"EL CENTRO, CITY OF",L,91801,SW,1310004801,9,CA
CA1310005,"HOLTVILLE, CITY OF",S,20001,SW,EP1,9,CA
CA1310006,"IMPERIAL, CITY OF",L,00002,SW,1310006002,9,CA
CA1310007,HEBER PUBLIC UTILITY DISTRICT,S,CA1310007,SW,EP001,9,CA
CA1310800,CALIPATRIA STATE PRISON,S,10001,SW,EP001,9,CA
CA1310801,CENTINELA STATE PRISON,S,CA1310801,SW,WTP,9,CA
CA1410001,"BISHOP, CITY OF",S,10001,GW,EP1,9,CA
CA1410001,"BISHOP, CITY OF",S,10002,GW,EP2,9,CA
CA1503341,TEJON CASTAC WD - I5 & LAVAL RD,L,91801,SW,1503341801,9,CA
CA1510001,ARVIN COMMUNITY SERVICES DIST,L,00021,GW,1510001021,9,CA
CA1510001,ARVIN COMMUNITY SERVICES DIST,L,00022,GW,1510001022,9,CA
CA1510001,ARVIN COMMUNITY SERVICES DIST,L,00028,GW,1510001028,9,CA
CA1510003,CWS - BAKERSFIELD,L,99178,GW,1510003005,9,CA
CA1510003,CWS - BAKERSFIELD,L,99179,GW,1510003038,9,CA
CA1510003,CWS - BAKERSFIELD,L,99169,GW,1510003108,9,CA
CA1510003,CWS - BAKERSFIELD,L,99170,GW,1510003139,9,CA
CA1510003,CWS - BAKERSFIELD,L,99167,SW,1510003167,9,CA
CA1510003,CWS - BAKERSFIELD,L,99168,GW,1510003168,9,CA
CA1510003,CWS - BAKERSFIELD,L,99177,GW,1510003194,9,CA
CA1510003,CWS - BAKERSFIELD,L,99176,GW,1510003196,9,CA
CA1510003,CWS - BAKERSFIELD,L,99172,GW,1510003267,9,CA
CA1510003,CWS - BAKERSFIELD,L,99184,GW,1510003268,9,CA
CA1510003,CWS - BAKERSFIELD,L,91802,SW,1510003802,9,CA
CA1510003,CWS - BAKERSFIELD,L,91803,GW,1510003803,9,CA
CA1510003,CWS - BAKERSFIELD,L,91804,GW,1510003804,9,CA
CA1510003,CWS - BAKERSFIELD,L,91808,GW,1510003808,9,CA
CA1510003,CWS - BAKERSFIELD,L,91809,GW,1510003809,9,CA
CA1510003,CWS - BAKERSFIELD,L,91813,GW,1510003813,9,CA
CA1510003,CWS - BAKERSFIELD,L,91819,GW,1510003819,9,CA
CA1510003,CWS - BAKERSFIELD,L,91822,GW,1510003822,9,CA
CA1510003,CWS - BAKERSFIELD,L,91824,GW,1510003824,9,CA
CA1510003,CWS - BAKERSFIELD,L,91826,GW,1510003826,9,CA
CA1510003,CWS - BAKERSFIELD,L,91834,GW,1510003834,9,CA
CA1510003,CWS - BAKERSFIELD,L,91836,GW,1510003836,9,CA
CA1510003,CWS - BAKERSFIELD,L,91837,GW,1510003837,9,CA
CA1510003,CWS - BAKERSFIELD,L,91839,GW,1510003839,9,CA
CA1510003,CWS - BAKERSFIELD,L,91841,GW,1510003841,9,CA
CA1510003,CWS - BAKERSFIELD,L,91842,GW,1510003842,9,CA
CA1510003,CWS - BAKERSFIELD,L,91847,GW,1510003847,9,CA
CA1510003,CWS - BAKERSFIELD,L,91848,GW,1510003848,9,CA
CA1510003,CWS - BAKERSFIELD,L,91849,GW,1510003849,9,CA
CA1510003,CWS - BAKERSFIELD,L,91853,GW,1510003853,9,CA
CA1510003,CWS - BAKERSFIELD,L,91858,GW,1510003858,9,CA
CA1510003,CWS - BAKERSFIELD,L,91863,GW,1510003863,9,CA
CA1510003,CWS - BAKERSFIELD,L,91868,GW,1510003868,9,CA
CA1510003,CWS - BAKERSFIELD,L,91869,GW,1510003869,9,CA
CA1510003,CWS - BAKERSFIELD,L,91870,GW,1510003870,9,CA
CA1510003,CWS - BAKERSFIELD,L,91872,GW,1510003872,9,CA
CA1510003,CWS - BAKERSFIELD,L,91875,GW,1510003875,9,CA
CA1510003,CWS - BAKERSFIELD,L,91880,GW,1510003880,9,CA
CA1510003,CWS - BAKERSFIELD,L,91881,GW,1510003881,9,CA
CA1510003,CWS - BAKERSFIELD,L,91883,GW,1510003883,9,CA
CA1510003,CWS - BAKERSFIELD,L,91884,GW,1510003884,9,CA
CA1510003,CWS - BAKERSFIELD,L,91887,GW,1510003887,9,CA
CA1510003,CWS - BAKERSFIELD,L,91891,GW,1510003891,9,CA
CA1510003,CWS - BAKERSFIELD,L,91893,GW,1510003893,9,CA
CA1510003,CWS - BAKERSFIELD,L,91896,GW,1510003896,9,CA
CA1510003,CWS - BAKERSFIELD,L,91911,GW,1510003911,9,CA
CA1510003,CWS - BAKERSFIELD,L,91899,GW,1510031899,9,CA
CA1510005,"DELANO, CITY OF",L,91801,GW,1510005801,9,CA
CA1510005,"DELANO, CITY OF",L,91802,GW,1510005802,9,CA
CA1510005,"DELANO, CITY OF",L,91803,GW,1510005803,9,CA
CA1510005,"DELANO, CITY OF",L,91805,GW,1510005805,9,CA
CA1510005,"DELANO, CITY OF",L,91806,GW,1510005806,9,CA
CA1510005,"DELANO, CITY OF",L,91807,GW,1510005807,9,CA
CA1510005,"DELANO, CITY OF",L,91813,GW,1510005813,9,CA
CA1510005,"DELANO, CITY OF",L,91814,GW,1510005814,9,CA
CA1510005,"DELANO, CITY OF",L,91816,GW,1510005816,9,CA
CA1510005,"DELANO, CITY OF",L,91817,GW,1510005817,9,CA
CA1510005,"DELANO, CITY OF",L,91820,GW,1510005820,9,CA
CA1510005,"DELANO, CITY OF",L,91821,GW,1510005821,9,CA
CA1510006,EAST NILES CSD,L,91803,GW,1510006803,9,CA
CA1510006,EAST NILES CSD,L,91808,GW,1510006808,9,CA
CA1510006,EAST NILES CSD,L,91809,SW,1510006809,9,CA
CA1510012,LAMONT PUBLIC UTILITY DIST,L,91801,GW,1510012801,9,CA
CA1510012,LAMONT PUBLIC UTILITY DIST,L,91803,GW,1510012803,9,CA
CA1510012,LAMONT PUBLIC UTILITY DIST,L,91807,GW,1510012807,9,CA
CA1510012,LAMONT PUBLIC UTILITY DIST,L,91808,GW,1510012808,9,CA
CA1510012,LAMONT PUBLIC UTILITY DIST,L,91810,GW,1510012810,9,CA
CA1510012,LAMONT PUBLIC UTILITY DIST,L,91811,GW,1510012811,9,CA
CA1510013,"MCFARLAND, CITY OF",L,00012,GW,1510013012,9,CA
CA1510013,"MCFARLAND, CITY OF",L,00013,GW,1510013013,9,CA
CA1510013,"MCFARLAND, CITY OF",L,00016,GW,1510013016,9,CA
CA1510014,MOJAVE PUD,S,21A,GW,21A,9,CA
CA1510014,MOJAVE PUD,S,22,GW,22,9,CA
CA1510014,MOJAVE PUD,S,6,GW,6,9,CA
CA1510014,MOJAVE PUD,S,9,GW,9,9,CA
CA1510014,MOJAVE PUD,S,CC010,SW,CC010,9,CA
CA1510015,OILDALE MWC,L,90001,GW,EP01,9,CA
CA1510015,OILDALE MWC,L,90003,GW,EP03,9,CA
CA1510015,OILDALE MWC,L,00022,SW,EP07,9,CA
CA1510017,INDIAN WELLS VALLEY W.D.,L,91801,GW,1510017801,9,CA
CA1510017,INDIAN WELLS VALLEY W.D.,L,91802,GW,1510017802,9,CA
CA1510017,INDIAN WELLS VALLEY W.D.,L,91803,GW,1510017803,9,CA
CA1510017,INDIAN WELLS VALLEY W.D.,L,91805,GW,1510017805,9,CA
CA1510017,INDIAN WELLS VALLEY W.D.,L,91806,GW,1510017806,9,CA
CA1510017,INDIAN WELLS VALLEY W.D.,L,91812,GW,1510017812,9,CA
CA1510017,INDIAN WELLS VALLEY W.D.,L,91813,GW,1510017813,9,CA
CA1510017,INDIAN WELLS VALLEY W.D.,L,91814,GW,1510017814,9,CA
CA1510018,ROSAMOND CSD,L,00010,SW,1510018010,9,CA
CA1510018,ROSAMOND CSD,L,99004,GW,1510018994,9,CA
CA1510019,"SHAFTER, CITY OF",L,91801,GW,1510019801,9,CA
CA1510019,"SHAFTER, CITY OF",L,91802,GW,1510019802,9,CA
CA1510019,"SHAFTER, CITY OF",L,91804,GW,1510019804,9,CA
CA1510019,"SHAFTER, CITY OF",L,91808,GW,1510019808,9,CA
CA1510019,"SHAFTER, CITY OF",L,91809,GW,1510019809,9,CA
CA1510019,"SHAFTER, CITY OF",L,91810,GW,1510019810,9,CA
CA1510020,"TEHACHAPI, CITY OF",S,10001,GW,EP001,9,CA
CA1510021,"WASCO, CITY OF",L,005,GW,005,9,CA
CA1510021,"WASCO, CITY OF",L,006,GW,006,9,CA
CA1510021,"WASCO, CITY OF",L,008,GW,008,9,CA
CA1510021,"WASCO, CITY OF",L,009,GW,009,9,CA
CA1510021,"WASCO, CITY OF",L,017,GW,017,9,CA
CA1510021,"WASCO, CITY OF",L,019,GW,019,9,CA
CA1510022,WEST KERN WATER DISTRICT,L,91802,GW,1510022801,9,CA
CA1510024,GREENFIELD COUNTY WD,L,20001,GW,SR1,9,CA
CA1510024,GREENFIELD COUNTY WD,L,20003,GW,SR3,9,CA
CA1510024,GREENFIELD COUNTY WD,L,20004,GW,SR4,9,CA
CA1510024,GREENFIELD COUNTY WD,L,20005,GW,SR5,9,CA
CA1510024,GREENFIELD COUNTY WD,L,20006,GW,SR6,9,CA
CA1510024,GREENFIELD COUNTY WD,L,20007,GW,SR7,9,CA
CA1510025,STALLION SPRINGS CSD,S,1510025,GW,CV2,9,CA
CA1510025,STALLION SPRINGS CSD,S,1510025,GW,CV3,9,CA
CA1510025,STALLION SPRINGS CSD,S,1510025,GW,P17,9,CA
CA1510025,STALLION SPRINGS CSD,S,1510025,GW,Y23,9,CA
CA1510029,VAUGHN WC INC,L,91048,GW,1510029049,9,CA
CA1510029,VAUGHN WC INC,L,91050,GW,1510029051,9,CA
CA1510029,VAUGHN WC INC,L,91819,GW,151002953,9,CA
CA1510029,VAUGHN WC INC,L,91801,GW,1510029801,9,CA
CA1510029,VAUGHN WC INC,L,91804,GW,1510029804,9,CA
CA1510029,VAUGHN WC INC,L,91805,GW,1510029805,9,CA
CA1510029,VAUGHN WC INC,L,91810,GW,1510029810,9,CA
CA1510029,VAUGHN WC INC,L,91811,GW,1510029811,9,CA
CA1510029,VAUGHN WC INC,L,91814,GW,1510029814,9,CA
CA1510029,VAUGHN WC INC,L,91815,GW,1510029815,9,CA
CA1510029,VAUGHN WC INC,L,91816,GW,1510029816,9,CA
CA1510029,VAUGHN WC INC,L,91817,GW,1510029817,9,CA
CA1510029,VAUGHN WC INC,L,91818,GW,1510029818,9,CA
CA1510031,"BAKERSFIELD, CITY OF",L,91882,GW,1510031,9,CA
CA1510031,"BAKERSFIELD, CITY OF",L,91880,GW,1510031067,9,CA
CA1510031,"BAKERSFIELD, CITY OF",L,91881,GW,1510031073,9,CA
CA1510031,"BAKERSFIELD, CITY OF",L,91883,GW,1510031150,9,CA
CA1510031,"BAKERSFIELD, CITY OF",L,91803,GW,1510031803,9,CA
CA1510031,"BAKERSFIELD, CITY OF",L,91804,GW,1510031804,9,CA
CA1510031,"BAKERSFIELD, CITY OF",L,91807,GW,1510031807,9,CA
CA1510031,"BAKERSFIELD, CITY OF",L,91809,GW,1510031809,9,CA
CA1510031,"BAKERSFIELD, CITY OF",L,91811,GW,1510031811,9,CA
CA1510031,"BAKERSFIELD, CITY OF",L,91812,GW,1510031812,9,CA
CA1510031,"BAKERSFIELD, CITY OF",L,91816,GW,1510031816,9,CA
CA1510031,"BAKERSFIELD, CITY OF",L,91817,GW,1510031817,9,CA
CA1510031,"BAKERSFIELD, CITY OF",L,91821,GW,1510031821,9,CA
CA1510031,"BAKERSFIELD, CITY OF",L,91823,GW,1510031823,9,CA
CA1510031,"BAKERSFIELD, CITY OF",L,91827,GW,1510031827,9,CA
CA1510031,"BAKERSFIELD, CITY OF",L,91830,GW,1510031830,9,CA
CA1510031,"BAKERSFIELD, CITY OF",L,91831,GW,1510031831,9,CA
CA1510031,"BAKERSFIELD, CITY OF",L,91832,GW,1510031832,9,CA
CA1510031,"BAKERSFIELD, CITY OF",L,91837,GW,1510031837,9,CA
CA1510031,"BAKERSFIELD, CITY OF",L,91838,GW,1510031838,9,CA
CA1510031,"BAKERSFIELD, CITY OF",L,91840,GW,1510031840,9,CA
CA1510031,"BAKERSFIELD, CITY OF",L,91841,GW,1510031841,9,CA
CA1510031,"BAKERSFIELD, CITY OF",L,91842,GW,1510031842,9,CA
CA1510031,"BAKERSFIELD, CITY OF",L,91844,GW,1510031844,9,CA
CA1510031,"BAKERSFIELD, CITY OF",L,91845,GW,1510031845,9,CA
CA1510031,"BAKERSFIELD, CITY OF",L,91847,GW,1510031847,9,CA
CA1510031,"BAKERSFIELD, CITY OF",L,91848,GW,1510031848,9,CA
CA1510031,"BAKERSFIELD, CITY OF",L,91849,GW,1510031849,9,CA
CA1510031,"BAKERSFIELD, CITY OF",L,91850,GW,1510031850,9,CA
CA1510031,"BAKERSFIELD, CITY OF",L,91851,GW,1510031851,9,CA
CA1510031,"BAKERSFIELD, CITY OF",L,91852,GW,1510031852,9,CA
CA1510031,"BAKERSFIELD, CITY OF",L,91854,GW,1510031854,9,CA
CA1510031,"BAKERSFIELD, CITY OF",L,91856,GW,1510031856,9,CA
CA1510031,"BAKERSFIELD, CITY OF",L,91857,GW,1510031857,9,CA
CA1510031,"BAKERSFIELD, CITY OF",L,91859,GW,1510031859,9,CA
CA1510031,"BAKERSFIELD, CITY OF",L,91860,GW,1510031860,9,CA
CA1510031,"BAKERSFIELD, CITY OF",L,91862,GW,1510031862,9,CA
CA1510031,"BAKERSFIELD, CITY OF",L,91870,GW,1510031870,9,CA
CA1510031,"BAKERSFIELD, CITY OF",L,95872,GW,1510031872,9,CA
CA1510031,"BAKERSFIELD, CITY OF",L,91874,GW,1510031874,9,CA
CA1510031,"BAKERSFIELD, CITY OF",L,91875,GW,1510031875,9,CA
CA1510031,"BAKERSFIELD, CITY OF",L,91878,MX,1510031878,9,CA
CA1510031,"BAKERSFIELD, CITY OF",L,91879,GW,1510031879,9,CA
CA1510032,"CALIFORNIA CITY, CITY OF",L,00010,SW,1510032010,9,CA
CA1510032,"CALIFORNIA CITY, CITY OF",L,91805,GW,1510032016,9,CA
CA1510032,"CALIFORNIA CITY, CITY OF",L,91801,GW,1510032801,9,CA
CA1510032,"CALIFORNIA CITY, CITY OF",L,91802,GW,1510032802,9,CA
CA1510032,"CALIFORNIA CITY, CITY OF",L,91803,GW,1510032803,9,CA
CA1510038,BEAR VALLEY CSD,S,10001,GW,EP1,9,CA
CA1510038,BEAR VALLEY CSD,S,10002,GW,EP2,9,CA
CA1510038,BEAR VALLEY CSD,S,10003,GW,EP3,9,CA
CA1510038,BEAR VALLEY CSD,S,10004,GW,EP4,9,CA
CA1510038,BEAR VALLEY CSD,S,10006,GW,EP6,9,CA
CA1510038,BEAR VALLEY CSD,S,10007,GW,EP7,9,CA
CA1510045,GOLDEN HILLS CSD,S,10004,GW,CA1510045006006,9,CA
CA1510045,GOLDEN HILLS CSD,S,10005,GW,CA1510045010010,9,CA
CA1510045,GOLDEN HILLS CSD,S,10006,GW,CA1510045012012,9,CA
CA1510045,GOLDEN HILLS CSD,S,10003,GW,CA1510045019019,9,CA
CA1510045,GOLDEN HILLS CSD,S,10007,GW,CA1510045020020,9,CA
CA1510045,GOLDEN HILLS CSD,S,10008,GW,CA1510045021021,9,CA
CA1510045,GOLDEN HILLS CSD,S,10002,GW,CA1510045039039,9,CA
CA1510045,GOLDEN HILLS CSD,S,10001,GW,CA1510045045045,9,CA
CA1510055,CWS - NORTH GARDEN,L,00034,SW,1510055034,9,CA
CA1510055,CWS - NORTH GARDEN,L,91801,GW,1510055801,9,CA
CA1510055,CWS - NORTH GARDEN,L,91802,GW,1510055802,9,CA
CA1510055,CWS - NORTH GARDEN,L,91803,GW,1510055803,9,CA
CA1510055,CWS - NORTH GARDEN,L,91810,GW,1510055810,9,CA
CA1510055,CWS - NORTH GARDEN,L,91813,GW,1510055813,9,CA
CA1510055,CWS - NORTH GARDEN,L,91814,GW,1510055814,9,CA
CA1510055,CWS - NORTH GARDEN,L,91815,GW,1510055815,9,CA
CA1510055,CWS - NORTH GARDEN,L,91816,SW,1510055816,9,CA
CA1510701,EDWARDS AFB - MAIN BASE,L,04004,MX,4004POST,9,CA
CA1510701,EDWARDS AFB - MAIN BASE,L,00791,MX,791POST,9,CA
CA1510703,CHINA LAKE NAVAL AIR WEAPONS STATION,S,10015,GW,EP015,9,CA
CA1510703,CHINA LAKE NAVAL AIR WEAPONS STATION,S,10018,GW,EP018,9,CA
CA1510703,CHINA LAKE NAVAL AIR WEAPONS STATION,S,10027,GW,EP027C,9,CA
CA1510703,CHINA LAKE NAVAL AIR WEAPONS STATION,S,10028,GW,EP028A,9,CA
CA1510703,CHINA LAKE NAVAL AIR WEAPONS STATION,S,10030,GW,EP030,9,CA
CA1510703,CHINA LAKE NAVAL AIR WEAPONS STATION,S,10031,GW,EP031,9,CA
CA1510800,CCI - TEHACHAPI,S,10001,GW,EP011,9,CA
CA1510801,WASCO ST. PRISON RECEPTION CTR,S,10001,GW,EP004,9,CA
CA1510802,KERN VALLEY STATE PRISON,S,10001,GW,EP001,9,CA
CA1610001,ARMONA COMMUNITY SERVICES DIST,S,20001,GW,011,9,CA
CA1610002,"AVENAL, CITY OF",L,91801,SW,1610002801,9,CA
CA1610002,"AVENAL, CITY OF",L,91802,SW,1610002802,9,CA
CA1610003,"HANFORD, CITY OF",L,90001,GW,1610003001,9,CA
CA1610003,"HANFORD, CITY OF",L,90002,GW,1610003002,9,CA
CA1610003,"HANFORD, CITY OF",L,90003,GW,1610003003,9,CA
CA1610003,"HANFORD, CITY OF",L,90004,GW,1610003004,9,CA
CA1610003,"HANFORD, CITY OF",L,91810,GW,1610003810,9,CA
CA1610003,"HANFORD, CITY OF",L,91817,GW,1610003817,9,CA
CA1610003,"HANFORD, CITY OF",L,91818,GW,1610003818,9,CA
CA1610003,"HANFORD, CITY OF",L,91819,GW,1610003819,9,CA
CA1610003,"HANFORD, CITY OF",L,90020,GW,1610003820,9,CA
CA1610003,"HANFORD, CITY OF",L,90021,GW,1610003821,9,CA
CA1610003,"HANFORD, CITY OF",L,90022,GW,1610003822,9,CA
CA1610003,"HANFORD, CITY OF",L,90023,GW,1610003823,9,CA
CA1610003,"HANFORD, CITY OF",L,90025,GW,1610003825,9,CA
CA1610004,"CORCORAN, CITY OF",L,91801,GW,1610004025,9,CA
CA1610005,"LEMOORE, CITY OF",L,91801,GW,1610005801,9,CA
CA1610005,"LEMOORE, CITY OF",L,91802,GW,1610005802,9,CA
CA1610005,"LEMOORE, CITY OF",L,91803,GW,1610005803,9,CA
CA1610005,"LEMOORE, CITY OF",L,91804,GW,1610005804,9,CA
CA1610700,LEMOORE NAVAL AIR STATION,L,91801,SW,1610700801,9,CA
CA1710002,GOLDEN STATE WATER CO.-CLEARLAKE SYSTEM,S,10001,SW,EP1,9,CA
CA1710003,HIGHLANDS MUTUAL WATER COMPANY,S,20001,SW,EP1,9,CA
CA1710004,"LAKEPORT, CITY OF",S,10001,SW,EP1,9,CA
CA1710004,"LAKEPORT, CITY OF",S,10002,GW,EP2,9,CA
CA1710005,LUCERNE WATER CO. - CAL WATER SERVICE,S,10001,SW,TP001,9,CA
CA1710006,KONOCTI COUNTY WATER DISTRICT,S,20001,SW,EP1,9,CA
CA1710007,KELSEYVILLE CO WATERWORKS DISTRICT 3,S,KV4,GW,KVWWD3002,9,CA
CA1710007,KELSEYVILLE CO WATERWORKS DISTRICT 3,S,KV6,GW,KVWWD3003,9,CA
CA1710007,KELSEYVILLE CO WATERWORKS DISTRICT 3,S,KV7,GW,KVWWD3006,9,CA
CA1710007,KELSEYVILLE CO WATERWORKS DISTRICT 3,S,KV8,GW,KVWWD3007,9,CA
CA1710014,MT. KONOCTI MUTUAL WATER COMPANY,S,CA1710014,SW,CA1710014002002,9,CA
CA1710015,HIDDEN VALLEY LAKE CSD,S,10006,GW,EP006,9,CA
CA1805004,CDCR-HIGH DESERT STATE PRISON,S,10002,GW,CCC001,9,CA
CA1805004,CDCR-HIGH DESERT STATE PRISON,S,10001,GW,HDSP001,9,CA
CA1810001,CITY OF SUSANVILLE,S,10001,GW,EP003,9,CA
CA1810001,CITY OF SUSANVILLE,S,10003,GW,EP007,9,CA
CA1810001,CITY OF SUSANVILLE,S,10002,GW,EP008,9,CA
CA1810001,CITY OF SUSANVILLE,S,10004,GW,EP009,9,CA
CA1810001,CITY OF SUSANVILLE,S,10005,GW,EP012,9,CA
CA1900046,PETER PITCHESS HONOR RANCHO DETN. CTR,S,10002,GW,EP2,9,CA
CA1900679,RANCHO LOS AMIGOS HOSPITAL,S,10001,GW,EP1,9,CA
CA1910001,CITY OF ALHAMBRA,L,91807,GW,1910001807,9,CA
CA1910003,CITY OF ARCADIA,L,91801,GW,1910003801,9,CA
CA1910003,CITY OF ARCADIA,L,91803,GW,1910003803,9,CA
CA1910003,CITY OF ARCADIA,L,91805,GW,1910003805,9,CA
CA1910003,CITY OF ARCADIA,L,91811,GW,1910003811,9,CA
CA1910003,CITY OF ARCADIA,L,91812,GW,1910003812,9,CA
CA1910003,CITY OF ARCADIA,L,91816,GW,1910003816,9,CA
CA1910003,CITY OF ARCADIA,L,91818,GW,1910003817,9,CA
CA1910003,CITY OF ARCADIA,L,91819,GW,1910003819,9,CA
CA1910003,CITY OF ARCADIA,L,91817,GW,1910003998,9,CA
CA1910004,GSWC - ARTESIA,L,91803,GW,1910004803,9,CA
CA1910004,GSWC - ARTESIA,L,91808,GW,1910004808,9,CA
CA1910004,GSWC - ARTESIA,L,91819,GW,1910004819,9,CA
CA1910004,GSWC - ARTESIA,L,91825,GW,1910004825,9,CA
CA1910004,GSWC - ARTESIA,L,91826,GW,1910004826,9,CA
CA1910005,"LOS ANGELES CWWD 40, REG. 38-LAKE LA",L,1910005,GW,008,9,CA
CA1910005,"LOS ANGELES CWWD 40, REG. 38-LAKE LA",L,91005,SW,1910005003,9,CA
CA1910006,SO. CAL. EDISON CO.-SANTA CATALINA,S,20005,GW,BJT,9,CA
CA1910006,SO. CAL. EDISON CO.-SANTA CATALINA,S,20008,GW,HLT,9,CA
CA1910006,SO. CAL. EDISON CO.-SANTA CATALINA,S,20007,GW,ITT,9,CA
CA1910006,SO. CAL. EDISON CO.-SANTA CATALINA,S,20006,GW,MGT,9,CA
CA1910006,SO. CAL. EDISON CO.-SANTA CATALINA,S,20002,GU,PH2,9,CA
CA1910006,SO. CAL. EDISON CO.-SANTA CATALINA,S,20003,GW,TT,9,CA
CA1910006,SO. CAL. EDISON CO.-SANTA CATALINA,S,20001,SW,TWT2,9,CA
CA1910006,SO. CAL. EDISON CO.-SANTA CATALINA,S,20004,GW,WLT,9,CA
CA1910007,AZUSA LIGHT AND WATER,L,91815,MX,1910007815,9,CA
CA1910007,AZUSA LIGHT AND WATER,L,91816,GW,1910007816,9,CA
CA1910007,AZUSA LIGHT AND WATER,L,91817,GW,1910007817,9,CA
CA1910007,AZUSA LIGHT AND WATER,L,91818,GW,1910007818,9,CA
CA1910007,AZUSA LIGHT AND WATER,L,91819,GW,1910007819,9,CA
CA1910009,VALLEY COUNTY WATER DIST.,L,91817,GW,1910009817,9,CA
CA1910009,VALLEY COUNTY WATER DIST.,L,91898,GW,1910009898,9,CA
CA1910009,VALLEY COUNTY WATER DIST.,L,91899,GW,1910009899,9,CA
CA1910010,CALIFORNIA WATER SERVICE CO.-LANCASTER,S,10001,GW,EP1,9,CA
CA1910010,CALIFORNIA WATER SERVICE CO.-LANCASTER,S,10003,GW,EP3,9,CA
CA1910011,"GSWC - BELL, BELL GARDENS",L,91804,GW,1910011804,9,CA
CA1910011,"GSWC - BELL, BELL GARDENS",L,91810,GW,1910011810,9,CA
CA1910011,"GSWC - BELL, BELL GARDENS",L,91812,GW,1910011812,9,CA
CA1910011,"GSWC - BELL, BELL GARDENS",L,91818,SW,1910011818,9,CA
CA1910011,"GSWC - BELL, BELL GARDENS",L,91817,GW,1910011832,9,CA
CA1910013,BELLFLOWER - SOMERSET MWC,L,91801,GW,1910013801,9,CA
CA1910013,BELLFLOWER - SOMERSET MWC,L,91802,GW,1910013802,9,CA
CA1910013,BELLFLOWER - SOMERSET MWC,L,91805,GW,1910013805,9,CA
CA1910013,BELLFLOWER - SOMERSET MWC,L,91807,GW,1910013807,9,CA
CA1910013,BELLFLOWER - SOMERSET MWC,L,91808,GW,1910013808,9,CA
CA1910013,BELLFLOWER - SOMERSET MWC,L,91809,GW,1910013809,9,CA
CA1910017,SANTA CLARITA VALLEY W.A.-SANTA CLARITA,L,91804,GW,1910017804,9,CA
CA1910017,SANTA CLARITA VALLEY W.A.-SANTA CLARITA,L,91809,GW,1910017809,9,CA
CA1910017,SANTA CLARITA VALLEY W.A.-SANTA CLARITA,L,91812,GW,1910017812,9,CA
CA1910017,SANTA CLARITA VALLEY W.A.-SANTA CLARITA,L,91816,GW,1910017816,9,CA
CA1910017,SANTA CLARITA VALLEY W.A.-SANTA CLARITA,L,91817,MX,1910017817,9,CA
CA1910017,SANTA CLARITA VALLEY W.A.-SANTA CLARITA,L,91818,GW,1910017818,9,CA
CA1910018,BELLFLOWER MUNICIPAL WATER SYSTEM,S,20001,GW,EP001,9,CA
CA1910018,BELLFLOWER MUNICIPAL WATER SYSTEM,S,20002,SW,EP002,9,CA
CA1910019,"CERRITOS - CITY, WATER DEPT.",L,91803,GW,1910019803,9,CA
CA1910019,"CERRITOS - CITY, WATER DEPT.",L,91804,GW,1910019804,9,CA
CA1910019,"CERRITOS - CITY, WATER DEPT.",L,91805,GW,1910019805,9,CA
CA1910019,"CERRITOS - CITY, WATER DEPT.",L,91806,SW,1910019806,9,CA
CA1910020,EAST PASADENA WATER CO.,S,20001,GW,EP001,9,CA
CA1910020,EAST PASADENA WATER CO.,S,20002,GW,EP002,9,CA
CA1910021,LIBERTY UTILITIES - COMPTON,L,91012,SW,1910021012,9,CA
CA1910021,LIBERTY UTILITIES - COMPTON,L,91013,SW,1910021013,9,CA
CA1910021,LIBERTY UTILITIES - COMPTON,L,91018,GW,1910021018,9,CA
CA1910021,LIBERTY UTILITIES - COMPTON,L,91803,GW,1910021803,9,CA
CA1910022,CALIF STATE POLYTECHNICAL UNIV - POMONA,L,91801,MX,1910022801,9,CA
CA1910023,AVERYDALE MWC,S,10007,GW,EP007,9,CA
CA1910023,AVERYDALE MWC,S,10008,GW,EP008,9,CA
CA1910024,GSWC - CLAREMONT,L,91802,MX,1910024802,9,CA
CA1910024,GSWC - CLAREMONT,L,91804,GW,1910024804,9,CA
CA1910024,GSWC - CLAREMONT,L,91805,GW,1910024805,9,CA
CA1910024,GSWC - CLAREMONT,L,91806,GW,1910024806,9,CA
CA1910024,GSWC - CLAREMONT,L,91809,GW,1910024809,9,CA
CA1910024,GSWC - CLAREMONT,L,91812,GW,1910024812,9,CA
CA1910024,GSWC - CLAREMONT,L,91815,MX,1910024815,9,CA
CA1910024,GSWC - CLAREMONT,L,91816,GW,1910024816,9,CA
CA1910024,GSWC - CLAREMONT,L,91818,GW,1910024818,9,CA
CA1910024,GSWC - CLAREMONT,L,91821,GW,1910024821,9,CA
CA1910024,GSWC - CLAREMONT,L,91822,GW,1910024822,9,CA
CA1910026,"COMPTON-CITY, WATER DEPT.",L,00016,SW,1910026016,9,CA
CA1910026,"COMPTON-CITY, WATER DEPT.",L,91801,GW,1910026801,9,CA
CA1910026,"COMPTON-CITY, WATER DEPT.",L,91802,GW,1910026802,9,CA
CA1910026,"COMPTON-CITY, WATER DEPT.",L,91803,GW,1910026803,9,CA
CA1910026,"COMPTON-CITY, WATER DEPT.",L,91804,GW,1910026804,9,CA
CA1910026,"COMPTON-CITY, WATER DEPT.",L,91805,GW,1910026805,9,CA
CA1910028,CRESCENTA VALLEY CWD,L,91015,GW,1910028015,9,CA
CA1910028,CRESCENTA VALLEY CWD,L,00020,SW,1910028020,9,CA
CA1910028,CRESCENTA VALLEY CWD,L,91801,GW,1910028801,9,CA
CA1910028,CRESCENTA VALLEY CWD,L,91802,GW,1910028802,9,CA
CA1910028,CRESCENTA VALLEY CWD,L,91803,GW,1910028803,9,CA
CA1910028,CRESCENTA VALLEY CWD,L,91804,GW,1910028804,9,CA
CA1910028,CRESCENTA VALLEY CWD,L,91805,GW,1910028805,9,CA
CA1910029,CITY OF INDUSTRY WATERWORKS SYSTEMS,S,10,GW,EP010,9,CA
CA1910030,GSWC - CULVER CITY,L,00011,SW,1910030011,9,CA
CA1910033,CALIFORNIA WATER SERVICE CO. - DOMINGUEZ,L,91803,GW,1910033803,9,CA
CA1910033,CALIFORNIA WATER SERVICE CO. - DOMINGUEZ,L,91804,GW,1910033804,9,CA
CA1910033,CALIFORNIA WATER SERVICE CO. - DOMINGUEZ,L,91805,GW,1910033805,9,CA
CA1910033,CALIFORNIA WATER SERVICE CO. - DOMINGUEZ,L,91807,GW,1910033807,9,CA
CA1910033,CALIFORNIA WATER SERVICE CO. - DOMINGUEZ,L,91808,GW,1910033808,9,CA
CA1910033,CALIFORNIA WATER SERVICE CO. - DOMINGUEZ,L,91810,GW,1910033810,9,CA
CA1910033,CALIFORNIA WATER SERVICE CO. - DOMINGUEZ,L,91811,GW,1910033811,9,CA
CA1910033,CALIFORNIA WATER SERVICE CO. - DOMINGUEZ,L,91813,GW,1910033813,9,CA
CA1910033,CALIFORNIA WATER SERVICE CO. - DOMINGUEZ,L,91830,SW,1910033830,9,CA
CA1910034,"DOWNEY - CITY, WATER DEPT.",L,91007,GW,1910034007,9,CA
CA1910034,"DOWNEY - CITY, WATER DEPT.",L,91019,GW,1910034019,9,CA
CA1910034,"DOWNEY - CITY, WATER DEPT.",L,91024,GW,1910034024,9,CA
CA1910034,"DOWNEY - CITY, WATER DEPT.",L,91025,GW,1910034025,9,CA
CA1910034,"DOWNEY - CITY, WATER DEPT.",L,91033,GW,1910034033,9,CA
CA1910036,CALIFORNIA WATER SERVICE CO. - ELA,L,91802,GW,1910036802,9,CA
CA1910036,CALIFORNIA WATER SERVICE CO. - ELA,L,91803,GW,1910036803,9,CA
CA1910036,CALIFORNIA WATER SERVICE CO. - ELA,L,91804,GW,1910036804,9,CA
CA1910036,CALIFORNIA WATER SERVICE CO. - ELA,L,91807,GW,1910036807,9,CA
CA1910036,CALIFORNIA WATER SERVICE CO. - ELA,L,91813,GW,1910036813,9,CA
CA1910036,CALIFORNIA WATER SERVICE CO. - ELA,L,91821,GW,1910036821,9,CA
CA1910036,CALIFORNIA WATER SERVICE CO. - ELA,L,91824,SW,1910036824,9,CA
CA1910036,CALIFORNIA WATER SERVICE CO. - ELA,L,91825,GW,1910036825,9,CA
CA1910036,CALIFORNIA WATER SERVICE CO. - ELA,L,91826,GW,1910036826,9,CA
CA1910038,"EL MONTE-CITY, WATER DEPT.",L,91811,GW,1910038811,9,CA
CA1910038,"EL MONTE-CITY, WATER DEPT.",L,91812,GW,1910038812,9,CA
CA1910038,"EL MONTE-CITY, WATER DEPT.",L,91813,GW,1910038813,9,CA
CA1910038,"EL MONTE-CITY, WATER DEPT.",L,91821,GW,1910038821,9,CA
CA1910039,SAN GABRIEL VALLEY WATER CO.-EL MONTE,L,99099,GW,1910039009,9,CA
CA1910039,SAN GABRIEL VALLEY WATER CO.-EL MONTE,L,91803,GW,1910039803,9,CA
CA1910039,SAN GABRIEL VALLEY WATER CO.-EL MONTE,L,91806,GW,1910039806,9,CA
CA1910039,SAN GABRIEL VALLEY WATER CO.-EL MONTE,L,91807,GW,1910039807,9,CA
CA1910039,SAN GABRIEL VALLEY WATER CO.-EL MONTE,L,91808,GW,1910039808,9,CA
CA1910039,SAN GABRIEL VALLEY WATER CO.-EL MONTE,L,92809,GW,1910039809,9,CA
CA1910039,SAN GABRIEL VALLEY WATER CO.-EL MONTE,L,91815,GW,1910039815,9,CA
CA1910039,SAN GABRIEL VALLEY WATER CO.-EL MONTE,L,91826,GW,1910039826,9,CA
CA1910039,SAN GABRIEL VALLEY WATER CO.-EL MONTE,L,91846,GW,1910039846,9,CA
CA1910040,"EL SEGUNDO-CITY, WATER DEPT.",L,00003,SW,1910040003,9,CA
CA1910042,"PICO RIVERA - CITY, WATER DEPT.",L,00010,GW,10,9,CA
CA1910042,"PICO RIVERA - CITY, WATER DEPT.",L,00004,GW,4,9,CA
CA1910042,"PICO RIVERA - CITY, WATER DEPT.",L,00005,GW,5,9,CA
CA1910042,"PICO RIVERA - CITY, WATER DEPT.",L,00006,GW,6,9,CA
CA1910042,"PICO RIVERA - CITY, WATER DEPT.",L,00007,GW,7,9,CA
CA1910042,"PICO RIVERA - CITY, WATER DEPT.",L,00008,GW,8,9,CA
CA1910042,"PICO RIVERA - CITY, WATER DEPT.",L,00009,GW,9,9,CA
CA1910043,"GLENDALE-CITY, WATER DEPT.",L,91001,GW,1910043001,9,CA
CA1910043,"GLENDALE-CITY, WATER DEPT.",L,91002,GW,1910043002,9,CA
CA1910043,"GLENDALE-CITY, WATER DEPT.",L,91003,GW,1910043003,9,CA
CA1910043,"GLENDALE-CITY, WATER DEPT.",L,91017,SW,1910043017,9,CA
CA1910043,"GLENDALE-CITY, WATER DEPT.",L,91804,GW,1910043804,9,CA
CA1910044,"GLENDORA-CITY, WATER DEPT.",L,91804,GW,1910044804,9,CA
CA1910044,"GLENDORA-CITY, WATER DEPT.",L,91805,GW,1910044805,9,CA
CA1910044,"GLENDORA-CITY, WATER DEPT.",L,91811,SW,1910044811,9,CA
CA1910046,SUBURBAN WATER SYSTEMS-GLENDORA,S,20001,SW,EP1,9,CA
CA1910047,HAWTHORNE-CITY WATER DEPT.,L,91801,GW,1910047801,9,CA
CA1910047,HAWTHORNE-CITY WATER DEPT.,L,91804,SW,1910047804,9,CA
CA1910049,"HUNTINGTON PARK-CITY, WATER DEPT.",L,004,GW,1910049004,9,CA
CA1910049,"HUNTINGTON PARK-CITY, WATER DEPT.",L,005,GW,1910049005,9,CA
CA1910049,"HUNTINGTON PARK-CITY, WATER DEPT.",L,006,GW,1910049006,9,CA
CA1910049,"HUNTINGTON PARK-CITY, WATER DEPT.",L,007,GW,1910049007,9,CA
CA1910049,"HUNTINGTON PARK-CITY, WATER DEPT.",L,010,GW,1910049010,9,CA
CA1910049,"HUNTINGTON PARK-CITY, WATER DEPT.",L,011,SW,1910049011,9,CA
CA1910050,"COMMERCE-CITY, WATER DEPT.",S,20001,GW,EP1,9,CA
CA1910050,"COMMERCE-CITY, WATER DEPT.",S,20002,GW,EP2,9,CA
CA1910050,"COMMERCE-CITY, WATER DEPT.",S,20003,SW,EP3,9,CA
CA1910051,"INGLEWOOD- CITY, WATER DEPT.",L,00016,SW,1910051016,9,CA
CA1910051,"INGLEWOOD- CITY, WATER DEPT.",L,91801,GW,1910051801,9,CA
CA1910052,CAL/AM WATER COMPANY - BALDWIN HILLS,L,91805,GW,1910052003,9,CA
CA1910052,CAL/AM WATER COMPANY - BALDWIN HILLS,L,91801,GW,1910052006,9,CA
CA1910052,CAL/AM WATER COMPANY - BALDWIN HILLS,L,91804,GW,1910052024,9,CA
CA1910052,CAL/AM WATER COMPANY - BALDWIN HILLS,L,91802,SW,1910052802,9,CA
CA1910052,CAL/AM WATER COMPANY - BALDWIN HILLS,L,91803,SW,1910052803,9,CA
CA1910054,LA CANADA IRRIGATION DIST.,S,20001,SW,EP001,9,CA
CA1910059,SUBURBAN WATER SYSTEMS-LA MIRADA,L,91800,GW,1910059800,9,CA
CA1910059,SUBURBAN WATER SYSTEMS-LA MIRADA,L,91801,GW,1910059801,9,CA
CA1910059,SUBURBAN WATER SYSTEMS-LA MIRADA,L,91812,GW,1910059812,9,CA
CA1910060,LA PUENTE VALLEY CWD,S,19,GW,EP019,9,CA
CA1910061,LAS FLORES WATER CO.,S,20002,SW,EP1,9,CA
CA1910062,"LA VERNE, CITY WD",L,90009,SW,1910062,9,CA
CA1910062,"LA VERNE, CITY WD",L,90002,MX,1910062002,9,CA
CA1910062,"LA VERNE, CITY WD",L,90003,MX,1910062003,9,CA
CA1910062,"LA VERNE, CITY WD",L,90004,GW,EP004,9,CA
CA1910063,LINCOLN AVENUE WATER CO.,L,91817,MX,1910063817,9,CA
CA1910063,LINCOLN AVENUE WATER CO.,L,91820,MX,1910063820,9,CA
CA1910064,LITTLEROCK CREEK IRRIGATION DIST.,S,10016,GW,EP16,9,CA
CA1910064,LITTLEROCK CREEK IRRIGATION DIST.,S,10017,GW,EP17,9,CA
CA1910064,LITTLEROCK CREEK IRRIGATION DIST.,S,10018,GW,EP18,9,CA
CA1910064,LITTLEROCK CREEK IRRIGATION DIST.,S,10020,GW,EP20,9,CA
CA1910064,LITTLEROCK CREEK IRRIGATION DIST.,S,10022,GW,EP22,9,CA
CA1910065,"LONG BEACH-CITY, WATER DEPT.",L,91811,SW,1910065811,9,CA
CA1910065,"LONG BEACH-CITY, WATER DEPT.",L,91803,MX,SSP1910065325,9,CA
CA1910067,"LOS ANGELES-CITY, DEPT. OF WATER & POWER",L,67011,SW,BYPIN,9,CA
CA1910067,"LOS ANGELES-CITY, DEPT. OF WATER & POWER",L,67196,SW,EGLRK42A,9,CA
CA1910067,"LOS ANGELES-CITY, DEPT. OF WATER & POWER",L,67199,SW,PVACM,9,CA
CA1910067,"LOS ANGELES-CITY, DEPT. OF WATER & POWER",L,67133,MX,RSCBCL,9,CA
CA1910070,"LOS ANGELES CWWD 40,REG 4 & 34-LANCASTER",L,1910070023,GW,023,9,CA
CA1910070,"LOS ANGELES CWWD 40,REG 4 & 34-LANCASTER",L,1910070036,GW,036,9,CA
CA1910070,"LOS ANGELES CWWD 40,REG 4 & 34-LANCASTER",L,1910070051,MX,051,9,CA
CA1910070,"LOS ANGELES CWWD 40,REG 4 & 34-LANCASTER",L,1910070067,GW,067,9,CA
CA1910070,"LOS ANGELES CWWD 40,REG 4 & 34-LANCASTER",L,1910070101,MX,101,9,CA
CA1910070,"LOS ANGELES CWWD 40,REG 4 & 34-LANCASTER",L,1910070,MX,102,9,CA
CA1910070,"LOS ANGELES CWWD 40,REG 4 & 34-LANCASTER",L,1910070105,MX,105,9,CA
CA1910070,"LOS ANGELES CWWD 40,REG 4 & 34-LANCASTER",L,1910070117,MX,117,9,CA
CA1910070,"LOS ANGELES CWWD 40,REG 4 & 34-LANCASTER",L,1910070124,MX,124,9,CA
CA1910070,"LOS ANGELES CWWD 40,REG 4 & 34-LANCASTER",L,1910070EA2,GW,T041601,9,CA
CA1910072,GSWC - Willowbrook,L,91850,GW,1910072850,9,CA
CA1910072,GSWC - Willowbrook,L,91852,SW,1910072854,9,CA
CA1910073,"LOMITA-CITY, WATER DEPT.",L,00006,GW,1910073006,9,CA
CA1910077,GSWC - FLORENCE/GRAHAM,L,91801,GW,1910077801,9,CA
CA1910077,GSWC - FLORENCE/GRAHAM,L,91816,SW,1910077816,9,CA
CA1910077,GSWC - FLORENCE/GRAHAM,L,91820,GW,1910077820,9,CA
CA1910079,"LYNWOOD-CITY, WATER DEPT.",L,00018,SW,1910079018,9,CA
CA1910079,"LYNWOOD-CITY, WATER DEPT.",L,91801,GW,1910079801,9,CA
CA1910079,"LYNWOOD-CITY, WATER DEPT.",L,91802,GW,1910079802,9,CA
CA1910079,"LYNWOOD-CITY, WATER DEPT.",L,91805,GW,1910079805,9,CA
CA1910079,"LYNWOOD-CITY, WATER DEPT.",L,91806,GW,1910079806,9,CA
CA1910079,"LYNWOOD-CITY, WATER DEPT.",L,91807,GW,1910079807,9,CA
CA1910083,"MANHATTAN BEACH-CITY, WATER DEPT.",L,00005,SW,1910083005,9,CA
CA1910083,"MANHATTAN BEACH-CITY, WATER DEPT.",L,91801,MX,1910083801,9,CA
CA1910084,MAYWOOD MUTUAL WATER CO. #1,S,20001,GW,EP001,9,CA
CA1910084,MAYWOOD MUTUAL WATER CO. #1,S,20003,GW,EP003,9,CA
CA1910085,MAYWOOD MUTUAL WATER CO. #2,S,CA1910085A,GW,EP001,9,CA
CA1910085,MAYWOOD MUTUAL WATER CO. #2,S,CA1910085B,GW,EP002,9,CA
CA1910086,MAYWOOD MUTUAL WATER CO. #3,S,10001,GW,EP01,9,CA
CA1910086,MAYWOOD MUTUAL WATER CO. #3,S,10002,GW,EP03,9,CA
CA1910086,MAYWOOD MUTUAL WATER CO. #3,S,10003,GW,EP04,9,CA
CA1910090,"MONROVIA-CITY, WATER DEPT.",L,91801,GW,1910090801,9,CA
CA1910091,MONTEBELLO LAND & WATER CO.,L,91801,GW,1910091801,9,CA
CA1910091,MONTEBELLO LAND & WATER CO.,L,91803,GW,1910091803,9,CA
CA1910091,MONTEBELLO LAND & WATER CO.,L,91808,GW,1910091808,9,CA
CA1910092,"MONTEREY PARK-CITY, WATER DEPT.",L,91812,GW,1910092812,9,CA
CA1910096,SANTA CLARITA VALLEY W.A.-NEWHALL DIV.,L,00008,MX,1910096008,9,CA
CA1910096,SANTA CLARITA VALLEY W.A.-NEWHALL DIV.,L,00001,GW,1910096NDF01,9,CA
CA1910097,NORTHROP GRUMMAN CORP.,S,1910097003,GW,3003,9,CA
CA1910097,NORTHROP GRUMMAN CORP.,S,1910097004,GW,3004,9,CA
CA1910097,NORTHROP GRUMMAN CORP.,S,1910097001,GW,4001,9,CA
CA1910097,NORTHROP GRUMMAN CORP.,S,1910097002,GW,4002,9,CA
CA1910097,NORTHROP GRUMMAN CORP.,S,1910097011,GW,8011,9,CA
CA1910098,GSWC - NORWALK,L,91821,GW,191009821,9,CA
CA1910098,GSWC - NORWALK,L,91805,GW,1910098805,9,CA
CA1910098,GSWC - NORWALK,L,91807,GW,1910098807,9,CA
CA1910098,GSWC - NORWALK,L,91817,SW,1910098817,9,CA
CA1910098,GSWC - NORWALK,L,91819,GW,1910098819,9,CA
CA1910098,GSWC - NORWALK,L,91820,GW,1910098820,9,CA
CA1910101,ORCHARD DALE WATER DISTRICT,L,00001,GW,EP01,9,CA
CA1910102,PALMDALE WATER DIST.,L,91802,SW,1910102802,9,CA
CA1910102,PALMDALE WATER DIST.,L,91813,GW,1910102813,9,CA
CA1910102,PALMDALE WATER DIST.,L,91815,GW,1910102815,9,CA
CA1910102,PALMDALE WATER DIST.,L,91822,GW,1910102822,9,CA
CA1910102,PALMDALE WATER DIST.,L,91826,GW,1910102826,9,CA
CA1910103,PALM RANCH IRRIGATION DIST.,S,20002,GW,EP2,9,CA
CA1910104,CALIFORNIA WATER SERVICE CO. - PALOS VER,L,00001,SW,1910104001,9,CA
CA1910105,"PARAMOUNT - CITY, WATER DEPT.",L,00020,SW,1910105020,9,CA
CA1910105,"PARAMOUNT - CITY, WATER DEPT.",L,91025,GW,1910105024W15D,9,CA
CA1910108,CITY OF BELL GARDENS,L,10805,GW,1910108005,9,CA
CA1910108,CITY OF BELL GARDENS,L,10806,SW,1910108806,9,CA
CA1910117,"MONTEBELLO-CITY, WATER DEPT.",S,20001,SW,EP001,9,CA
CA1910117,"MONTEBELLO-CITY, WATER DEPT.",S,20002,GW,EP002,9,CA
CA1910124,"PASADENA-CITY, WATER DEPT.",L,91801,MX,1910124801,9,CA
CA1910124,"PASADENA-CITY, WATER DEPT.",L,91804,GW,1910124804,9,CA
CA1910124,"PASADENA-CITY, WATER DEPT.",L,91817,MX,1910124817,9,CA
CA1910124,"PASADENA-CITY, WATER DEPT.",L,91820,SW,1910124820,9,CA
CA1910125,PICO WD,L,91006,GW,1910125006,9,CA
CA1910125,PICO WD,L,91009,GW,1910125009,9,CA
CA1910125,PICO WD,L,91011,GW,1910125011,9,CA
CA1910125,PICO WD,L,91019,GW,1910125019,9,CA
CA1910126,"POMONA - CITY, WATER DEPT.",L,91033,MX,1910126033,9,CA
CA1910126,"POMONA - CITY, WATER DEPT.",L,91810,GW,1910126038,9,CA
CA1910126,"POMONA - CITY, WATER DEPT.",L,91061,MX,1910126061,9,CA
CA1910126,"POMONA - CITY, WATER DEPT.",L,91063,MX,1910126063,9,CA
CA1910126,"POMONA - CITY, WATER DEPT.",L,91813,GW,1910126071,9,CA
CA1910126,"POMONA - CITY, WATER DEPT.",L,93811,GW,1910126074,9,CA
CA1910126,"POMONA - CITY, WATER DEPT.",L,93812,GW,1910126075,9,CA
CA1910126,"POMONA - CITY, WATER DEPT.",L,91707,GW,1910126707,9,CA
CA1910126,"POMONA - CITY, WATER DEPT.",L,91710,MX,1910126710,9,CA
CA1910126,"POMONA - CITY, WATER DEPT.",L,91801,MX,1910126801,9,CA
CA1910127,"COVINA-CITY, WATER DEPT.",L,00004,SW,1910127004,9,CA
CA1910127,"COVINA-CITY, WATER DEPT.",L,00005,MX,1910127005,9,CA
CA1910127,"COVINA-CITY, WATER DEPT.",L,00006,SW,1910127006,9,CA
CA1910130,QUARTZ HILL WATER DIST.,L,00007,SW,1910130007,9,CA
CA1910130,QUARTZ HILL WATER DIST.,L,91801,GW,1910130801,9,CA
CA1910130,QUARTZ HILL WATER DIST.,L,91802,GW,1910130802,9,CA
CA1910130,QUARTZ HILL WATER DIST.,L,91803,GW,1910130803,9,CA
CA1910134,CALIFORNIA WATER SERVICE CO. - HERM/REDO,L,91803,GW,1910134803,9,CA
CA1910134,CALIFORNIA WATER SERVICE CO. - HERM/REDO,L,91804,GW,1910134804,9,CA
CA1910134,CALIFORNIA WATER SERVICE CO. - HERM/REDO,L,91807,SW,1910134807,9,CA
CA1910139,CAL/AM WATER COMPANY - SAN MARINO,L,91815,GW,1910139017,9,CA
CA1910139,CAL/AM WATER COMPANY - SAN MARINO,L,91807,GW,1910139020,9,CA
CA1910139,CAL/AM WATER COMPANY - SAN MARINO,L,91802,GW,1910139026,9,CA
CA1910139,CAL/AM WATER COMPANY - SAN MARINO,L,91817,SW,1910139030,9,CA
CA1910139,CAL/AM WATER COMPANY - SAN MARINO,L,91803,GW,1910139032,9,CA
CA1910139,CAL/AM WATER COMPANY - SAN MARINO,L,91055,GW,1910139055,9,CA
CA1910139,CAL/AM WATER COMPANY - SAN MARINO,L,91811,GW,1910139811,9,CA
CA1910140,RUBIO CANON LAND & WATER ASSOCIATION,S,001,SW,EP001,9,CA
CA1910140,RUBIO CANON LAND & WATER ASSOCIATION,S,003,GU,EP003,9,CA
CA1910140,RUBIO CANON LAND & WATER ASSOCIATION,S,004,GW,EP004,9,CA
CA1910140,RUBIO CANON LAND & WATER ASSOCIATION,S,007,GW,EP007,9,CA
CA1910140,RUBIO CANON LAND & WATER ASSOCIATION,S,011,SW,EP011,9,CA
CA1910142,GSWC-SAN DIMAS,L,91022,MX,1910142022,9,CA
CA1910142,GSWC-SAN DIMAS,L,91814,GW,1910142814,9,CA
CA1910142,GSWC-SAN DIMAS,L,91816,SW,1910142816,9,CA
CA1910142,GSWC-SAN DIMAS,L,91817,SW,1910142817,9,CA
CA1910142,GSWC-SAN DIMAS,L,91818,SW,1910142818,9,CA
CA1910142,GSWC-SAN DIMAS,L,91819,GW,1910142819,9,CA
CA1910143,"SAN FERNANDO-CITY, WATER DEPT.",L,91803,GW,1910143803,9,CA
CA1910143,"SAN FERNANDO-CITY, WATER DEPT.",L,91804,GW,1910143804,9,CA
CA1910143,"SAN FERNANDO-CITY, WATER DEPT.",L,91808,GW,1910143808,9,CA
CA1910143,"SAN FERNANDO-CITY, WATER DEPT.",L,91809,GW,1910143809,9,CA
CA1910144,SAN GABRIEL COUNTY WD,L,91801,GW,1910144801,9,CA
CA1910144,SAN GABRIEL COUNTY WD,L,91802,GW,1910144802,9,CA
CA1910144,SAN GABRIEL COUNTY WD,L,91804,GW,1910144804,9,CA
CA1910144,SAN GABRIEL COUNTY WD,L,91805,GW,1910144805,9,CA
CA1910144,SAN GABRIEL COUNTY WD,L,91806,GW,1910144806,9,CA
CA1910146,"SANTA MONICA-CITY, WATER DIVISION",L,91802,GW,1910146802,9,CA
CA1910146,"SANTA MONICA-CITY, WATER DIVISION",L,91803,MX,1910146803,9,CA
CA1910146,"SANTA MONICA-CITY, WATER DIVISION",L,91810,GW,1910146810,9,CA
CA1910147,SATIVA-L.A. CWD,S,10001,GW,EP010,9,CA
CA1910148,"SIERRA MADRE-CITY, WATER DEPT.",L,91807,GW,1910148807,9,CA
CA1910148,"SIERRA MADRE-CITY, WATER DEPT.",L,91809,GW,1910148809,9,CA
CA1910149,"SIGNAL HILL - CITY, WATER DEPT.",L,00007,SW,1910149007,9,CA
CA1910149,"SIGNAL HILL - CITY, WATER DEPT.",L,00020,GW,1910149020,9,CA
CA1910149,"SIGNAL HILL - CITY, WATER DEPT.",L,33151,GW,99000,9,CA
CA1910152,"SOUTH GATE-CITY, WATER DEPT.",L,91801,GW,1910152801,9,CA
CA1910152,"SOUTH GATE-CITY, WATER DEPT.",L,91805,GW,1910152805,9,CA
CA1910152,"SOUTH GATE-CITY, WATER DEPT.",L,91806,GW,1910152806,9,CA
CA1910152,"SOUTH GATE-CITY, WATER DEPT.",L,91807,GW,1910152807,9,CA
CA1910152,"SOUTH GATE-CITY, WATER DEPT.",L,1910152808,GW,1910152808,9,CA
CA1910153,SOUTH MONTEBELLO IRRIGATION DIST.,S,WELL7,GW,EP001,9,CA
CA1910153,SOUTH MONTEBELLO IRRIGATION DIST.,S,WELL3AND5,GW,EP002,9,CA
CA1910154,CITY OF SOUTH PASADENA,L,91806,GW,1910154806,9,CA
CA1910154,CITY OF SOUTH PASADENA,L,91807,GW,1910154807,9,CA
CA1910155,GSWC - SOUTHWEST,L,91803,GW,1910155803,9,CA
CA1910155,GSWC - SOUTHWEST,L,91805,GW,1910155805,9,CA
CA1910155,GSWC - SOUTHWEST,L,91806,GW,1910155806,9,CA
CA1910155,GSWC - SOUTHWEST,L,91810,GW,1910155807,9,CA
CA1910155,GSWC - SOUTHWEST,L,91815,GW,1910155815,9,CA
CA1910155,GSWC - SOUTHWEST,L,91818,GW,1910155818,9,CA
CA1910155,GSWC - SOUTHWEST,L,91823,GW,191055823,9,CA
CA1910155,GSWC - SOUTHWEST,L,15305,SW,WB2A,9,CA
CA1910156,"BEVERLY HILLS-CITY, WATER DEPT.",L,00010,SW,1910156010,9,CA
CA1910156,"BEVERLY HILLS-CITY, WATER DEPT.",L,00017,GW,1910156017017,9,CA
CA1910157,SUNNY SLOPE WATER CO.,L,91804,GW,1910157804,9,CA
CA1910157,SUNNY SLOPE WATER CO.,L,91805,GW,1910157805,9,CA
CA1910159,TRACT 180 MUTUAL WATER CO.,L,91801,GW,1910159801,9,CA
CA1910159,TRACT 180 MUTUAL WATER CO.,L,91802,GW,1910159802,9,CA
CA1910160,TRACT 349 MUTUAL WATER CO.,S,003,GW,EP003,9,CA
CA1910160,TRACT 349 MUTUAL WATER CO.,S,004,GW,EP004,9,CA
CA1910161,LIBERTY UTILITIES - LYNWOOD,L,91015,SW,1910161015,9,CA
CA1910161,LIBERTY UTILITIES - LYNWOOD,L,91801,GW,1910161801,9,CA
CA1910161,LIBERTY UTILITIES - LYNWOOD,L,91802,GW,1910161802,9,CA
CA1910163,VALENCIA HEIGHTS WATER CO.,S,20001,MX,EP1,9,CA
CA1910163,VALENCIA HEIGHTS WATER CO.,S,20002,SW,EP2,9,CA
CA1910165,VALLEY VIEW MUTUAL WATER CO.,S,91800,GW,1910165800,9,CA
CA1910166,VALLEY WATER CO.,L,00006,MX,EP006,9,CA
CA1910167,"VERNON-CITY, WATER DEPT.",L,91801,GW,1910161801,9,CA
CA1910167,"VERNON-CITY, WATER DEPT.",L,91800,GW,1910167800,9,CA
CA1910167,"VERNON-CITY, WATER DEPT.",L,91802,GW,1910167802,9,CA
CA1910167,"VERNON-CITY, WATER DEPT.",L,91804,GW,1910167804,9,CA
CA1910167,"VERNON-CITY, WATER DEPT.",L,91805,GW,1910167805,9,CA
CA1910167,"VERNON-CITY, WATER DEPT.",L,91806,GW,1910167806,9,CA
CA1910167,"VERNON-CITY, WATER DEPT.",L,91809,GW,1910167809,9,CA
CA1910167,"VERNON-CITY, WATER DEPT.",L,91810,SW,1910167810,9,CA
CA1910169,WALNUT PARK MUTUAL WATER CO.,L,91801,GW,1910169801,9,CA
CA1910173,"WHITTIER-CITY, WATER DEPT.",L,91930,GW,1910173930,9,CA
CA1910174,Suburban Water Systems - Whittier,L,91823,GW,1910174823,9,CA
CA1910179,"BURBANK-CITY, WATER DEPT.",L,91813,SW,1910179813,9,CA
CA1910185,LOS ANGELES CWWD 36-VAL VERDE,S,20003,SW,EP3,9,CA
CA1910186,CAL-AM WATER COMPANY - DUARTE,L,91819,GW,1910186019,9,CA
CA1910186,CAL-AM WATER COMPANY - DUARTE,L,91822,GW,1910186022,9,CA
CA1910186,CAL-AM WATER COMPANY - DUARTE,L,91823,GW,1910186023,9,CA
CA1910186,CAL-AM WATER COMPANY - DUARTE,L,91801,GW,1910186801,9,CA
CA1910186,CAL-AM WATER COMPANY - DUARTE,L,91803,GW,1910186803,9,CA
CA1910186,CAL-AM WATER COMPANY - DUARTE,L,91804,GW,1910186804,9,CA
CA1910186,CAL-AM WATER COMPANY - DUARTE,L,91807,GW,1910186807,9,CA
CA1910186,CAL-AM WATER COMPANY - DUARTE,L,91808,GW,1910186808,9,CA
CA1910189,SAN GABRIEL VALLEY WATER CO.-MONTEBELLO,S,20001,GW,EP1,9,CA
CA1910191,"NORWALK - CITY, WATER DEPT.",L,14332,SW,14332,9,CA
CA1910191,"NORWALK - CITY, WATER DEPT.",L,91801,GW,1910186801,9,CA
CA1910191,"NORWALK - CITY, WATER DEPT.",L,91802,GW,1910191802,9,CA
CA1910191,"NORWALK - CITY, WATER DEPT.",L,91803,SW,1910191803,9,CA
CA1910191,"NORWALK - CITY, WATER DEPT.",L,91804,SW,1910191804,9,CA
CA1910191,"NORWALK - CITY, WATER DEPT.",L,91805,SW,1910191805,9,CA
CA1910194,ROWLAND WATER DISTRICT,L,00001,SW,1910194001,9,CA
CA1910194,ROWLAND WATER DISTRICT,L,00006,SW,1910194002,9,CA
CA1910194,ROWLAND WATER DISTRICT,L,00007,SW,1910194003,9,CA
CA1910194,ROWLAND WATER DISTRICT,L,00008,GW,1910194004,9,CA
CA1910195,GSWC - HOLLYDALE,S,20001,GW,EP001,9,CA
CA1910195,GSWC - HOLLYDALE,S,20002,GW,EP002,9,CA
CA1910205,SUBURBAN WATER SYSTEMS-SAN JOSE,L,98107,GW,1910205107,9,CA
CA1910205,SUBURBAN WATER SYSTEMS-SAN JOSE,L,91547,GW,1910205547,9,CA
CA1910205,SUBURBAN WATER SYSTEMS-SAN JOSE,L,91808,SW,1910205808,9,CA
CA1910205,SUBURBAN WATER SYSTEMS-SAN JOSE,L,91809,SW,1910205809,9,CA
CA1910205,SUBURBAN WATER SYSTEMS-SAN JOSE,L,91810,GW,1910205810,9,CA
CA1910205,SUBURBAN WATER SYSTEMS-SAN JOSE,L,91812,GW,1910205812,9,CA
CA1910205,SUBURBAN WATER SYSTEMS-SAN JOSE,L,91815,SW,1910205815,9,CA
CA1910211,LIBERTY UTILITIES - BELLFLOWER-NORWALK,L,91035,SW,190211035,9,CA
CA1910211,LIBERTY UTILITIES - BELLFLOWER-NORWALK,L,91034,SW,1910211034,9,CA
CA1910211,LIBERTY UTILITIES - BELLFLOWER-NORWALK,L,91036,SW,1910211036,9,CA
CA1910211,LIBERTY UTILITIES - BELLFLOWER-NORWALK,L,91803,GW,1910211803,9,CA
CA1910211,LIBERTY UTILITIES - BELLFLOWER-NORWALK,L,91804,GW,1910211804,9,CA
CA1910211,LIBERTY UTILITIES - BELLFLOWER-NORWALK,L,91805,GW,1910211805,9,CA
CA1910211,LIBERTY UTILITIES - BELLFLOWER-NORWALK,L,91807,GW,1910211807,9,CA
CA1910212,GSWC-SOUTH ARCADIA,L,91810,GW,1910212810,9,CA
CA1910212,GSWC-SOUTH ARCADIA,L,91814,GW,1910212814,9,CA
CA1910212,GSWC-SOUTH ARCADIA,L,91815,GW,1910212815,9,CA
CA1910212,GSWC-SOUTH ARCADIA,L,91816,GW,1910212816,9,CA
CA1910212,GSWC-SOUTH ARCADIA,L,91817,GW,1910212817,9,CA
CA1910213,"TORRANCE-CITY, WATER DEPT.",L,00007,SW,1910213007,9,CA
CA1910213,"TORRANCE-CITY, WATER DEPT.",L,91803,GW,1910213803,9,CA
CA1910213,"TORRANCE-CITY, WATER DEPT.",L,00900,GW,1910213900,9,CA
CA1910218,LA HABRA HEIGHTS CWD,S,20001,GW,EP1,9,CA
CA1910218,LA HABRA HEIGHTS CWD,S,20002,SW,EP2,9,CA
CA1910223,GSWC-SOUTH SAN GABRIEL,L,91814,GW,1910223814,9,CA
CA1910223,GSWC-SOUTH SAN GABRIEL,L,91827,SW,1910223827,9,CA
CA1910223,GSWC-SOUTH SAN GABRIEL,L,91828,GW,1910223995,9,CA
CA1910225,LAS VIRGENES MWD,L,90001,SW,1910225001,9,CA
CA1910225,LAS VIRGENES MWD,L,91802,SW,1910225802,9,CA
CA1910225,LAS VIRGENES MWD,L,00004,SW,1910225BOX,9,CA
CA1910225,LAS VIRGENES MWD,L,00002,SW,1910225LV2,9,CA
CA1910234,WALNUT VALLEY WATER DISTRICT,L,99995,SW,1910041995,9,CA
CA1910234,WALNUT VALLEY WATER DISTRICT,L,00001,SW,1910234001,9,CA
CA1910239,"LAKEWOOD - CITY, WATER DEPT.",L,91809,GW,1910239809,9,CA
CA1910239,"LAKEWOOD - CITY, WATER DEPT.",L,91811,GW,1910239811,9,CA
CA1910239,"LAKEWOOD - CITY, WATER DEPT.",L,91822,GW,1910239822,9,CA
CA1910240,SANTA CLARITA VALLEY W.A.-VALENCIA DIVIS,L,00022,MX,1910240022,9,CA
CA1910240,SANTA CLARITA VALLEY W.A.-VALENCIA DIVIS,L,91803,GW,1910240803,9,CA
CA1910240,SANTA CLARITA VALLEY W.A.-VALENCIA DIVIS,L,91804,GW,1910240804,9,CA
CA1910240,SANTA CLARITA VALLEY W.A.-VALENCIA DIVIS,L,91817,GW,1910240817,9,CA
CA1910240,SANTA CLARITA VALLEY W.A.-VALENCIA DIVIS,L,91823,GW,1910240823,9,CA
CA1910240,SANTA CLARITA VALLEY W.A.-VALENCIA DIVIS,L,91828,GW,1910240828,9,CA
CA1910240,SANTA CLARITA VALLEY W.A.-VALENCIA DIVIS,L,91829,GW,1910240829,9,CA
CA1910240,SANTA CLARITA VALLEY W.A.-VALENCIA DIVIS,L,91830,GW,1910240830,9,CA
CA1910245,"SANTA FE SPRINGS - CITY, WATER DEPT.",L,10042,SW,1910245042,9,CA
CA1910245,"SANTA FE SPRINGS - CITY, WATER DEPT.",L,91803,GW,1910245803,9,CA
CA1910247,SANTA CLARITA VALLEY W.A.-CASTAIC DIV.,S,20001,MX,EP1,9,CA
CA1910248,LOS ANGELES CWWD 37-ACTON,S,20001,SW,EP1,9,CA
CA1910250,SANTA CLARITA VALLEY W.A.-PINETREE DIV.,S,10001,GW,EP001,9,CA
CA1910250,SANTA CLARITA VALLEY W.A.-PINETREE DIV.,S,10005,SW,EP005,9,CA
CA1910255,SANTA CLARITA VALLEY W.A.-TESORO DIV.,S,20001,SW,EP1,9,CA
CA2010001,CHOWCHILLA CITY WATER DEPT,L,00013,GW,2010001013,9,CA
CA2010001,CHOWCHILLA CITY WATER DEPT,L,00016,GW,2010001016,9,CA
CA2010001,CHOWCHILLA CITY WATER DEPT,L,00017,GW,2010001017,9,CA
CA2010001,CHOWCHILLA CITY WATER DEPT,L,00018,GW,2010001018,9,CA
CA2010001,CHOWCHILLA CITY WATER DEPT,L,00021,GW,2010001021,9,CA
CA2010001,CHOWCHILLA CITY WATER DEPT,L,00023,GW,2010001023,9,CA
CA2010002,CITY OF MADERA,L,91801,GW,1910245801,9,CA
CA2010002,CITY OF MADERA,L,90001,GW,2010002001,9,CA
CA2010002,CITY OF MADERA,L,91818,GW,2010002050,9,CA
CA2010002,CITY OF MADERA,L,91802,GW,2010002802,9,CA
CA2010002,CITY OF MADERA,L,91804,GW,2010002804,9,CA
CA2010002,CITY OF MADERA,L,91809,GW,2010002809,9,CA
CA2010002,CITY OF MADERA,L,91813,GW,2010002813,9,CA
CA2010002,CITY OF MADERA,L,91816,GW,2010002816,9,CA
CA2010002,CITY OF MADERA,L,91817,GW,2010002817,9,CA
CA2010003,BASS LAKE WATER COMPANY,S,001,SW,001,9,CA
CA2010003,BASS LAKE WATER COMPANY,S,002,GW,002,9,CA
CA2010003,BASS LAKE WATER COMPANY,S,003,GW,003,9,CA
CA2010003,BASS LAKE WATER COMPANY,S,004,GW,004,9,CA
CA2010005,YOSEMITE SPRING PARK UTIL CO,S,1E,GW,1EPOST,9,CA
CA2010005,YOSEMITE SPRING PARK UTIL CO,S,31A,GW,31APOST,9,CA
CA2010005,YOSEMITE SPRING PARK UTIL CO,S,35A,GW,35APOST,9,CA
CA2010005,YOSEMITE SPRING PARK UTIL CO,S,39A,GW,39APOST,9,CA
CA2010005,YOSEMITE SPRING PARK UTIL CO,S,42A,GW,42APOST,9,CA
CA2010005,YOSEMITE SPRING PARK UTIL CO,S,45A,GW,45APOST,9,CA
CA2010005,YOSEMITE SPRING PARK UTIL CO,S,46A,GW,46APOST,9,CA
CA2010005,YOSEMITE SPRING PARK UTIL CO,S,47A,GW,47APOST,9,CA
CA2010005,YOSEMITE SPRING PARK UTIL CO,S,PLANT,GW,SP13,9,CA
CA2010007,CAL AM - OAKHURST,S,2010007A,GW,2010007EP001,9,CA
CA2010007,CAL AM - OAKHURST,S,2010007B,GW,2010007EP002,9,CA
CA2010007,CAL AM - OAKHURST,S,2010007C,GW,2010007EP003,9,CA
CA2010007,CAL AM - OAKHURST,S,2010007D,GW,2010007TK008,9,CA
CA2010009,BAKMAN WATER-ROLLING HILLS,S,005,GW,EP005,9,CA
CA2010009,BAKMAN WATER-ROLLING HILLS,S,008,GW,EP008,9,CA
CA2010009,BAKMAN WATER-ROLLING HILLS,S,011,GW,EP011,9,CA
CA2010010,MADERA VALLEY WATER COMPANY,S,10001,GW,EP1,9,CA
CA2010010,MADERA VALLEY WATER COMPANY,S,10002,GW,EP2,9,CA
CA2010010,MADERA VALLEY WATER COMPANY,S,10003,GW,EP3,9,CA
CA2010010,MADERA VALLEY WATER COMPANY,S,10004,GW,EP4,9,CA
CA2010010,MADERA VALLEY WATER COMPANY,S,10005,GW,EP5,9,CA
CA2110002,MARIN MUNICIPAL WATER DISTRICT,L,91004,SW,2110002004,9,CA
CA2110002,MARIN MUNICIPAL WATER DISTRICT,L,91005,GW,2110002005,9,CA
CA2110003,NORTH MARIN WATER DISTRICT,L,91801,SW,2110003004,9,CA
CA2110003,NORTH MARIN WATER DISTRICT,L,91805,GW,2110003005,9,CA
CA2110005,BOLINAS COMMUNITY PUD,S,10004,SW,EP004,9,CA
CA2110350,NPS GGNRA,L,10001,SW,EP001,9,CA
CA2210002,PONDEROSA BASIN MUTUAL WTR CO,S,001,GW,001,9,CA
CA2210002,PONDEROSA BASIN MUTUAL WTR CO,S,002,GW,002,9,CA
CA2210002,PONDEROSA BASIN MUTUAL WTR CO,S,003,GW,003,9,CA
CA2210002,PONDEROSA BASIN MUTUAL WTR CO,S,004,GW,004,9,CA
CA2300847,WHALE GULCH ELEMENTARY SCHOOL,S,20001,SW,EP001,9,CA
CA2310001,"FORT BRAGG, CITY OF",S,2310001,SW,COMBINEDEFFLUENT,9,CA
CA2310003,"UKIAH, CITY OF",L,91804,GU,2310003804,9,CA
CA2310003,"UKIAH, CITY OF",L,91805,SW,2310003805,9,CA
CA2310003,"UKIAH, CITY OF",L,91806,GW,2310003806,9,CA
CA2310003,"UKIAH, CITY OF",L,91807,GW,2310003807,9,CA
CA2310003,"UKIAH, CITY OF",L,91808,GW,2310003808,9,CA
CA2310003,"UKIAH, CITY OF",L,91809,GW,2310003809,9,CA
CA2310004,"WILLITS, CITY OF",S,002,SW,EP001,9,CA
CA2310005,WILLOW COUNTY WATER DISTRICT,S,20001,GW,EP1,9,CA
CA2310006,MILLVIEW COUNTY WATER DISTRICT,S,10001,GU,EP001,9,CA
CA2310006,MILLVIEW COUNTY WATER DISTRICT,S,10003,GW,EP003,9,CA
CA2310006,MILLVIEW COUNTY WATER DISTRICT,S,10002,GW,EP2,9,CA
CA2310008,REDWOOD VALLEY COUNTY WATER DISTRICT,S,20002,SW,EP2,9,CA
CA2310009,BROOKTRAILS TOWNSHIP CSD,S,20001,SW,EP001,9,CA
CA2410001,CITY OF ATWATER,L,91802,GW,2410001802,9,CA
CA2410001,CITY OF ATWATER,L,91804,GW,2410001804,9,CA
CA2410001,CITY OF ATWATER,L,91805,GW,2410001805,9,CA
CA2410001,CITY OF ATWATER,L,91806,GW,2410001806,9,CA
CA2410001,CITY OF ATWATER,L,91807,GW,2410001807,9,CA
CA2410001,CITY OF ATWATER,L,91808,GW,2410001808,9,CA
CA2410001,CITY OF ATWATER,L,91809,GW,2410001809,9,CA
CA2410001,CITY OF ATWATER,L,91810,GW,2410001810,9,CA
CA2410002,CITY OF DOS PALOS,S,CA2410002,SW,WTPFINISHED,9,CA
CA2410003,CITY OF GUSTINE,S,005,GW,005,9,CA
CA2410003,CITY OF GUSTINE,S,006,GW,006,9,CA
CA2410003,CITY OF GUSTINE,S,007,GW,007,9,CA
CA2410003,CITY OF GUSTINE,S,014,GW,014,9,CA
CA2410004,CITY OF LIVINGSTON,L,91802,GW,2410004802,9,CA
CA2410004,CITY OF LIVINGSTON,L,91803,GW,2410004803,9,CA
CA2410004,CITY OF LIVINGSTON,L,91804,GW,2410004804,9,CA
CA2410004,CITY OF LIVINGSTON,L,91805,GW,2410004805,9,CA
CA2410004,CITY OF LIVINGSTON,L,91807,GW,2410004807,9,CA
CA2410004,CITY OF LIVINGSTON,L,91808,GW,2410004808,9,CA
CA2410004,CITY OF LIVINGSTON,L,91810,GW,2410004810,9,CA
CA2410004,CITY OF LIVINGSTON,L,91811,GW,2410004811,9,CA
CA2410005,CITY OF LOS BANOS,L,91801,GW,2410005801,9,CA
CA2410005,CITY OF LOS BANOS,L,91802,GW,2410005802,9,CA
CA2410005,CITY OF LOS BANOS,L,91804,GW,2410005804,9,CA
CA2410005,CITY OF LOS BANOS,L,91805,GW,2410005805,9,CA
CA2410005,CITY OF LOS BANOS,L,91806,GW,2410005806,9,CA
CA2410005,CITY OF LOS BANOS,L,91807,GW,2410005807,9,CA
CA2410005,CITY OF LOS BANOS,L,91808,GW,2410005808,9,CA
CA2410005,CITY OF LOS BANOS,L,91809,GW,2410005809,9,CA
CA2410005,CITY OF LOS BANOS,L,91810,GW,2410005810,9,CA
CA2410005,CITY OF LOS BANOS,L,91811,GW,2410005811,9,CA
CA2410005,CITY OF LOS BANOS,L,91812,GW,2410005812,9,CA
CA2410005,CITY OF LOS BANOS,L,91813,GW,2410005813,9,CA
CA2410005,CITY OF LOS BANOS,L,91814,GW,2410005814,9,CA
CA2410006,DELHI CWD,S,10010,GW,EP010,9,CA
CA2410006,DELHI CWD,S,10012,GW,EP012,9,CA
CA2410006,DELHI CWD,S,10017,GW,EP017,9,CA
CA2410006,DELHI CWD,S,10019,GW,EP019,9,CA
CA2410007,PLANADA CSD,S,10001,GW,SS001,9,CA
CA2410007,PLANADA CSD,S,10004,GW,SS004,9,CA
CA2410007,PLANADA CSD,S,10005,GW,SS005,9,CA
CA2410007,PLANADA CSD,S,10006,GW,SS006,9,CA
CA2410007,PLANADA CSD,S,10007,GW,SS007,9,CA
CA2410007,PLANADA CSD,S,10014,GW,SS014,9,CA
CA2410008,CAL AM - MEADOWBROOK,S,TP101,GW,01,9,CA
CA2410008,CAL AM - MEADOWBROOK,S,TP102,GW,02,9,CA
CA2410008,CAL AM - MEADOWBROOK,S,TP103,GW,03,9,CA
CA2410009,CITY OF MERCED,L,91802,GW,2410009802,9,CA
CA2410009,CITY OF MERCED,L,91803,GW,2410009803,9,CA
CA2410009,CITY OF MERCED,L,91804,GW,2410009804,9,CA
CA2410009,CITY OF MERCED,L,91805,GW,2410009805,9,CA
CA2410009,CITY OF MERCED,L,91806,GW,2410009806,9,CA
CA2410009,CITY OF MERCED,L,91807,GW,2410009807,9,CA
CA2410009,CITY OF MERCED,L,91808,GW,2410009808,9,CA
CA2410009,CITY OF MERCED,L,91809,GW,2410009809,9,CA
CA2410009,CITY OF MERCED,L,91810,GW,2410009810,9,CA
CA2410009,CITY OF MERCED,L,91814,GW,2410009814,9,CA
CA2410009,CITY OF MERCED,L,91815,GW,2410009815,9,CA
CA2410009,CITY OF MERCED,L,91816,GW,2410009816,9,CA
CA2410009,CITY OF MERCED,L,91817,GW,2410009817,9,CA
CA2410009,CITY OF MERCED,L,91818,GW,2410009818,9,CA
CA2410009,CITY OF MERCED,L,91820,GW,2410009820,9,CA
CA2410009,CITY OF MERCED,L,91821,GW,2410009821,9,CA
CA2410009,CITY OF MERCED,L,91822,GW,2410009822,9,CA
CA2410009,CITY OF MERCED,L,91823,GW,2410009823,9,CA
CA2410009,CITY OF MERCED,L,91824,GW,2410009824,9,CA
CA2410009,CITY OF MERCED,L,91825,GW,2410009825,9,CA
CA2410009,CITY OF MERCED,L,91826,GW,2410009826,9,CA
CA2410010,WINTON WATER & SANITARY DIST,S,20003,GW,EP1,9,CA
CA2410012,HILMAR COUNTY WATER DISTRICT,S,2410012012,GW,2410012012,9,CA
CA2510001,CITY OF ALTURAS,S,002,GW,002,9,CA
CA2510001,CITY OF ALTURAS,S,003,GW,003,9,CA
CA2510001,CITY OF ALTURAS,S,004,GW,004,9,CA
CA2510001,CITY OF ALTURAS,S,005,GW,005,9,CA
CA2600624,MAMMOTH MOUNTAIN SKI AREA - OUTPOST 14,S,001,GW,001,9,CA
CA2610001,MAMMOTH CWD,S,LMTP,SW,2610001004,9,CA
CA2610001,MAMMOTH CWD,S,GWTP1,GW,2610001010,9,CA
CA2610001,MAMMOTH CWD,S,GWTP2,GW,2610001011,9,CA
CA2610001,MAMMOTH CWD,S,WELL1,GW,2610001013,9,CA
CA2702588,CANADA WOODS WC,S,20001,GU,EP001,9,CA
CA2710001,ALCO WATER SERVICE,L,91001,GW,2710001001,9,CA
CA2710001,ALCO WATER SERVICE,L,91002,GW,2710001002,9,CA
CA2710001,ALCO WATER SERVICE,L,91004,GW,2710001004,9,CA
CA2710001,ALCO WATER SERVICE,L,91007,GW,2710001007,9,CA
CA2710001,ALCO WATER SERVICE,L,91021,GW,2710001021,9,CA
CA2710001,ALCO WATER SERVICE,L,91022,GW,2710001022,9,CA
CA2710004,CAL AM WATER COMPANY - MONTEREY,L,80002,GW,2710004053,9,CA
CA2710004,CAL AM WATER COMPANY - MONTEREY,L,80006,GW,2710004055,9,CA
CA2710004,CAL AM WATER COMPANY - MONTEREY,L,80009,GW,2710004058,9,CA
CA2710004,CAL AM WATER COMPANY - MONTEREY,L,80008,GW,2710004059,9,CA
CA2710004,CAL AM WATER COMPANY - MONTEREY,L,80003,GW,2710004061,9,CA
CA2710004,CAL AM WATER COMPANY - MONTEREY,L,80013,GW,2710004064,9,CA
CA2710004,CAL AM WATER COMPANY - MONTEREY,L,80010,GW,2710004065,9,CA
CA2710004,CAL AM WATER COMPANY - MONTEREY,L,80011,GW,2710004066,9,CA
CA2710004,CAL AM WATER COMPANY - MONTEREY,L,80007,GW,2710004067,9,CA
CA2710004,CAL AM WATER COMPANY - MONTEREY,L,80004,GW,2710004079,9,CA
CA2710004,CAL AM WATER COMPANY - MONTEREY,L,80001,GU,2710004081,9,CA
CA2710004,CAL AM WATER COMPANY - MONTEREY,L,80012,GW,2710004084,9,CA
CA2710005,CASTROVILLE COMMUNITY SERVICES DISTRICT,S,10003,GW,TANK2,9,CA
CA2710005,CASTROVILLE COMMUNITY SERVICES DISTRICT,S,10005,GW,WELL4,9,CA
CA2710007,"GONZALES, CITY OF",S,104,GW,EP004,9,CA
CA2710007,"GONZALES, CITY OF",S,105,GW,EP005,9,CA
CA2710007,"GONZALES, CITY OF",S,106,GW,EP006,9,CA
CA2710007,"GONZALES, CITY OF",S,107,GW,EP007,9,CA
CA2710008,"GREENFIELD, CITY OF",L,91001,GW,2710008001,9,CA
CA2710008,"GREENFIELD, CITY OF",L,91007,GW,2710008007,9,CA
CA2710009,CWSC KING CITY,L,91002,GW,2710009002,9,CA
CA2710009,CWSC KING CITY,L,91003,GW,2710009003,9,CA
CA2710009,CWSC KING CITY,L,91004,GW,2710009004,9,CA
CA2710009,CWSC KING CITY,L,91005,GW,2710009005,9,CA
CA2710009,CWSC KING CITY,L,91006,GW,2710009006,9,CA
CA2710009,CWSC KING CITY,L,91007,GW,2710009007,9,CA
CA2710010,CWSC SALINAS,L,91801,GW,2410009801,9,CA
CA2710010,CWSC SALINAS,L,91814,GW,2710010814,9,CA
CA2710010,CWSC SALINAS,L,91826,GW,2710010826,9,CA
CA2710010,CWSC SALINAS,L,91828,GW,2710010828,9,CA
CA2710010,CWSC SALINAS,L,91834,GW,2710010834,9,CA
CA2710010,CWSC SALINAS,L,91835,GW,2710010835,9,CA
CA2710010,CWSC SALINAS,L,91838,GW,2710010838,9,CA
CA2710010,CWSC SALINAS,L,91846,GW,2710010846,9,CA
CA2710010,CWSC SALINAS,L,91848,GW,2710010848,9,CA
CA2710010,CWSC SALINAS,L,91852,GW,2710010852,9,CA
CA2710010,CWSC SALINAS,L,91854,GW,2710010854,9,CA
CA2710010,CWSC SALINAS,L,91855,GW,2710010855,9,CA
CA2710010,CWSC SALINAS,L,91856,GW,2710010856,9,CA
CA2710010,CWSC SALINAS,L,91857,GW,2710010857,9,CA
CA2710010,CWSC SALINAS,L,91858,GW,2710010858,9,CA
CA2710010,CWSC SALINAS,L,91860,GW,2710010860,9,CA
CA2710010,CWSC SALINAS,L,91861,GW,2710010861,9,CA
CA2710010,CWSC SALINAS,L,91862,GW,2710010862,9,CA
CA2710010,CWSC SALINAS,L,91863,GW,2710010863,9,CA
CA2710011,"SOLEDAD, CITY OF",L,90001,GW,EP001,9,CA
CA2710011,"SOLEDAD, CITY OF",L,90002,GW,EP002,9,CA
CA2710011,"SOLEDAD, CITY OF",L,90003,GW,EP003,9,CA
CA2710011,"SOLEDAD, CITY OF",L,90004,GW,EP004,9,CA
CA2710011,"SOLEDAD, CITY OF",L,90005,GW,EP005,9,CA
CA2710012,CWSC SALINAS HILLS,S,10001,GW,SS001,9,CA
CA2710012,CWSC SALINAS HILLS,S,10002,GW,SS002,9,CA
CA2710012,CWSC SALINAS HILLS,S,10003,GW,SS003,9,CA
CA2710012,CWSC SALINAS HILLS,S,10004,GW,SS004,9,CA
CA2710012,CWSC SALINAS HILLS,S,10005,GW,SS005,9,CA
CA2710012,CWSC SALINAS HILLS,S,10006,GW,SS006,9,CA
CA2710013,CWSC LAS LOMAS,S,10001,GW,SS001,9,CA
CA2710013,CWSC LAS LOMAS,S,10002,GW,SS002,9,CA
CA2710017,MARINA COAST WATER DISTRICT,L,91802,GW,2710017802,9,CA
CA2710017,MARINA COAST WATER DISTRICT,L,91803,GW,2710017803,9,CA
CA2710017,MARINA COAST WATER DISTRICT,L,91804,GW,2710017804,9,CA
CA2710019,CWSC OAK HILLS,S,10001,GW,SS001,9,CA
CA2710019,CWSC OAK HILLS,S,10002,GW,SS002,9,CA
CA2710020,PAJARO COMMUNITY SERVICES DISTRICT,S,10001,GW,EP1,9,CA
CA2710850,CORRECTIONAL TRAINING FACILITY - SOLEDAD,S,20001,GW,EP1,9,CA
CA2710851,SALINAS VALLEY STATE PRISON,S,SVSP4,GW,SS,9,CA
CA2810002,"CALISTOGA, CITY OF",S,10006,SW,EP006,9,CA
CA2810002,"CALISTOGA, CITY OF",S,10009,SW,EP009,9,CA
CA2810003,"NAPA, CITY OF",L,91802,SW,2810003006,9,CA
CA2810003,"NAPA, CITY OF",L,91801,SW,2810003007,9,CA
CA2810004,"ST. HELENA, CITY OF",S,20001,SW,EP001,9,CA
CA2810004,"ST. HELENA, CITY OF",S,20002,GW,EP002,9,CA
CA2810004,"ST. HELENA, CITY OF",S,20003,SW,EP003,9,CA
CA2810005,"AMERICAN CANYON, CITY OF",L,91801,SW,2810005801,9,CA
CA2810007,TOWN OF YOUNTVILLE,S,20001,SW,EP1,9,CA
CA2910001,CITY OF GRASS VALLEY,S,10001,SW,EP1,9,CA
CA2910003,"TRUCKEE-DONNER PUD, MAIN",L,00013,GW,29100030013,9,CA
CA2910003,"TRUCKEE-DONNER PUD, MAIN",L,00014,GW,29100030014,9,CA
CA2910003,"TRUCKEE-DONNER PUD, MAIN",L,00015,GW,29100030015,9,CA
CA2910003,"TRUCKEE-DONNER PUD, MAIN",L,00017,GW,29100030017,9,CA
CA2910003,"TRUCKEE-DONNER PUD, MAIN",L,00020,GW,29100030020,9,CA
CA2910003,"TRUCKEE-DONNER PUD, MAIN",L,00022,GW,29100030022,9,CA
CA2910003,"TRUCKEE-DONNER PUD, MAIN",L,00024,GW,29100030024,9,CA
CA2910003,"TRUCKEE-DONNER PUD, MAIN",L,00026,GW,29100030026,9,CA
CA2910003,"TRUCKEE-DONNER PUD, MAIN",L,00028,GW,29100030028,9,CA
CA2910003,"TRUCKEE-DONNER PUD, MAIN",L,00030,GW,29100030030,9,CA
CA2910004,"NEVADA ID - E. GEORGE, BANNER MOUNTAIN",L,00002,SW,2910004002,9,CA
CA2910006,NEVADA ID - LOMA RICA,L,00002,SW,2910006002,9,CA
CA2910014,NEVADA ID - LAKE OF PINES,S,2910014002,SW,CA2910014002002,9,CA
CA2910023,NEVADA ID - LAKE WILDWOOD,S,20001,SW,EP1,9,CA
CA3010001,CITY OF ANAHEIM,L,91804,GW,3010001804,9,CA
CA3010001,CITY OF ANAHEIM,L,91813,GW,3010001813,9,CA
CA3010001,CITY OF ANAHEIM,L,91815,GW,3010001815,9,CA
CA3010001,CITY OF ANAHEIM,L,91817,SW,3010001817,9,CA
CA3010001,CITY OF ANAHEIM,L,91835,GW,3010001835,9,CA
CA3010001,CITY OF ANAHEIM,L,91838,SW,3010001838,9,CA
CA3010001,CITY OF ANAHEIM,L,91840,SW,3010001840,9,CA
CA3010001,CITY OF ANAHEIM,L,91850,GW,3010001850,9,CA
CA3010001,CITY OF ANAHEIM,L,91851,GW,3010001851,9,CA
CA3010001,CITY OF ANAHEIM,L,91852,GW,3010001852,9,CA
CA3010001,CITY OF ANAHEIM,L,91853,GW,3010001853,9,CA
CA3010001,CITY OF ANAHEIM,L,91854,GW,3010001854,9,CA
CA3010001,CITY OF ANAHEIM,L,91855,GW,3010001855,9,CA
CA3010001,CITY OF ANAHEIM,L,91856,GW,3010001856,9,CA
CA3010001,CITY OF ANAHEIM,L,91857,GW,3010001857,9,CA
CA3010001,CITY OF ANAHEIM,L,91858,GW,3010001858,9,CA
CA3010001,CITY OF ANAHEIM,L,91872,SW,3010001872,9,CA
CA3010002,CITY OF BREA,L,3010002,GW,3010002001,9,CA
CA3010002,CITY OF BREA,L,2,SW,EP2,9,CA
CA3010002,CITY OF BREA,L,3,SW,EP3,9,CA
CA3010003,CITY OF BUENA PARK,L,91802,GW,3010003802,9,CA
CA3010003,CITY OF BUENA PARK,L,91807,GW,3010003807,9,CA
CA3010003,CITY OF BUENA PARK,L,91808,GW,3010003808,9,CA
CA3010003,CITY OF BUENA PARK,L,91809,GW,3010003809,9,CA
CA3010003,CITY OF BUENA PARK,L,91810,GW,3010003810,9,CA
CA3010003,CITY OF BUENA PARK,L,91811,SW,3010003811,9,CA
CA3010003,CITY OF BUENA PARK,L,91815,GW,3010003815,9,CA
CA3010003,CITY OF BUENA PARK,L,91816,GW,3010003816,9,CA
CA3010003,CITY OF BUENA PARK,L,91817,GW,3010003817,9,CA
CA3010004,MESA  WATER DISTRICT,L,91812,GW,3010004812,9,CA
CA3010004,MESA  WATER DISTRICT,L,91813,GW,3010004813,9,CA
CA3010004,MESA  WATER DISTRICT,L,91822,GW,3010004822,9,CA
CA3010004,MESA  WATER DISTRICT,L,91823,SW,3010004823,9,CA
CA3010004,MESA  WATER DISTRICT,L,91824,GW,3010004824,9,CA
CA3010004,MESA  WATER DISTRICT,L,91830,GW,3010004830,9,CA
CA3010004,MESA  WATER DISTRICT,L,91831,GW,3010004831,9,CA
CA3010004,MESA  WATER DISTRICT,L,91832,GW,3010004832,9,CA
CA3010010,CITY OF FULLERTON,L,91803,GW,3010010803,9,CA
CA3010010,CITY OF FULLERTON,L,91805,GW,3010010805,9,CA
CA3010010,CITY OF FULLERTON,L,91806,GW,3010010806,9,CA
CA3010010,CITY OF FULLERTON,L,91810,SW,3010010810,9,CA
CA3010010,CITY OF FULLERTON,L,91811,SW,3010010811,9,CA
CA3010010,CITY OF FULLERTON,L,91812,GW,3010010812,9,CA
CA3010010,CITY OF FULLERTON,L,91813,GW,3010010813,9,CA
CA3010017,LAGUNA BEACH COUNTY WD,L,00005,SW,00005,9,CA
CA3010017,LAGUNA BEACH COUNTY WD,L,00002,SW,3010017002,9,CA
CA3010018,CITY OF LA HABRA,L,90001,GW,3010018001,9,CA
CA3010018,CITY OF LA HABRA,L,00008,SW,3010018008,9,CA
CA3010022,GOLDEN STATE WC - WEST ORANGE COUNTY,L,91802,GW,3010022802,9,CA
CA3010022,GOLDEN STATE WC - WEST ORANGE COUNTY,L,91804,GW,3010022804,9,CA
CA3010022,GOLDEN STATE WC - WEST ORANGE COUNTY,L,91805,GW,3010022805,9,CA
CA3010022,GOLDEN STATE WC - WEST ORANGE COUNTY,L,91808,GW,3010022808,9,CA
CA3010022,GOLDEN STATE WC - WEST ORANGE COUNTY,L,91809,GW,3010022809,9,CA
CA3010022,GOLDEN STATE WC - WEST ORANGE COUNTY,L,91810,GW,3010022810,9,CA
CA3010022,GOLDEN STATE WC - WEST ORANGE COUNTY,L,91811,GW,3010022811,9,CA
CA3010022,GOLDEN STATE WC - WEST ORANGE COUNTY,L,91813,GW,3010022813,9,CA
CA3010022,GOLDEN STATE WC - WEST ORANGE COUNTY,L,91815,GW,3010022815,9,CA
CA3010022,GOLDEN STATE WC - WEST ORANGE COUNTY,L,91817,GW,3010022817,9,CA
CA3010022,GOLDEN STATE WC - WEST ORANGE COUNTY,L,91822,GW,3010022822,9,CA
CA3010022,GOLDEN STATE WC - WEST ORANGE COUNTY,L,91824,SW,3010022824,9,CA
CA3010023,CITY OF NEWPORT BEACH,L,91802,GW,3010023802,9,CA
CA3010023,CITY OF NEWPORT BEACH,L,91803,SW,3010023803,9,CA
CA3010027,CITY OF ORANGE,L,91817,GW,3010027817,9,CA
CA3010027,CITY OF ORANGE,L,91824,SW,3010027824,9,CA
CA3010027,CITY OF ORANGE,L,91825,GW,3010027825,9,CA
CA3010027,CITY OF ORANGE,L,91826,SW,3010027826,9,CA
CA3010027,CITY OF ORANGE,L,91827,SW,3010027827,9,CA
CA3010027,CITY OF ORANGE,L,91829,GW,3010027829,9,CA
CA3010027,CITY OF ORANGE,L,91851,SW,3010027851,9,CA
CA3010027,CITY OF ORANGE,L,91852,GW,3010027852,9,CA
CA3010027,CITY OF ORANGE,L,91853,GW,3010027853,9,CA
CA3010027,CITY OF ORANGE,L,91854,GW,3010027854,9,CA
CA3010027,CITY OF ORANGE,L,91855,GW,3010027855,9,CA
CA3010030,CITY OF SAN JUAN CAPISTRANO,L,91803,GW,3010030803,9,CA
CA3010030,CITY OF SAN JUAN CAPISTRANO,L,91804,SW,3010030804,9,CA
CA3010030,CITY OF SAN JUAN CAPISTRANO,L,91805,SW,3010030805,9,CA
CA3010035,GOLDEN STATE WC - PLACENTIA/YORBA LINDA,L,91802,GW,3010035802,9,CA
CA3010035,GOLDEN STATE WC - PLACENTIA/YORBA LINDA,L,91805,GW,3010035805,9,CA
CA3010035,GOLDEN STATE WC - PLACENTIA/YORBA LINDA,L,91807,SW,3010035807,9,CA
CA3010035,GOLDEN STATE WC - PLACENTIA/YORBA LINDA,L,91810,GW,3010035810,9,CA
CA3010036,CITY OF SAN CLEMENTE,L,00007,SW,3010036007,9,CA
CA3010036,CITY OF SAN CLEMENTE,L,99003,SW,3010036994,9,CA
CA3010037,YORBA LINDA WATER DISTRICT,L,91806,SW,3010037806,9,CA
CA3010037,YORBA LINDA WATER DISTRICT,L,91830,SW,3010037830,9,CA
CA3010037,YORBA LINDA WATER DISTRICT,L,91831,GW,3010037831,9,CA
CA3010038,CITY OF SANTA ANA,L,91804,GW,3010038804,9,CA
CA3010038,CITY OF SANTA ANA,L,91806,GW,3010038806,9,CA
CA3010038,CITY OF SANTA ANA,L,91813,GW,3010038813,9,CA
CA3010038,CITY OF SANTA ANA,L,91814,GW,3010038814,9,CA
CA3010038,CITY OF SANTA ANA,L,91817,GW,3010038817,9,CA
CA3010038,CITY OF SANTA ANA,L,91820,GW,3010038820,9,CA
CA3010038,CITY OF SANTA ANA,L,91823,GW,3010038823,9,CA
CA3010038,CITY OF SANTA ANA,L,91824,GW,3010038824,9,CA
CA3010038,CITY OF SANTA ANA,L,91825,SW,3010038825,9,CA
CA3010038,CITY OF SANTA ANA,L,91834,SW,3010038834,9,CA
CA3010038,CITY OF SANTA ANA,L,91836,GW,3010038836,9,CA
CA3010038,CITY OF SANTA ANA,L,91837,GW,3010038837,9,CA
CA3010041,CITY OF SEAL BEACH,L,91802,GW,3010041802,9,CA
CA3010041,CITY OF SEAL BEACH,L,91804,GW,3010041804,9,CA
CA3010041,CITY OF SEAL BEACH,L,91805,SW,3010041805,9,CA
CA3010041,CITY OF SEAL BEACH,L,91806,GW,3010041806,9,CA
CA3010042,SOUTH COAST WATER DISTRICT,L,00001,SW,3010042001,9,CA
CA3010042,SOUTH COAST WATER DISTRICT,L,3010042,GW,3010042205205,9,CA
CA3010042,SOUTH COAST WATER DISTRICT,L,00003,GW,C08,9,CA
CA3010046,CITY OF TUSTIN,L,91807,GW,3010046807,9,CA
CA3010046,CITY OF TUSTIN,L,91812,SW,3010046812,9,CA
CA3010046,CITY OF TUSTIN,L,91817,GW,3010046817,9,CA
CA3010046,CITY OF TUSTIN,L,91837,SW,3010046837,9,CA
CA3010046,CITY OF TUSTIN,L,91838,GW,3010046838,9,CA
CA3010047,GOLDEN STATE WC - COWAN HEIGHTS,S,10001,SW,EP001,9,CA
CA3010047,GOLDEN STATE WC - COWAN HEIGHTS,S,10002,GW,EP002,9,CA
CA3010053,CITY OF HUNTINGTON BEACH,L,91802,GW,3010053802,9,CA
CA3010053,CITY OF HUNTINGTON BEACH,L,91803,GW,3010053803,9,CA
CA3010053,CITY OF HUNTINGTON BEACH,L,91804,GW,3010053804,9,CA
CA3010053,CITY OF HUNTINGTON BEACH,L,91805,GW,3010053805,9,CA
CA3010053,CITY OF HUNTINGTON BEACH,L,91806,GW,3010053806,9,CA
CA3010053,CITY OF HUNTINGTON BEACH,L,91807,GW,3010053807,9,CA
CA3010053,CITY OF HUNTINGTON BEACH,L,91808,GW,3010053808,9,CA
CA3010053,CITY OF HUNTINGTON BEACH,L,91809,GW,3010053809,9,CA
CA3010053,CITY OF HUNTINGTON BEACH,L,91815,SW,3010053815,9,CA
CA3010053,CITY OF HUNTINGTON BEACH,L,91820,GW,3010053820,9,CA
CA3010062,CITY OF GARDEN GROVE,L,91802,GW,3010062802,9,CA
CA3010062,CITY OF GARDEN GROVE,L,91803,GW,3010062803,9,CA
CA3010062,CITY OF GARDEN GROVE,L,91806,GW,3010062806,9,CA
CA3010062,CITY OF GARDEN GROVE,L,91814,GW,3010062814,9,CA
CA3010062,CITY OF GARDEN GROVE,L,91815,GW,3010062815,9,CA
CA3010062,CITY OF GARDEN GROVE,L,91816,SW,3010062816,9,CA
CA3010062,CITY OF GARDEN GROVE,L,91821,SW,3010062821,9,CA
CA3010062,CITY OF GARDEN GROVE,L,91822,GW,3010062822,9,CA
CA3010062,CITY OF GARDEN GROVE,L,91823,GW,3010062823,9,CA
CA3010062,CITY OF GARDEN GROVE,L,91824,GW,3010062824,9,CA
CA3010062,CITY OF GARDEN GROVE,L,91825,GW,3010062825,9,CA
CA3010064,CITY OF WESTMINSTER,L,91803,GW,3010064803,9,CA
CA3010064,CITY OF WESTMINSTER,L,91804,GW,3010064804,9,CA
CA3010064,CITY OF WESTMINSTER,L,91805,GW,3010064805,9,CA
CA3010064,CITY OF WESTMINSTER,L,91806,GW,3010064806,9,CA
CA3010064,CITY OF WESTMINSTER,L,91811,GW,3010064811,9,CA
CA3010064,CITY OF WESTMINSTER,L,91813,GW,3010064813,9,CA
CA3010064,CITY OF WESTMINSTER,L,91814,GW,3010064814,9,CA
CA3010064,CITY OF WESTMINSTER,L,91815,GW,3010064815,9,CA
CA3010064,CITY OF WESTMINSTER,L,91816,SW,3010064816,9,CA
CA3010064,CITY OF WESTMINSTER,L,91819,GW,3010064819,9,CA
CA3010069,CITY OF FOUNTAIN VALLEY,L,91802,GW,3010069802,9,CA
CA3010069,CITY OF FOUNTAIN VALLEY,L,91803,GW,3010069803,9,CA
CA3010069,CITY OF FOUNTAIN VALLEY,L,91804,GW,3010069804,9,CA
CA3010069,CITY OF FOUNTAIN VALLEY,L,91805,GW,3010069805,9,CA
CA3010069,CITY OF FOUNTAIN VALLEY,L,91808,GW,3010069808,9,CA
CA3010069,CITY OF FOUNTAIN VALLEY,L,91810,SW,3010069810,9,CA
CA3010069,CITY OF FOUNTAIN VALLEY,L,91811,GW,3010069811,9,CA
CA3010073,MOULTON NIGUEL WATER DISTRICT,L,00002,SW,3010073002,9,CA
CA3010079,EL TORO WATER DISTRICT,L,00001,SW,3010079001,9,CA
CA3010079,EL TORO WATER DISTRICT,L,00002,SW,3010079002,9,CA
CA3010079,EL TORO WATER DISTRICT,L,00003,SW,3010079003,9,CA
CA3010079,EL TORO WATER DISTRICT,L,00004,SW,3010079004,9,CA
CA3010082,SERRANO WATER DISTRICT,S,20001,MX,EP001,9,CA
CA3010082,SERRANO WATER DISTRICT,S,20002,GW,EP002,9,CA
CA3010092,IRVINE RANCH WATER DISTRICT,L,11101,SW,3010092039,9,CA
CA3010092,IRVINE RANCH WATER DISTRICT,L,11004,SW,3010092085,9,CA
CA3010092,IRVINE RANCH WATER DISTRICT,L,91802,GW,3010092802,9,CA
CA3010092,IRVINE RANCH WATER DISTRICT,L,91809,GW,3010092809,9,CA
CA3010092,IRVINE RANCH WATER DISTRICT,L,91817,SW,3010092817,9,CA
CA3010092,IRVINE RANCH WATER DISTRICT,L,91818,GW,3010092818,9,CA
CA3010092,IRVINE RANCH WATER DISTRICT,L,91820,GW,3010092820,9,CA
CA3010092,IRVINE RANCH WATER DISTRICT,L,91858,SW,3010092858,9,CA
CA3010094,TRABUCO CANYON WATER DISTRICT,L,91801,SW,3010094801,9,CA
CA3010094,TRABUCO CANYON WATER DISTRICT,L,91804,GU,3010094804,9,CA
CA3010100,CITY OF LA PALMA,L,91802,GW,3010100802,9,CA
CA3010100,CITY OF LA PALMA,L,91803,GW,3010100803,9,CA
CA3010100,CITY OF LA PALMA,L,91804,SW,3010100804,9,CA
CA3010101,SANTA MARGARITA WATER DISTRICT,L,00003,SW,3010101003,9,CA
CA3010101,SANTA MARGARITA WATER DISTRICT,L,00004,SW,CA3010101004,9,CA
CA3103294,SQUAW VALLEY 8200 WATER SYSTEM,S,10001,GW,EP1,9,CA
CA3110001,NORTH TAHOE PUD - MAIN,S,3110001,MX,3100011C,9,CA
CA3110001,NORTH TAHOE PUD - MAIN,S,3110001005,MX,31100011C,9,CA
CA3110003,FORESTHILL PUBLIC UTILITY DIST,S,10004,SW,EP004,9,CA
CA3110004,CITY OF LINCOLN,L,00001,SW,3110004001,9,CA
CA3110004,CITY OF LINCOLN,L,90001,GW,3110004901,9,CA
CA3110004,CITY OF LINCOLN,L,90002,GW,902,9,CA
CA3110005,PLACER CWA - AUBURN/BOWMAN,L,91804,SW,3110005002,9,CA
CA3110005,PLACER CWA - AUBURN/BOWMAN,L,91803,SW,3110005004,9,CA
CA3110008,CITY OF ROSEVILLE,L,91800,SW,3110008801,9,CA
CA3110008,CITY OF ROSEVILLE,L,91802,GW,3110008802,9,CA
CA3110008,CITY OF ROSEVILLE,L,91805,GW,3110008805,9,CA
CA3110008,CITY OF ROSEVILLE,L,91807,GW,3110008807,9,CA
CA3110008,CITY OF ROSEVILLE,L,91808,GW,3110008808,9,CA
CA3110008,CITY OF ROSEVILLE,L,91809,GW,3110008809,9,CA
CA3110008,CITY OF ROSEVILLE,L,91812,GW,3110008812,9,CA
CA3110008,CITY OF ROSEVILLE,L,91818,GW,3110008818,9,CA
CA3110009,MEADOW VISTA CWD,S,CA3110009,SW,EP01,9,CA
CA3110010,TAHOE CITY PUD - MAIN,S,20001,GW,EP001,9,CA
CA3110010,TAHOE CITY PUD - MAIN,S,20002,GW,EP002,9,CA
CA3110010,TAHOE CITY PUD - MAIN,S,20003,GW,EP003,9,CA
CA3110010,TAHOE CITY PUD - MAIN,S,20004,GW,EP004,9,CA
CA3110010,TAHOE CITY PUD - MAIN,S,20005,GW,EP005,9,CA
CA3110025,PLACER CWA - FOOTHILL,L,91804,SW,3110025002,9,CA
CA3110026,NEVADA ID - NORTH AUBURN,S,3110026,SW,1,9,CA
CA3110028,NORTHSTAR C.S.D.,S,20001,GU,EP001,9,CA
CA3110150,CALAM - WEST PLACER,S,20002,SW,EP002,9,CA
CA3210004,AMERICAN VALLEY CSD,S,1,GW,1,9,CA
CA3210004,AMERICAN VALLEY CSD,S,13,GW,13,9,CA
CA3210004,AMERICAN VALLEY CSD,S,14,GW,14,9,CA
CA3210004,AMERICAN VALLEY CSD,S,15,GW,15,9,CA
CA3210004,AMERICAN VALLEY CSD,S,16,GW,16,9,CA
CA3210004,AMERICAN VALLEY CSD,S,17,GW,17,9,CA
CA3210004,AMERICAN VALLEY CSD,S,18,GW,18,9,CA
CA3210004,AMERICAN VALLEY CSD,S,19,GW,19,9,CA
CA3210004,AMERICAN VALLEY CSD,S,7,GW,2,9,CA
CA3210004,AMERICAN VALLEY CSD,S,4,GW,4,9,CA
CA3210004,AMERICAN VALLEY CSD,S,8,GW,8,9,CA
CA3210006,LAKE ALMANOR COUNTRY CLUB MWC,S,20001,GW,EP001,9,CA
CA3210006,LAKE ALMANOR COUNTRY CLUB MWC,S,20002,GW,EP002,9,CA
CA3210006,LAKE ALMANOR COUNTRY CLUB MWC,S,20003,GW,EP003,9,CA
CA3210006,LAKE ALMANOR COUNTRY CLUB MWC,S,20004,GW,EP004,9,CA
CA3210006,LAKE ALMANOR COUNTRY CLUB MWC,S,20005,GW,EP005,9,CA
CA3310001,COACHELLA VWD: COVE COMMUNITY,L,91806,GW,3310001806,9,CA
CA3310001,COACHELLA VWD: COVE COMMUNITY,L,91808,GW,3310001808,9,CA
CA3310001,COACHELLA VWD: COVE COMMUNITY,L,91817,GW,3310001817,9,CA
CA3310001,COACHELLA VWD: COVE COMMUNITY,L,91818,GW,3310001818,9,CA
CA3310001,COACHELLA VWD: COVE COMMUNITY,L,91820,GW,3310001820,9,CA
CA3310001,COACHELLA VWD: COVE COMMUNITY,L,91825,GW,3310001825,9,CA
CA3310001,COACHELLA VWD: COVE COMMUNITY,L,91827,GW,3310001827,9,CA
CA3310001,COACHELLA VWD: COVE COMMUNITY,L,91838,GW,3310001838,9,CA
CA3310001,COACHELLA VWD: COVE COMMUNITY,L,91840,GW,3310001840,9,CA
CA3310001,COACHELLA VWD: COVE COMMUNITY,L,91841,GW,3310001841,9,CA
CA3310001,COACHELLA VWD: COVE COMMUNITY,L,91843,GW,3310001843,9,CA
CA3310001,COACHELLA VWD: COVE COMMUNITY,L,91845,GW,3310001845,9,CA
CA3310001,COACHELLA VWD: COVE COMMUNITY,L,91846,GW,3310001846,9,CA
CA3310001,COACHELLA VWD: COVE COMMUNITY,L,91847,GW,3310001847,9,CA
CA3310001,COACHELLA VWD: COVE COMMUNITY,L,91848,GW,3310001848,9,CA
CA3310001,COACHELLA VWD: COVE COMMUNITY,L,91851,GW,3310001851,9,CA
CA3310001,COACHELLA VWD: COVE COMMUNITY,L,91852,GW,3310001852,9,CA
CA3310001,COACHELLA VWD: COVE COMMUNITY,L,91853,GW,3310001853,9,CA
CA3310001,COACHELLA VWD: COVE COMMUNITY,L,91854,GW,3310001854,9,CA
CA3310001,COACHELLA VWD: COVE COMMUNITY,L,91855,GW,3310001855,9,CA
CA3310002,BEAUMONT CHERRY VALLEY WD,L,91003,GW,3310002003,9,CA
CA3310002,BEAUMONT CHERRY VALLEY WD,L,91005,GW,3310002005,9,CA
CA3310002,BEAUMONT CHERRY VALLEY WD,L,91007,GW,3310002007,9,CA
CA3310002,BEAUMONT CHERRY VALLEY WD,L,91017,GW,3310002017,9,CA
CA3310002,BEAUMONT CHERRY VALLEY WD,L,91022,GW,3310002022,9,CA
CA3310002,BEAUMONT CHERRY VALLEY WD,L,91023,GW,3310002023,9,CA
CA3310002,BEAUMONT CHERRY VALLEY WD,L,91025,GW,3310002025,9,CA
CA3310002,BEAUMONT CHERRY VALLEY WD,L,91026,GW,3310002026,9,CA
CA3310002,BEAUMONT CHERRY VALLEY WD,L,91027,GW,3310002027,9,CA
CA3310002,BEAUMONT CHERRY VALLEY WD,L,91029,GW,3310002029,9,CA
CA3310003,BLYTHE - CITY OF,S,20001,GW,EP001,9,CA
CA3310003,BLYTHE - CITY OF,S,20002,GW,EP002,9,CA
CA3310003,BLYTHE - CITY OF,S,20003,GW,EP003,9,CA
CA3310005,DESERT WATER AGENCY,L,91019,GW,3310005019,9,CA
CA3310005,DESERT WATER AGENCY,L,91023,GW,3310005025,9,CA
CA3310005,DESERT WATER AGENCY,L,91029,GW,3310005031,9,CA
CA3310005,DESERT WATER AGENCY,L,91035,GW,3310005039,9,CA
CA3310005,DESERT WATER AGENCY,L,91036,GW,3310005040,9,CA
CA3310005,DESERT WATER AGENCY,L,91042,SW,3310005042,9,CA
CA3310005,DESERT WATER AGENCY,L,91037,GW,3310005043,9,CA
CA3310005,DESERT WATER AGENCY,L,91039,GW,3310005045,9,CA
CA3310005,DESERT WATER AGENCY,L,91063,SW,3310005063,9,CA
CA3310006,"BANNING, CITY OF",L,91001,GW,3310006001,9,CA
CA3310006,"BANNING, CITY OF",L,91002,GW,3310006002,9,CA
CA3310006,"BANNING, CITY OF",L,91003,GW,3310006003,9,CA
CA3310006,"BANNING, CITY OF",L,91004,GW,3310006004,9,CA
CA3310006,"BANNING, CITY OF",L,91014,GW,3310006014,9,CA
CA3310006,"BANNING, CITY OF",L,91015,GW,3310006015,9,CA
CA3310006,"BANNING, CITY OF",L,91016,GW,3310006016,9,CA
CA3310006,"BANNING, CITY OF",L,91017,GW,3310006017,9,CA
CA3310006,"BANNING, CITY OF",L,91018,GW,3310006018,9,CA
CA3310006,"BANNING, CITY OF",L,91021,GW,3310006021,9,CA
CA3310006,"BANNING, CITY OF",L,91027,GW,3310006027,9,CA
CA3310006,"BANNING, CITY OF",L,91029,GW,3310006029,9,CA
CA3310007,COACHELLA WATER AUTHORITY,L,20001,GW,EP1,9,CA
CA3310007,COACHELLA WATER AUTHORITY,L,20002,GW,EP2,9,CA
CA3310007,COACHELLA WATER AUTHORITY,L,20003,GW,EP3,9,CA
CA3310007,COACHELLA WATER AUTHORITY,L,20004,GW,EP4,9,CA
CA3310007,COACHELLA WATER AUTHORITY,L,20005,GW,EP5,9,CA
CA3310007,COACHELLA WATER AUTHORITY,L,20006,GW,EP6,9,CA
CA3310008,MISSION SPRINGS WD,L,51025,GW,EP128,9,CA
CA3310008,MISSION SPRINGS WD,L,51801,GW,EP132,9,CA
CA3310008,MISSION SPRINGS WD,L,51808,GW,EP138,9,CA
CA3310008,MISSION SPRINGS WD,L,51804,GW,EP144,9,CA
CA3310008,MISSION SPRINGS WD,L,51810,GW,EP147,9,CA
CA3310008,MISSION SPRINGS WD,L,51803,GW,EP876,9,CA
CA3310008,MISSION SPRINGS WD,L,51806,GW,EP890,9,CA
CA3310009,EASTERN MUNICIPAL WD,L,91002,GW,3310009002,9,CA
CA3310009,EASTERN MUNICIPAL WD,L,91003,GW,3310009003,9,CA
CA3310009,EASTERN MUNICIPAL WD,L,91004,GW,3310009004,9,CA
CA3310009,EASTERN MUNICIPAL WD,L,91800,GW,3310009800,9,CA
CA3310009,EASTERN MUNICIPAL WD,L,91802,GW,3310009802,9,CA
CA3310009,EASTERN MUNICIPAL WD,L,91807,SW,3310009807,9,CA
CA3310009,EASTERN MUNICIPAL WD,L,91808,GW,3310009808,9,CA
CA3310009,EASTERN MUNICIPAL WD,L,91809,SW,3310009809,9,CA
CA3310009,EASTERN MUNICIPAL WD,L,91812,GW,3310009812,9,CA
CA3310009,EASTERN MUNICIPAL WD,L,91820,GW,3310009820,9,CA
CA3310009,EASTERN MUNICIPAL WD,L,91821,SW,3310009821,9,CA
CA3310009,EASTERN MUNICIPAL WD,L,91822,SW,3310009822,9,CA
CA3310009,EASTERN MUNICIPAL WD,L,91823,GW,3310009823,9,CA
CA3310009,EASTERN MUNICIPAL WD,L,91824,GW,3310009824,9,CA
CA3310012,ELSINORE VALLEY MWD,L,90005,MX,3310012033033,9,CA
CA3310012,ELSINORE VALLEY MWD,L,90003,GW,3310012040040,9,CA
CA3310012,ELSINORE VALLEY MWD,L,90001,GW,3310012041041,9,CA
CA3310012,ELSINORE VALLEY MWD,L,90004,SW,3310012043043,9,CA
CA3310012,ELSINORE VALLEY MWD,L,90810,GW,3310012048048,9,CA
CA3310012,ELSINORE VALLEY MWD,L,90006,MX,3310012064064,9,CA
CA3310012,ELSINORE VALLEY MWD,L,90007,GW,3310012065065,9,CA
CA3310012,ELSINORE VALLEY MWD,L,91802,MX,3310012072072,9,CA
CA3310016,"HEMET, CITY OF",L,91820,GW,331001620,9,CA
CA3310016,"HEMET, CITY OF",L,91812,GW,3310016812,9,CA
CA3310016,"HEMET, CITY OF",L,91816,GW,3310016816,9,CA
CA3310017,SOUTH MESA WC,S,SMWC4,GW,3310017003003,9,CA
CA3310017,SOUTH MESA WC,S,SMWC5,GW,3310017004004,9,CA
CA3310017,SOUTH MESA WC,S,SMWC7,GW,3310017006006,9,CA
CA3310017,SOUTH MESA WC,S,SMWC9,GW,3310017008008,9,CA
CA3310017,SOUTH MESA WC,S,SMWC11,GW,3310017009009,9,CA
CA3310017,SOUTH MESA WC,S,SMWC12,GW,3310017010010,9,CA
CA3310017,SOUTH MESA WC,S,SMWC16,GW,3310017013013,9,CA
CA3310017,SOUTH MESA WC,S,SMWC17,GW,3310017022022,9,CA
CA3310020,INDIO WATER AUTHORITY,L,90001,GW,331002001,9,CA
CA3310020,INDIO WATER AUTHORITY,L,90002,GW,331002002,9,CA
CA3310020,INDIO WATER AUTHORITY,L,90003,GW,331002003,9,CA
CA3310020,INDIO WATER AUTHORITY,L,90004,GW,331002004,9,CA
CA3310020,INDIO WATER AUTHORITY,L,90005,GW,331002005,9,CA
CA3310020,INDIO WATER AUTHORITY,L,90006,GW,331002006,9,CA
CA3310020,INDIO WATER AUTHORITY,L,90007,GW,331002007,9,CA
CA3310020,INDIO WATER AUTHORITY,L,90008,GW,331002008,9,CA
CA3310020,INDIO WATER AUTHORITY,L,90009,GW,331002009,9,CA
CA3310020,INDIO WATER AUTHORITY,L,90010,GW,331002010,9,CA
CA3310020,INDIO WATER AUTHORITY,L,90011,GW,331002011,9,CA
CA3310020,INDIO WATER AUTHORITY,L,90012,GW,331002012,9,CA
CA3310020,INDIO WATER AUTHORITY,L,90013,GW,331002013,9,CA
CA3310021,JURUPA COMMUNITY SD,L,91805,GW,3310021005,9,CA
CA3310021,JURUPA COMMUNITY SD,L,91801,GW,3310021801,9,CA
CA3310021,JURUPA COMMUNITY SD,L,91802,GW,3310021802,9,CA
CA3310021,JURUPA COMMUNITY SD,L,91808,GW,3310021808,9,CA
CA3310021,JURUPA COMMUNITY SD,L,91809,GW,3310021809,9,CA
CA3310021,JURUPA COMMUNITY SD,L,91813,GW,3310021813,9,CA
CA3310021,JURUPA COMMUNITY SD,L,91814,GW,3310021814,9,CA
CA3310021,JURUPA COMMUNITY SD,L,91815,SW,3310021815,9,CA
CA3310022,LAKE HEMET MWD,L,91803,GW,3310022803,9,CA
CA3310022,LAKE HEMET MWD,L,91804,GW,3310022804,9,CA
CA3310022,LAKE HEMET MWD,L,91805,GW,3310022805,9,CA
CA3310022,LAKE HEMET MWD,L,91807,GW,3310022807,9,CA
CA3310022,LAKE HEMET MWD,L,91809,GW,3310022809,9,CA
CA3310022,LAKE HEMET MWD,L,91810,GW,3310022810,9,CA
CA3310022,LAKE HEMET MWD,L,91811,GW,3310022811,9,CA
CA3310022,LAKE HEMET MWD,L,91812,GW,3310022812,9,CA
CA3310022,LAKE HEMET MWD,L,91813,GW,3310022813,9,CA
CA3310022,LAKE HEMET MWD,L,91816,GW,3310022816,9,CA
CA3310025,"NORCO, CITY OF",L,90001,GW,3310025001,9,CA
CA3310025,"NORCO, CITY OF",L,90002,GW,3310025002,9,CA
CA3310025,"NORCO, CITY OF",L,00014,SW,3310025014,9,CA
CA3310025,"NORCO, CITY OF",L,91001,GW,3310025101,9,CA
CA3310025,"NORCO, CITY OF",L,91002,GW,3310025102,9,CA
CA3310025,"NORCO, CITY OF",L,031,GW,331025031,9,CA
CA3310026,NUEVO WATER COMPANY,S,20001,SW,EP1,9,CA
CA3310028,RIVERSIDE CSA #122-MESA VERDE,S,101,GW,EP101,9,CA
CA3310029,"PERRIS, CITY OF",S,20001,SW,EP1,9,CA
CA3310031,"RIVERSIDE, CITY OF",L,91107,GU,3310031107,9,CA
CA3310032,"SAN JACINTO, CITY OF",L,00008,GW,3310032008,9,CA
CA3310032,"SAN JACINTO, CITY OF",L,00009,GW,3310032009,9,CA
CA3310032,"SAN JACINTO, CITY OF",L,00010,GW,3310032010,9,CA
CA3310033,SANTA ANA RIVER WATER COMPANY,S,001,GW,4BELOWOFF,9,CA
CA3310036,WESTERN MWD - MURRIETA DIVISION,L,20001,GW,EP1,9,CA
CA3310036,WESTERN MWD - MURRIETA DIVISION,L,20002,GW,EP2,9,CA
CA3310036,WESTERN MWD - MURRIETA DIVISION,L,20003,SW,EP3,9,CA
CA3310037,"CORONA, CITY OF",L,91820,GW,3310037113,9,CA
CA3310037,"CORONA, CITY OF",L,91816,SW,3310037114,9,CA
CA3310037,"CORONA, CITY OF",L,91817,MX,3310037118,9,CA
CA3310037,"CORONA, CITY OF",L,91818,MX,3310037119,9,CA
CA3310037,"CORONA, CITY OF",L,91819,MX,3310037120,9,CA
CA3310037,"CORONA, CITY OF",L,91821,GW,3310037121,9,CA
CA3310037,"CORONA, CITY OF",L,91823,GW,3310037123,9,CA
CA3310037,"CORONA, CITY OF",L,91801,MX,3310037801,9,CA
CA3310037,"CORONA, CITY OF",L,91804,MX,3310037804,9,CA
CA3310037,"CORONA, CITY OF",L,91805,MX,3310037805,9,CA
CA3310037,"CORONA, CITY OF",L,91806,MX,3310037806,9,CA
CA3310037,"CORONA, CITY OF",L,91807,SW,3310037807,9,CA
CA3310037,"CORONA, CITY OF",L,91808,MX,3310037808,9,CA
CA3310037,"CORONA, CITY OF",L,91813,MX,3310037813,9,CA
CA3310037,"CORONA, CITY OF",L,91815,MX,3310037815,9,CA
CA3310038,RANCHO CALIFORNIA WATER DISTRICT,L,38090,GW,99001,9,CA
CA3310038,RANCHO CALIFORNIA WATER DISTRICT,L,38012,GW,99095,9,CA
CA3310038,RANCHO CALIFORNIA WATER DISTRICT,L,38015,GW,99109,9,CA
CA3310038,RANCHO CALIFORNIA WATER DISTRICT,L,38016,GW,99110,9,CA
CA3310038,RANCHO CALIFORNIA WATER DISTRICT,L,38018,GW,99113,9,CA
CA3310038,RANCHO CALIFORNIA WATER DISTRICT,L,38024,GW,99119,9,CA
CA3310038,RANCHO CALIFORNIA WATER DISTRICT,L,38025,GW,99120,9,CA
CA3310038,RANCHO CALIFORNIA WATER DISTRICT,L,38027,GW,99122,9,CA
CA3310038,RANCHO CALIFORNIA WATER DISTRICT,L,38028,GW,99123,9,CA
CA3310038,RANCHO CALIFORNIA WATER DISTRICT,L,38029,GW,99124,9,CA
CA3310038,RANCHO CALIFORNIA WATER DISTRICT,L,38031,GW,99126,9,CA
CA3310038,RANCHO CALIFORNIA WATER DISTRICT,L,38034,GW,99130,9,CA
CA3310038,RANCHO CALIFORNIA WATER DISTRICT,L,38035,GW,99131,9,CA
CA3310038,RANCHO CALIFORNIA WATER DISTRICT,L,38036,GW,99132,9,CA
CA3310038,RANCHO CALIFORNIA WATER DISTRICT,L,38037,GW,99133,9,CA
CA3310038,RANCHO CALIFORNIA WATER DISTRICT,L,38041,GW,99138,9,CA
CA3310038,RANCHO CALIFORNIA WATER DISTRICT,L,38043,GW,99140,9,CA
CA3310038,RANCHO CALIFORNIA WATER DISTRICT,L,38044,GW,99141,9,CA
CA3310038,RANCHO CALIFORNIA WATER DISTRICT,L,38045,GW,99143,9,CA
CA3310038,RANCHO CALIFORNIA WATER DISTRICT,L,38047,GW,99145,9,CA
CA3310038,RANCHO CALIFORNIA WATER DISTRICT,L,38048,GW,99149,9,CA
CA3310038,RANCHO CALIFORNIA WATER DISTRICT,L,38200,GW,99200,9,CA
CA3310038,RANCHO CALIFORNIA WATER DISTRICT,L,38201,GW,99201,9,CA
CA3310038,RANCHO CALIFORNIA WATER DISTRICT,L,38051,GW,99203,9,CA
CA3310038,RANCHO CALIFORNIA WATER DISTRICT,L,38065,GW,99217,9,CA
CA3310038,RANCHO CALIFORNIA WATER DISTRICT,L,38071,GW,99232,9,CA
CA3310038,RANCHO CALIFORNIA WATER DISTRICT,L,38017,GW,99233,9,CA
CA3310038,RANCHO CALIFORNIA WATER DISTRICT,L,38040,GW,99235,9,CA
CA3310038,RANCHO CALIFORNIA WATER DISTRICT,L,38307,SW,99307,9,CA
CA3310038,RANCHO CALIFORNIA WATER DISTRICT,L,38308,GW,99308,9,CA
CA3310038,RANCHO CALIFORNIA WATER DISTRICT,L,38038,GW,99309,9,CA
CA3310038,RANCHO CALIFORNIA WATER DISTRICT,L,39000,GW,EP102,9,CA
CA3310038,RANCHO CALIFORNIA WATER DISTRICT,L,39001,GW,EP151,9,CA
CA3310038,RANCHO CALIFORNIA WATER DISTRICT,L,39002,GW,EP156,9,CA
CA3310038,RANCHO CALIFORNIA WATER DISTRICT,L,39004,GW,EP177,9,CA
CA3310038,RANCHO CALIFORNIA WATER DISTRICT,L,39005,GW,EP211,9,CA
CA3310038,RANCHO CALIFORNIA WATER DISTRICT,L,39006,GW,EP240,9,CA
CA3310044,RUBIDOUX COMMUNITY SD,L,91801,GW,3310044801,9,CA
CA3310044,RUBIDOUX COMMUNITY SD,L,91803,GW,3310044803,9,CA
CA3310046,FARM MUTUAL W.C. (THE),S,20001,SW,EP1,9,CA
CA3310048,COACHELLA VWD: I.D. NO. 8,S,10001,GW,EP1,9,CA
CA3310048,COACHELLA VWD: I.D. NO. 8,S,10002,GW,EP2,9,CA
CA3310048,COACHELLA VWD: I.D. NO. 8,S,10003,GW,EP3,9,CA
CA3310048,COACHELLA VWD: I.D. NO. 8,S,10004,GW,EP4,9,CA
CA3310049,WESTERN MWD,L,00001,SW,3310049001,9,CA
CA3310049,WESTERN MWD,L,00002,MX,3310049002,9,CA
CA3310049,WESTERN MWD,L,00003,MX,3310049003,9,CA
CA3310051,MYOMA DUNES MUTUAL WATER COMPANY,S,10001,GW,EP013,9,CA
CA3310051,MYOMA DUNES MUTUAL WATER COMPANY,S,10002,GW,EP014,9,CA
CA3310051,MYOMA DUNES MUTUAL WATER COMPANY,S,10003,GW,EP015,9,CA
CA3310051,MYOMA DUNES MUTUAL WATER COMPANY,S,10004,GW,EP016,9,CA
CA3310051,MYOMA DUNES MUTUAL WATER COMPANY,S,10005,GW,EP017,9,CA
CA3310074,TEMESCAL VALLEY WATER DISTRICT,L,00001,SW,3310074001,9,CA
CA3310082,NORTH PERRIS WATER SYSTEM,S,10001,GW,EP001,9,CA
CA3310800,CALIFORNIA REHABILITATION CENTER - NORCO,S,20001,GW,EP1,9,CA
CA3310802,CHUCKAWALLA VALLEY STATE PRISON,S,10001,GW,EP001,9,CA
CA3400139,SACRAMENTO INTERNATIONAL AIRPORT [SWS],S,20001,SW,EP001,9,CA
CA3410001,SACRAMENTO SUBURBAN WATER DISTRICT,L,90060,SW,3410001060,9,CA
CA3410001,SACRAMENTO SUBURBAN WATER DISTRICT,L,90062,GW,3410001062,9,CA
CA3410001,SACRAMENTO SUBURBAN WATER DISTRICT,L,81891,GW,3410001149,9,CA
CA3410001,SACRAMENTO SUBURBAN WATER DISTRICT,L,81889,GW,3410001151,9,CA
CA3410001,SACRAMENTO SUBURBAN WATER DISTRICT,L,81888,GW,3410001152,9,CA
CA3410001,SACRAMENTO SUBURBAN WATER DISTRICT,L,81907,GW,3410001155,9,CA
CA3410001,SACRAMENTO SUBURBAN WATER DISTRICT,L,81875,GW,3410001165,9,CA
CA3410001,SACRAMENTO SUBURBAN WATER DISTRICT,L,81874,GW,3410001166,9,CA
CA3410001,SACRAMENTO SUBURBAN WATER DISTRICT,L,81873,GW,3410001167,9,CA
CA3410001,SACRAMENTO SUBURBAN WATER DISTRICT,L,81872,GW,3410001168,9,CA
CA3410001,SACRAMENTO SUBURBAN WATER DISTRICT,L,81871,GW,3410001169,9,CA
CA3410001,SACRAMENTO SUBURBAN WATER DISTRICT,L,81866,GW,3410001174,9,CA
CA3410001,SACRAMENTO SUBURBAN WATER DISTRICT,L,81864,GW,3410001176,9,CA
CA3410001,SACRAMENTO SUBURBAN WATER DISTRICT,L,81908,GW,3410001179,9,CA
CA3410001,SACRAMENTO SUBURBAN WATER DISTRICT,L,81858,GW,3410001182,9,CA
CA3410001,SACRAMENTO SUBURBAN WATER DISTRICT,L,81909,GW,3410001183,9,CA
CA3410001,SACRAMENTO SUBURBAN WATER DISTRICT,L,81910,GW,3410001184,9,CA
CA3410001,SACRAMENTO SUBURBAN WATER DISTRICT,L,81911,GW,3410001188,9,CA
CA3410001,SACRAMENTO SUBURBAN WATER DISTRICT,L,81851,GW,3410001189,9,CA
CA3410001,SACRAMENTO SUBURBAN WATER DISTRICT,L,81850,GW,3410001190,9,CA
CA3410001,SACRAMENTO SUBURBAN WATER DISTRICT,L,81849,GW,3410001191,9,CA
CA3410001,SACRAMENTO SUBURBAN WATER DISTRICT,L,81912,GW,3410001192,9,CA
CA3410001,SACRAMENTO SUBURBAN WATER DISTRICT,L,81913,GW,3410001194,9,CA
CA3410001,SACRAMENTO SUBURBAN WATER DISTRICT,L,81845,GW,3410001195,9,CA
CA3410001,SACRAMENTO SUBURBAN WATER DISTRICT,L,81844,GW,3410001196,9,CA
CA3410001,SACRAMENTO SUBURBAN WATER DISTRICT,L,81843,GW,3410001197,9,CA
CA3410001,SACRAMENTO SUBURBAN WATER DISTRICT,L,81842,GW,3410001198,9,CA
CA3410001,SACRAMENTO SUBURBAN WATER DISTRICT,L,81840,GW,3410001200,9,CA
CA3410001,SACRAMENTO SUBURBAN WATER DISTRICT,L,81897,GW,3410001201,9,CA
CA3410001,SACRAMENTO SUBURBAN WATER DISTRICT,L,81838,GW,3410001202,9,CA
CA3410001,SACRAMENTO SUBURBAN WATER DISTRICT,L,81899,GW,3410001205,9,CA
CA3410001,SACRAMENTO SUBURBAN WATER DISTRICT,L,81900,GW,3410001206,9,CA
CA3410001,SACRAMENTO SUBURBAN WATER DISTRICT,L,81833,GW,3410001207,9,CA
CA3410001,SACRAMENTO SUBURBAN WATER DISTRICT,L,81832,GW,3410001208,9,CA
CA3410001,SACRAMENTO SUBURBAN WATER DISTRICT,L,81830,GW,3410001210,9,CA
CA3410001,SACRAMENTO SUBURBAN WATER DISTRICT,L,81828,GW,3410001212,9,CA
CA3410001,SACRAMENTO SUBURBAN WATER DISTRICT,L,81826,GW,3410001214,9,CA
CA3410001,SACRAMENTO SUBURBAN WATER DISTRICT,L,81901,GW,3410001215,9,CA
CA3410001,SACRAMENTO SUBURBAN WATER DISTRICT,L,81824,GW,3410001216,9,CA
CA3410001,SACRAMENTO SUBURBAN WATER DISTRICT,L,81902,GW,3410001218,9,CA
CA3410001,SACRAMENTO SUBURBAN WATER DISTRICT,L,81821,GW,3410001219,9,CA
CA3410001,SACRAMENTO SUBURBAN WATER DISTRICT,L,81903,GW,3410001221,9,CA
CA3410001,SACRAMENTO SUBURBAN WATER DISTRICT,L,81818,GW,3410001222,9,CA
CA3410001,SACRAMENTO SUBURBAN WATER DISTRICT,L,81904,GW,3410001223,9,CA
CA3410001,SACRAMENTO SUBURBAN WATER DISTRICT,L,81816,GW,3410001224,9,CA
CA3410001,SACRAMENTO SUBURBAN WATER DISTRICT,L,81815,GW,3410001225,9,CA
CA3410001,SACRAMENTO SUBURBAN WATER DISTRICT,L,81810,GW,3410001230,9,CA
CA3410001,SACRAMENTO SUBURBAN WATER DISTRICT,L,81805,GW,3410001235,9,CA
CA3410001,SACRAMENTO SUBURBAN WATER DISTRICT,L,81895,GW,3410001237,9,CA
CA3410001,SACRAMENTO SUBURBAN WATER DISTRICT,L,81802,GW,3410001238,9,CA
CA3410001,SACRAMENTO SUBURBAN WATER DISTRICT,L,81894,GW,3410001239,9,CA
CA3410001,SACRAMENTO SUBURBAN WATER DISTRICT,L,81905,GW,3410001241,9,CA
CA3410001,SACRAMENTO SUBURBAN WATER DISTRICT,L,81893,GW,3410001246,9,CA
CA3410001,SACRAMENTO SUBURBAN WATER DISTRICT,L,81906,GW,3410001249,9,CA
CA3410001,SACRAMENTO SUBURBAN WATER DISTRICT,L,81898,GW,3410001251,9,CA
CA3410001,SACRAMENTO SUBURBAN WATER DISTRICT,L,81916,GW,3410001261,9,CA
CA3410001,SACRAMENTO SUBURBAN WATER DISTRICT,L,81896,GW,3410001263,9,CA
CA3410001,SACRAMENTO SUBURBAN WATER DISTRICT,L,90061,SW,3410001908,9,CA
CA3410002,SCWA - ARDEN PARK VISTA,L,90001,GW,EP001,9,CA
CA3410002,SCWA - ARDEN PARK VISTA,L,90002,GW,EP002,9,CA
CA3410002,SCWA - ARDEN PARK VISTA,L,90003,GW,EP003,9,CA
CA3410002,SCWA - ARDEN PARK VISTA,L,90004,GW,EP004,9,CA
CA3410002,SCWA - ARDEN PARK VISTA,L,90005,GW,EP005,9,CA
CA3410002,SCWA - ARDEN PARK VISTA,L,90006,GW,EP006,9,CA
CA3410002,SCWA - ARDEN PARK VISTA,L,90007,GW,EP007,9,CA
CA3410002,SCWA - ARDEN PARK VISTA,L,90008,GW,EP008,9,CA
CA3410002,SCWA - ARDEN PARK VISTA,L,90009,GW,EP009,9,CA
CA3410002,SCWA - ARDEN PARK VISTA,L,90010,GW,EP010,9,CA
CA3410003,GOLDEN STATE WATER CO - ARDEN WATER SERV,S,10001,GW,EP1,9,CA
CA3410003,GOLDEN STATE WATER CO - ARDEN WATER SERV,S,10002,GW,EP2,9,CA
CA3410003,GOLDEN STATE WATER CO - ARDEN WATER SERV,S,10003,GW,EP3,9,CA
CA3410003,GOLDEN STATE WATER CO - ARDEN WATER SERV,S,10004,GW,EP4,9,CA
CA3410003,GOLDEN STATE WATER CO - ARDEN WATER SERV,S,10005,GW,EP5,9,CA
CA3410003,GOLDEN STATE WATER CO - ARDEN WATER SERV,S,10006,GW,EP6,9,CA
CA3410004,CARMICHAEL WATER DISTRICT,L,91805,GW,3410004006,9,CA
CA3410004,CARMICHAEL WATER DISTRICT,L,91804,GW,3410004009,9,CA
CA3410004,CARMICHAEL WATER DISTRICT,L,91807,GW,3410004016,9,CA
CA3410004,CARMICHAEL WATER DISTRICT,L,91806,GW,3410004020,9,CA
CA3410004,CARMICHAEL WATER DISTRICT,L,91803,GW,3410004021,9,CA
CA3410004,CARMICHAEL WATER DISTRICT,L,91802,SW,3410004802,9,CA
CA3410005,RANCHO MURIETA COMMUNITY SERVI,S,CA34100051,SW,CA34100051,9,CA
CA3410005,RANCHO MURIETA COMMUNITY SERVI,S,CA34100052,SW,CA34100052,9,CA
CA3410006,CITRUS HEIGHTS WATER DISTRICT,L,95001,SW,3410006009,9,CA
CA3410006,CITRUS HEIGHTS WATER DISTRICT,L,90004,GW,341000611,9,CA
CA3410006,CITRUS HEIGHTS WATER DISTRICT,L,90005,GW,341000615,9,CA
CA3410006,CITRUS HEIGHTS WATER DISTRICT,L,90006,GW,341000617,9,CA
CA3410006,CITRUS HEIGHTS WATER DISTRICT,L,90002,GW,34100068,9,CA
CA3410007,DEL PASO MANOR COUNTY WATER DI,S,341007004,GW,EP001,9,CA
CA3410007,DEL PASO MANOR COUNTY WATER DI,S,3410007005,GW,EP002,9,CA
CA3410007,DEL PASO MANOR COUNTY WATER DI,S,3410007017,GW,EP003,9,CA
CA3410007,DEL PASO MANOR COUNTY WATER DI,S,3410007015,GW,EP004,9,CA
CA3410008,ELK GROVE WATER SERVICE,L,90028,GW,3410008000,9,CA
CA3410008,ELK GROVE WATER SERVICE,L,90008,GW,3410008008,9,CA
CA3410008,ELK GROVE WATER SERVICE,L,90012,GW,3410008012,9,CA
CA3410008,ELK GROVE WATER SERVICE,L,90014,GW,3410008014,9,CA
CA3410008,ELK GROVE WATER SERVICE,L,91801,GW,3410008801,9,CA
CA3410009,FAIR OAKS WATER DISTRICT,L,91010,GW,3410009010,9,CA
CA3410009,FAIR OAKS WATER DISTRICT,L,91012,SW,3410009012,9,CA
CA3410009,FAIR OAKS WATER DISTRICT,L,91013,GW,3410009013,9,CA
CA3410009,FAIR OAKS WATER DISTRICT,L,91021,GW,3410009021,9,CA
CA3410010,Cal Am - Suburban Rosemont,L,91801,GW,3410010801,9,CA
CA3410010,Cal Am - Suburban Rosemont,L,91805,GW,3410010805,9,CA
CA3410010,Cal Am - Suburban Rosemont,L,91809,GW,3410010809,9,CA
CA3410010,Cal Am - Suburban Rosemont,L,91810,GW,3410010810,9,CA
CA3410010,Cal Am - Suburban Rosemont,L,91811,GW,3410010811,9,CA
CA3410010,Cal Am - Suburban Rosemont,L,91812,GW,3410010812,9,CA
CA3410010,Cal Am - Suburban Rosemont,L,91814,GW,3410010814,9,CA
CA3410010,Cal Am - Suburban Rosemont,L,91815,GW,3410010815,9,CA
CA3410010,Cal Am - Suburban Rosemont,L,91818,GW,3410010818,9,CA
CA3410010,Cal Am - Suburban Rosemont,L,91819,GW,3410010819,9,CA
CA3410010,Cal Am - Suburban Rosemont,L,91820,GW,3410010820,9,CA
CA3410010,Cal Am - Suburban Rosemont,L,91821,GW,3410010821,9,CA
CA3410010,Cal Am - Suburban Rosemont,L,91822,GW,3410010822,9,CA
CA3410010,Cal Am - Suburban Rosemont,L,91826,GW,3410010826,9,CA
CA3410010,Cal Am - Suburban Rosemont,L,91827,GW,3410010827,9,CA
CA3410010,Cal Am - Suburban Rosemont,L,91828,GW,3410010828,9,CA
CA3410010,Cal Am - Suburban Rosemont,L,91830,GW,3410010830,9,CA
CA3410010,Cal Am - Suburban Rosemont,L,91831,GW,3410010831,9,CA
CA3410010,Cal Am - Suburban Rosemont,L,91832,GW,3410010832,9,CA
CA3410010,Cal Am - Suburban Rosemont,L,90001,SW,CA3410010001,9,CA
CA3410011,"GALT, CITY OF",L,91813,GW,3410011813,9,CA
CA3410011,"GALT, CITY OF",L,91814,GW,3410011814,9,CA
CA3410011,"GALT, CITY OF",L,91815,GW,3410011815,9,CA
CA3410013,CALAM - LINCOLN OAKS,L,00037,SW,3410013037,9,CA
CA3410013,CALAM - LINCOLN OAKS,L,91801,GW,3410013801,9,CA
CA3410013,CALAM - LINCOLN OAKS,L,91802,GW,3410013802,9,CA
CA3410013,CALAM - LINCOLN OAKS,L,91803,GW,3410013803,9,CA
CA3410013,CALAM - LINCOLN OAKS,L,91804,GW,3410013804,9,CA
CA3410013,CALAM - LINCOLN OAKS,L,91805,GW,3410013805,9,CA
CA3410013,CALAM - LINCOLN OAKS,L,91806,GW,3410013806,9,CA
CA3410013,CALAM - LINCOLN OAKS,L,91809,GW,3410013809,9,CA
CA3410013,CALAM - LINCOLN OAKS,L,91811,GW,3410013811,9,CA
CA3410013,CALAM - LINCOLN OAKS,L,91813,GW,3410013813,9,CA
CA3410013,CALAM - LINCOLN OAKS,L,91814,GW,3410013814,9,CA
CA3410013,CALAM - LINCOLN OAKS,L,91818,GW,3410013818,9,CA
CA3410013,CALAM - LINCOLN OAKS,L,91819,GW,3410013819,9,CA
CA3410013,CALAM - LINCOLN OAKS,L,91820,GW,3410013820,9,CA
CA3410013,CALAM - LINCOLN OAKS,L,91821,GW,3410013821,9,CA
CA3410013,CALAM - LINCOLN OAKS,L,91822,GW,3410013822,9,CA
CA3410013,CALAM - LINCOLN OAKS,L,91823,GW,3410013823,9,CA
CA3410013,CALAM - LINCOLN OAKS,L,91826,GW,3410013826,9,CA
CA3410013,CALAM - LINCOLN OAKS,L,91828,GW,3410013828,9,CA
CA3410013,CALAM - LINCOLN OAKS,L,91829,GW,3410013829,9,CA
CA3410014,"FOLSOM, CITY OF - MAIN",L,91801,SW,3410014801,9,CA
CA3410015,GOLDEN STATE WATER CO. - CORDOVA,L,91805,MX,3410015805,9,CA
CA3410015,GOLDEN STATE WATER CO. - CORDOVA,L,91810,GW,3410015810,9,CA
CA3410015,GOLDEN STATE WATER CO. - CORDOVA,L,91811,GW,3410015811,9,CA
CA3410015,GOLDEN STATE WATER CO. - CORDOVA,L,91812,GW,3410015812,9,CA
CA3410015,GOLDEN STATE WATER CO. - CORDOVA,L,91813,GW,3410015813,9,CA
CA3410015,GOLDEN STATE WATER CO. - CORDOVA,L,91814,GW,3410015814,9,CA
CA3410015,GOLDEN STATE WATER CO. - CORDOVA,L,91815,GW,3410015815,9,CA
CA3410015,GOLDEN STATE WATER CO. - CORDOVA,L,91816,SW,3410015816,9,CA
CA3410016,ORANGE VALE WATER COMPANY,L,00003,SW,3410016003,9,CA
CA3410017,CALAM - PARKWAY,L,00031,SW,3410017031,9,CA
CA3410017,CALAM - PARKWAY,L,91801,GW,3410017801,9,CA
CA3410017,CALAM - PARKWAY,L,91803,GW,3410017803,9,CA
CA3410017,CALAM - PARKWAY,L,91804,GW,3410017804,9,CA
CA3410017,CALAM - PARKWAY,L,91805,GW,3410017805,9,CA
CA3410017,CALAM - PARKWAY,L,91806,GW,3410017806,9,CA
CA3410017,CALAM - PARKWAY,L,91808,GW,3410017808,9,CA
CA3410017,CALAM - PARKWAY,L,91809,GW,3410017809,9,CA
CA3410017,CALAM - PARKWAY,L,91810,GW,3410017810,9,CA
CA3410018,RIO LINDA/ELVERTA COMMUNITY WATER DIST,L,91801,GW,3410018801,9,CA
CA3410018,RIO LINDA/ELVERTA COMMUNITY WATER DIST,L,91802,GW,3410018802,9,CA
CA3410018,RIO LINDA/ELVERTA COMMUNITY WATER DIST,L,91803,GW,3410018803,9,CA
CA3410018,RIO LINDA/ELVERTA COMMUNITY WATER DIST,L,91804,GW,3410018804,9,CA
CA3410018,RIO LINDA/ELVERTA COMMUNITY WATER DIST,L,91805,GW,3410018805,9,CA
CA3410018,RIO LINDA/ELVERTA COMMUNITY WATER DIST,L,91806,GW,3410018806,9,CA
CA3410018,RIO LINDA/ELVERTA COMMUNITY WATER DIST,L,91807,GW,3410018807,9,CA
CA3410018,RIO LINDA/ELVERTA COMMUNITY WATER DIST,L,91808,GW,3410018808,9,CA
CA3410018,RIO LINDA/ELVERTA COMMUNITY WATER DIST,L,91809,GW,3410018809,9,CA
CA3410018,RIO LINDA/ELVERTA COMMUNITY WATER DIST,L,91810,GW,3410018810,9,CA
CA3410018,RIO LINDA/ELVERTA COMMUNITY WATER DIST,L,91811,GW,3410018811,9,CA
CA3410018,RIO LINDA/ELVERTA COMMUNITY WATER DIST,L,91812,GW,3410018812,9,CA
CA3410020,CITY OF SACRAMENTO MAIN,L,91845,GW,3410020045,9,CA
CA3410020,CITY OF SACRAMENTO MAIN,L,91801,SW,3410020801,9,CA
CA3410020,CITY OF SACRAMENTO MAIN,L,91802,SW,3410020802,9,CA
CA3410020,CITY OF SACRAMENTO MAIN,L,91804,GW,3410020804,9,CA
CA3410020,CITY OF SACRAMENTO MAIN,L,91808,GW,3410020808,9,CA
CA3410020,CITY OF SACRAMENTO MAIN,L,91815,GW,3410020815,9,CA
CA3410020,CITY OF SACRAMENTO MAIN,L,91817,GW,3410020817,9,CA
CA3410020,CITY OF SACRAMENTO MAIN,L,91822,GW,3410020822,9,CA
CA3410020,CITY OF SACRAMENTO MAIN,L,91825,GW,3410020825,9,CA
CA3410020,CITY OF SACRAMENTO MAIN,L,91826,GW,3410020826,9,CA
CA3410020,CITY OF SACRAMENTO MAIN,L,91830,GW,3410020830,9,CA
CA3410020,CITY OF SACRAMENTO MAIN,L,91832,GW,3410020832,9,CA
CA3410020,CITY OF SACRAMENTO MAIN,L,91834,GW,3410020834,9,CA
CA3410021,SAN JUAN WATER DISTRICT,L,91802,SW,3410021001,9,CA
CA3410022,OLYMPIA MOBILODGE,S,01,GW,01,9,CA
CA3410023,Cal Am - Fruitridge Vista,L,91003,GW,3410023003,9,CA
CA3410023,Cal Am - Fruitridge Vista,L,91004,GW,3410023004,9,CA
CA3410023,Cal Am - Fruitridge Vista,L,91005,GW,3410023005,9,CA
CA3410023,Cal Am - Fruitridge Vista,L,91007,GW,3410023007,9,CA
CA3410023,Cal Am - Fruitridge Vista,L,91021,GW,3410023014,9,CA
CA3410023,Cal Am - Fruitridge Vista,L,91016,GW,3410023016,9,CA
CA3410023,Cal Am - Fruitridge Vista,L,91017,GW,3410023017,9,CA
CA3410023,Cal Am - Fruitridge Vista,L,91018,GW,3410023018,9,CA
CA3410023,Cal Am - Fruitridge Vista,L,91036,SW,3410023036,9,CA
CA3410026,CALIFORNIA STATE FAIR,S,10002,GW,CA3410026002,9,CA
CA3410026,CALIFORNIA STATE FAIR,S,10003,GW,CA3410026003,9,CA
CA3410026,CALIFORNIA STATE FAIR,S,10004,GW,CA3410026004,9,CA
CA3410026,CALIFORNIA STATE FAIR,S,10001,GW,EP1,9,CA
CA3410029,SCWA - LAGUNA/VINEYARD,L,00096,SW,3410029096,9,CA
CA3410029,SCWA - LAGUNA/VINEYARD,L,91801,GW,3410029801,9,CA
CA3410029,SCWA - LAGUNA/VINEYARD,L,91802,GW,3410029802,9,CA
CA3410029,SCWA - LAGUNA/VINEYARD,L,91803,GW,3410029803,9,CA
CA3410029,SCWA - LAGUNA/VINEYARD,L,91806,GW,3410029806,9,CA
CA3410029,SCWA - LAGUNA/VINEYARD,L,91810,GW,3410029810,9,CA
CA3410029,SCWA - LAGUNA/VINEYARD,L,91811,GW,3410029811,9,CA
CA3410029,SCWA - LAGUNA/VINEYARD,L,91812,GW,3410029812,9,CA
CA3410029,SCWA - LAGUNA/VINEYARD,L,91813,GW,3410029813,9,CA
CA3410029,SCWA - LAGUNA/VINEYARD,L,91814,GW,3410029814,9,CA
CA3410029,SCWA - LAGUNA/VINEYARD,L,91815,GW,3410029815,9,CA
CA3410029,SCWA - LAGUNA/VINEYARD,L,91816,GW,3410029816,9,CA
CA3410029,SCWA - LAGUNA/VINEYARD,L,91817,GW,3410029817,9,CA
CA3410029,SCWA - LAGUNA/VINEYARD,L,91818,GW,3410029818,9,CA
CA3410029,SCWA - LAGUNA/VINEYARD,L,91819,GW,3410029819,9,CA
CA3410029,SCWA - LAGUNA/VINEYARD,L,91820,GW,3410029820,9,CA
CA3410029,SCWA - LAGUNA/VINEYARD,L,91821,GW,3410029821,9,CA
CA3410029,SCWA - LAGUNA/VINEYARD,L,91822,GW,3410029822,9,CA
CA3410029,SCWA - LAGUNA/VINEYARD,L,91825,GW,3410029825,9,CA
CA3410030,"FOLSOM, CITY OF - ASHLAND",S,10001,SW,EP1,9,CA
CA3410031,CALAM - ANTELOPE,L,00023,SW,3410031023,9,CA
CA3410031,CALAM - ANTELOPE,L,91038,GW,3410031038,9,CA
CA3410031,CALAM - ANTELOPE,L,91801,GW,3410031801,9,CA
CA3410031,CALAM - ANTELOPE,L,91802,GW,3410031802,9,CA
CA3410031,CALAM - ANTELOPE,L,91803,GW,3410031803,9,CA
CA3410031,CALAM - ANTELOPE,L,91804,GW,3410031804,9,CA
CA3410031,CALAM - ANTELOPE,L,91805,GW,3410031805,9,CA
CA3410031,CALAM - ANTELOPE,L,91812,GW,3410031812,9,CA
CA3410031,CALAM - ANTELOPE,L,91813,GW,3410031813,9,CA
CA3410031,CALAM - ANTELOPE,L,91814,GW,3410031814,9,CA
CA3410031,CALAM - ANTELOPE,L,91815,GW,3410031815,9,CA
CA3410031,CALAM - ANTELOPE,L,91816,GW,3410031816,9,CA
CA3410031,CALAM - ANTELOPE,L,91818,GW,3410031818,9,CA
CA3410031,CALAM - ANTELOPE,L,91819,SW,3410031819,9,CA
CA3410031,CALAM - ANTELOPE,L,91820,GW,3410031820,9,CA
CA3410032,FOLSOM STATE PRISON,S,10001,SW,EP1,9,CA
CA3410033,FLORIN COUNTY WATER DISTRICT,S,10011,GW,EP11,9,CA
CA3410033,FLORIN COUNTY WATER DISTRICT,S,10013,GW,EP13,9,CA
CA3410033,FLORIN COUNTY WATER DISTRICT,S,10014,GW,EP14,9,CA
CA3410033,FLORIN COUNTY WATER DISTRICT,S,10015,GW,EP15,9,CA
CA3410033,FLORIN COUNTY WATER DISTRICT,S,10016,GW,EP16,9,CA
CA3410033,FLORIN COUNTY WATER DISTRICT,S,10017,GW,EP17,9,CA
CA3410033,FLORIN COUNTY WATER DISTRICT,S,10018,GW,EP18,9,CA
CA3410033,FLORIN COUNTY WATER DISTRICT,S,10019,GW,EP19,9,CA
CA3410033,FLORIN COUNTY WATER DISTRICT,S,10020,GW,EP20,9,CA
CA3410033,FLORIN COUNTY WATER DISTRICT,S,10021,GW,EP21,9,CA
CA3410045,CALAM - ARDEN,S,10001,SW,EP001,9,CA
CA3410045,CALAM - ARDEN,S,10002,GW,EP002,9,CA
CA3410045,CALAM - ARDEN,S,10003,GW,EP003,9,CA
CA3410045,CALAM - ARDEN,S,10004,GW,EP004,9,CA
CA3410045,CALAM - ARDEN,S,10005,GW,EP005,9,CA
CA3410045,CALAM - ARDEN,S,10006,GW,EP006,9,CA
CA3410704,SCWA MATHER-SUNRISE,L,00008,GW,3410704008,9,CA
CA3410704,SCWA MATHER-SUNRISE,L,00019,GW,3410704019,9,CA
CA3410704,SCWA MATHER-SUNRISE,L,00096,SW,3410704096,9,CA
CA3500505,THOUSAND TRAILS SAN BENITO PRESERVE,S,200001,GW,EP001,9,CA
CA3500505,THOUSAND TRAILS SAN BENITO PRESERVE,S,200002,GW,EP002,9,CA
CA3500571,SAN BENITO HIGH SCHOOL,S,10001,GW,EP1,9,CA
CA3510001,"HOLLISTER, CITY OF",L,90001,SW,3510001001,9,CA
CA3510001,"HOLLISTER, CITY OF",L,00018,SW,3510001018,9,CA
CA3510001,"HOLLISTER, CITY OF",L,91801,MX,3510001801,9,CA
CA3510001,"HOLLISTER, CITY OF",L,91802,MX,3510001802,9,CA
CA3510001,"HOLLISTER, CITY OF",L,91803,MX,3510001803,9,CA
CA3510001,"HOLLISTER, CITY OF",L,91806,GW,3510001806,9,CA
CA3510003,SUNNYSLOPE COUNTY WATER DIST,L,91806,SW,3510003014,9,CA
CA3510003,SUNNYSLOPE COUNTY WATER DIST,L,91808,SW,3510003019,9,CA
CA3510003,SUNNYSLOPE COUNTY WATER DIST,L,91802,GW,3510003802,9,CA
CA3510003,SUNNYSLOPE COUNTY WATER DIST,L,91803,GW,3510003803,9,CA
CA3510003,SUNNYSLOPE COUNTY WATER DIST,L,91804,GW,3510003804,9,CA
CA3510003,SUNNYSLOPE COUNTY WATER DIST,L,91805,GW,3510003805,9,CA
CA3510003,SUNNYSLOPE COUNTY WATER DIST,L,91807,GW,3510003807,9,CA
CA3600025,BAR-LEN MWC,S,20001,GW,EP001,9,CA
CA3600108,GLEN HELEN WATER SYSTEM,S,10001,GW,EP1,9,CA
CA3600108,GLEN HELEN WATER SYSTEM,S,10002,GW,EP2,9,CA
CA3600108,GLEN HELEN WATER SYSTEM,S,10003,GW,EP3,9,CA
CA3600108,GLEN HELEN WATER SYSTEM,S,10004,GW,EP4,9,CA
CA3600108,GLEN HELEN WATER SYSTEM,S,10005,GW,EP5,9,CA
CA3600114,CSA 70 W-3 HACIENDA,S,CA360011401,GW,01,9,CA
CA3600114,CSA 70 W-3 HACIENDA,S,CA360011402,GW,02,9,CA
CA3600152,LOMA LINDA UNIVERSITY,S,20001,GW,EP001,9,CA
CA3600152,LOMA LINDA UNIVERSITY,S,20002,GW,EP002,9,CA
CA3600152,LOMA LINDA UNIVERSITY,S,20003,GW,EP003,9,CA
CA3600200,RANCHERITOS MWC,S,TP101,GW,01,9,CA
CA3600200,RANCHERITOS MWC,S,TP102,GW,02,9,CA
CA3600200,RANCHERITOS MWC,S,TP103,GW,03,9,CA
CA3610001,"ADELANTO, CITY OF",L,3610001B1,GW,3610001B1,9,CA
CA3610001,"ADELANTO, CITY OF",L,3610001TO7,GW,3610001TO7,9,CA
CA3610003,LIBERTY UTILITIES (AV RANCHOS) CORP.,L,91808,GW,3610003008,9,CA
CA3610003,LIBERTY UTILITIES (AV RANCHOS) CORP.,L,91026,GW,3610003026,9,CA
CA3610003,LIBERTY UTILITIES (AV RANCHOS) CORP.,L,91038,GW,3610003038,9,CA
CA3610003,LIBERTY UTILITIES (AV RANCHOS) CORP.,L,91801,GW,3610003801,9,CA
CA3610003,LIBERTY UTILITIES (AV RANCHOS) CORP.,L,91802,GW,3610003802,9,CA
CA3610003,LIBERTY UTILITIES (AV RANCHOS) CORP.,L,91806,GW,3610003806,9,CA
CA3610003,LIBERTY UTILITIES (AV RANCHOS) CORP.,L,91810,GW,3610003810,9,CA
CA3610003,LIBERTY UTILITIES (AV RANCHOS) CORP.,L,91816,GW,3610003811,9,CA
CA3610003,LIBERTY UTILITIES (AV RANCHOS) CORP.,L,91817,GW,3610003817,9,CA
CA3610003,LIBERTY UTILITIES (AV RANCHOS) CORP.,L,91819,GW,3610003819,9,CA
CA3610004,WEST VALLEY WATER DISTRICT,L,91828,GW,3610004001,9,CA
CA3610004,WEST VALLEY WATER DISTRICT,L,91808,GW,3610004018,9,CA
CA3610004,WEST VALLEY WATER DISTRICT,L,91809,GW,3610004024,9,CA
CA3610004,WEST VALLEY WATER DISTRICT,L,91827,GW,3610004031,9,CA
CA3610004,WEST VALLEY WATER DISTRICT,L,91824,GW,3610004032,9,CA
CA3610004,WEST VALLEY WATER DISTRICT,L,91805,SW,3610004036,9,CA
CA3610004,WEST VALLEY WATER DISTRICT,L,91807,GW,3610004042,9,CA
CA3610004,WEST VALLEY WATER DISTRICT,L,91801,GW,3610004045,9,CA
CA3610004,WEST VALLEY WATER DISTRICT,L,91812,GW,3610004812,9,CA
CA3610005,LAKE ARROWHEAD CSD,S,10002,MX,EP002,9,CA
CA3610005,LAKE ARROWHEAD CSD,S,10004,SW,EP004,9,CA
CA3610008,BIG BEAR CITY CSD,L,00006,GW,EP0006,9,CA
CA3610008,BIG BEAR CITY CSD,L,00001,GW,EP001,9,CA
CA3610008,BIG BEAR CITY CSD,L,00002,GU,EP002,9,CA
CA3610008,BIG BEAR CITY CSD,L,00003,GW,EP003,9,CA
CA3610008,BIG BEAR CITY CSD,L,00015,GW,EP015,9,CA
CA3610012,"CHINO, CITY OF",L,00014,SW,3610012014,9,CA
CA3610012,"CHINO, CITY OF",L,00015,GW,3610012015,9,CA
CA3610012,"CHINO, CITY OF",L,07537,GW,3610012028,9,CA
CA3610012,"CHINO, CITY OF",L,11840,GW,3610012030,9,CA
CA3610012,"CHINO, CITY OF",L,92001,MX,3610012201,9,CA
CA3610012,"CHINO, CITY OF",L,92002,MX,3610012202,9,CA
CA3610012,"CHINO, CITY OF",L,92003,SW,3610012203,9,CA
CA3610012,"CHINO, CITY OF",L,92004,GW,3610012204,9,CA
CA3610013,"LOMA LINDA, CITY OF",L,91807,GW,3610013807,9,CA
CA3610013,"LOMA LINDA, CITY OF",L,91810,GW,3610013810,9,CA
CA3610013,"LOMA LINDA, CITY OF",L,91811,GW,3610013811,9,CA
CA3610013,"LOMA LINDA, CITY OF",L,91812,GW,3610013812,9,CA
CA3610013,"LOMA LINDA, CITY OF",L,91814,GW,3610013814,9,CA
CA3610014,"COLTON, CITY OF",L,91033,GW,3610014033,9,CA
CA3610014,"COLTON, CITY OF",L,91802,GW,3610014802,9,CA
CA3610014,"COLTON, CITY OF",L,91805,GW,3610014805,9,CA
CA3610014,"COLTON, CITY OF",L,91806,GW,3610014806,9,CA
CA3610014,"COLTON, CITY OF",L,91807,GW,3610014807,9,CA
CA3610014,"COLTON, CITY OF",L,91808,GW,3610014808,9,CA
CA3610014,"COLTON, CITY OF",L,91810,GW,3610014810,9,CA
CA3610014,"COLTON, CITY OF",L,91812,GW,3610014812,9,CA
CA3610015,CRESTLINE VILLAGE CWD - DIVISION 10,S,001001,GU,EP001,9,CA
CA3610015,CRESTLINE VILLAGE CWD - DIVISION 10,S,006006,GU,EP006,9,CA
CA3610015,CRESTLINE VILLAGE CWD - DIVISION 10,S,020020,GU,EP020,9,CA
CA3610015,CRESTLINE VILLAGE CWD - DIVISION 10,S,039039,GU,EP039,9,CA
CA3610015,CRESTLINE VILLAGE CWD - DIVISION 10,S,049049,GU,EP049,9,CA
CA3610015,CRESTLINE VILLAGE CWD - DIVISION 10,S,054054,GU,EP054,9,CA
CA3610015,CRESTLINE VILLAGE CWD - DIVISION 10,S,057057,GW,EP057,9,CA
CA3610015,CRESTLINE VILLAGE CWD - DIVISION 10,S,058058,GW,EP058,9,CA
CA3610015,CRESTLINE VILLAGE CWD - DIVISION 10,S,059059,GU,EP059,9,CA
CA3610015,CRESTLINE VILLAGE CWD - DIVISION 10,S,060060,GU,EP060,9,CA
CA3610015,CRESTLINE VILLAGE CWD - DIVISION 10,S,061061,GU,EP061,9,CA
CA3610015,CRESTLINE VILLAGE CWD - DIVISION 10,S,070070,GW,EP070,9,CA
CA3610015,CRESTLINE VILLAGE CWD - DIVISION 10,S,071071,GW,EP071,9,CA
CA3610015,CRESTLINE VILLAGE CWD - DIVISION 10,S,072072,GW,EP072,9,CA
CA3610015,CRESTLINE VILLAGE CWD - DIVISION 10,S,073073,SW,EP073,9,CA
CA3610015,CRESTLINE VILLAGE CWD - DIVISION 10,S,085085,GW,EP085,9,CA
CA3610018,CUCAMONGA VALLEY WATER DISTRICT,L,91801,GW,3610018801,9,CA
CA3610018,CUCAMONGA VALLEY WATER DISTRICT,L,91803,SW,3610018803,9,CA
CA3610018,CUCAMONGA VALLEY WATER DISTRICT,L,91804,GW,3610018804,9,CA
CA3610018,CUCAMONGA VALLEY WATER DISTRICT,L,91806,GW,3610018806,9,CA
CA3610018,CUCAMONGA VALLEY WATER DISTRICT,L,91807,SW,3610018807,9,CA
CA3610018,CUCAMONGA VALLEY WATER DISTRICT,L,91808,GW,3610018808,9,CA
CA3610018,CUCAMONGA VALLEY WATER DISTRICT,L,91811,GW,3610018811,9,CA
CA3610018,CUCAMONGA VALLEY WATER DISTRICT,L,91812,GW,3610018812,9,CA
CA3610024,HESPERIA WD,L,90017,GW,EP001,9,CA
CA3610025,JOSHUA BASIN WATER DISTRICT,S,20001,GW,EP1,9,CA
CA3610025,JOSHUA BASIN WATER DISTRICT,S,20002,GW,EP2,9,CA
CA3610025,JOSHUA BASIN WATER DISTRICT,S,20003,GW,EP3,9,CA
CA3610025,JOSHUA BASIN WATER DISTRICT,S,20004,GW,EP4,9,CA
CA3610025,JOSHUA BASIN WATER DISTRICT,S,20005,GW,EP5,9,CA
CA3610029,MONTE VISTA CWD,L,90004,GW,3610029004,9,CA
CA3610029,MONTE VISTA CWD,L,90005,MX,3610029005,9,CA
CA3610029,MONTE VISTA CWD,L,90006,GW,3610029006,9,CA
CA3610029,MONTE VISTA CWD,L,90007,SW,3610029007,9,CA
CA3610029,MONTE VISTA CWD,L,90008,MX,3610029008,9,CA
CA3610029,MONTE VISTA CWD,L,90034,GW,3610029034,9,CA
CA3610029,MONTE VISTA CWD,L,90029,MX,3610029044,9,CA
CA3610029,MONTE VISTA CWD,L,91803,GW,3610029803,9,CA
CA3610029,MONTE VISTA CWD,L,91804,GW,3610029804,9,CA
CA3610031,MUSCOY MWC NO. 1,L,10001,GW,EP001,9,CA
CA3610032,"NEEDLES, CITY OF",S,WELL11,GW,WELL11,9,CA
CA3610032,"NEEDLES, CITY OF",S,WELL12,GW,WELL12,9,CA
CA3610032,"NEEDLES, CITY OF",S,WELL15,GW,WELL15,9,CA
CA3610034,ONTARIO MUNICIPAL UTILITIES COMPANY,L,00051,GW,CDAIITURNOUT,9,CA
CA3610034,ONTARIO MUNICIPAL UTILITIES COMPANY,L,00037,GW,JCSDPOC1,9,CA
CA3610034,ONTARIO MUNICIPAL UTILITIES COMPANY,L,00039,GW,JCSDPOC3,9,CA
CA3610034,ONTARIO MUNICIPAL UTILITIES COMPANY,L,00802,GW,WELL24EP,9,CA
CA3610034,ONTARIO MUNICIPAL UTILITIES COMPANY,L,00806,GW,WELL29EP,9,CA
CA3610034,ONTARIO MUNICIPAL UTILITIES COMPANY,L,00807,GW,WELL30EP,9,CA
CA3610034,ONTARIO MUNICIPAL UTILITIES COMPANY,L,00808,GW,WELL31EP,9,CA
CA3610034,ONTARIO MUNICIPAL UTILITIES COMPANY,L,00810,GW,WELL35EP,9,CA
CA3610034,ONTARIO MUNICIPAL UTILITIES COMPANY,L,00811,GW,WELL36EP,9,CA
CA3610034,ONTARIO MUNICIPAL UTILITIES COMPANY,L,00036,GW,WELL38EP,9,CA
CA3610034,ONTARIO MUNICIPAL UTILITIES COMPANY,L,00814,GW,WELL40EP,9,CA
CA3610034,ONTARIO MUNICIPAL UTILITIES COMPANY,L,00053,GW,WELL41IXTPEFFLUE,9,CA
CA3610034,ONTARIO MUNICIPAL UTILITIES COMPANY,L,00818,GW,WELL45EP,9,CA
CA3610034,ONTARIO MUNICIPAL UTILITIES COMPANY,L,00819,GW,WELL46EP,9,CA
CA3610034,ONTARIO MUNICIPAL UTILITIES COMPANY,L,00820,GW,WELL47EP,9,CA
CA3610034,ONTARIO MUNICIPAL UTILITIES COMPANY,L,00816,GW,WELL49EP,9,CA
CA3610034,ONTARIO MUNICIPAL UTILITIES COMPANY,L,00035,SW,WFACONNECTION,9,CA
CA3610036,"CHINO HILLS, CITY OF",L,00018,GW,3610036018,9,CA
CA3610036,"CHINO HILLS, CITY OF",L,00020,MX,3610036020,9,CA
CA3610037,REDLANDS CITY MUD-WATER DIV,L,90003,GW,3610037003,9,CA
CA3610037,REDLANDS CITY MUD-WATER DIV,L,90008,GW,3610037008,9,CA
CA3610037,REDLANDS CITY MUD-WATER DIV,L,90012,SW,3610037012,9,CA
CA3610037,REDLANDS CITY MUD-WATER DIV,L,90017,GW,3610037017,9,CA
CA3610037,REDLANDS CITY MUD-WATER DIV,L,90019,GW,3610037019,9,CA
CA3610037,REDLANDS CITY MUD-WATER DIV,L,90021,GW,3610037021,9,CA
CA3610037,REDLANDS CITY MUD-WATER DIV,L,90029,GW,3610037029,9,CA
CA3610037,REDLANDS CITY MUD-WATER DIV,L,90031,GW,3610037031,9,CA
CA3610037,REDLANDS CITY MUD-WATER DIV,L,90035,SW,3610037035,9,CA
CA3610037,REDLANDS CITY MUD-WATER DIV,L,90037,GW,3610037037,9,CA
CA3610037,REDLANDS CITY MUD-WATER DIV,L,90039,GW,3610037039,9,CA
CA3610037,REDLANDS CITY MUD-WATER DIV,L,90053,GW,3610037053,9,CA
CA3610037,REDLANDS CITY MUD-WATER DIV,L,90055,GW,3610037055,9,CA
CA3610037,REDLANDS CITY MUD-WATER DIV,L,90062,GW,3610037062,9,CA
CA3610037,REDLANDS CITY MUD-WATER DIV,L,90069,GW,3610037069,9,CA
CA3610037,REDLANDS CITY MUD-WATER DIV,L,90070,GW,3610037070,9,CA
CA3610037,REDLANDS CITY MUD-WATER DIV,L,90071,GW,3610037071,9,CA
CA3610037,REDLANDS CITY MUD-WATER DIV,L,90073,GW,3610037073,9,CA
CA3610038,"RIALTO, CITY OF",L,90001,GW,3610038001,9,CA
CA3610038,"RIALTO, CITY OF",L,00449,GW,3610038004,9,CA
CA3610038,"RIALTO, CITY OF",L,00016,SW,3610038016,9,CA
CA3610038,"RIALTO, CITY OF",L,10014,GW,3610038019,9,CA
CA3610038,"RIALTO, CITY OF",L,91802,GW,3610038020,9,CA
CA3610038,"RIALTO, CITY OF",L,91803,GW,3610038021,9,CA
CA3610038,"RIALTO, CITY OF",L,91851,GW,3610038051,9,CA
CA3610038,"RIALTO, CITY OF",L,91801,GW,3610038801,9,CA
CA3610039,SAN BERNARDINO CITY,L,10006,GW,EP1,9,CA
CA3610039,SAN BERNARDINO CITY,L,10003,GW,EP10,9,CA
CA3610039,SAN BERNARDINO CITY,L,10012,GW,EP11,9,CA
CA3610039,SAN BERNARDINO CITY,L,10013,GW,EP13,9,CA
CA3610039,SAN BERNARDINO CITY,L,10014,GW,EP14,9,CA
CA3610039,SAN BERNARDINO CITY,L,10015,GW,EP15,9,CA
CA3610039,SAN BERNARDINO CITY,L,10017,GW,EP18,9,CA
CA3610039,SAN BERNARDINO CITY,L,10018,GW,EP19,9,CA
CA3610039,SAN BERNARDINO CITY,L,10005,GW,EP2,9,CA
CA3610039,SAN BERNARDINO CITY,L,10001,GW,EP20,9,CA
CA3610039,SAN BERNARDINO CITY,L,10019,GW,EP22,9,CA
CA3610039,SAN BERNARDINO CITY,L,10000,GW,EP24,9,CA
CA3610039,SAN BERNARDINO CITY,L,10002,GW,EP25,9,CA
CA3610039,SAN BERNARDINO CITY,L,10010,GW,EP26,9,CA
CA3610039,SAN BERNARDINO CITY,L,10021,GW,EP27,9,CA
CA3610039,SAN BERNARDINO CITY,L,10022,GW,EP28,9,CA
CA3610039,SAN BERNARDINO CITY,L,10016,GW,EP29,9,CA
CA3610039,SAN BERNARDINO CITY,L,10008,GW,EP3,9,CA
CA3610039,SAN BERNARDINO CITY,L,10007,GW,EP4,9,CA
CA3610039,SAN BERNARDINO CITY,L,10009,GW,EP6,9,CA
CA3610039,SAN BERNARDINO CITY,L,10004,GW,EP7,9,CA
CA3610039,SAN BERNARDINO CITY,L,10011,GW,EP9,9,CA
CA3610041,SAN GABRIEL VALLEY WC - FONTANA,L,91025,GW,3610041025,9,CA
CA3610041,SAN GABRIEL VALLEY WC - FONTANA,L,91805,GW,3610041805,9,CA
CA3610041,SAN GABRIEL VALLEY WC - FONTANA,L,91812,GW,3610041812,9,CA
CA3610041,SAN GABRIEL VALLEY WC - FONTANA,L,91821,GW,3610041821,9,CA
CA3610041,SAN GABRIEL VALLEY WC - FONTANA,L,91822,GU,3610041822,9,CA
CA3610041,SAN GABRIEL VALLEY WC - FONTANA,L,91823,GW,3610041823,9,CA
CA3610041,SAN GABRIEL VALLEY WC - FONTANA,L,91824,GW,3610041824,9,CA
CA3610041,SAN GABRIEL VALLEY WC - FONTANA,L,91825,GW,3610041825,9,CA
CA3610041,SAN GABRIEL VALLEY WC - FONTANA,L,91826,GW,3610041826,9,CA
CA3610041,SAN GABRIEL VALLEY WC - FONTANA,L,91827,GW,3610041827,9,CA
CA3610041,SAN GABRIEL VALLEY WC - FONTANA,L,91828,GU,3610041828,9,CA
CA3610043,GOLDEN STATE WATER CO - BARSTOW,L,91802,GW,3610043802,9,CA
CA3610043,GOLDEN STATE WATER CO - BARSTOW,L,91803,GW,3610043803,9,CA
CA3610043,GOLDEN STATE WATER CO - BARSTOW,L,91805,GW,3610043805,9,CA
CA3610043,GOLDEN STATE WATER CO - BARSTOW,L,97807,GW,3610043807,9,CA
CA3610044,BIG BEAR LAKE DWP - BIG BEAR SYSTEM,L,10001,GW,01,9,CA
CA3610044,BIG BEAR LAKE DWP - BIG BEAR SYSTEM,L,10002,GW,02,9,CA
CA3610044,BIG BEAR LAKE DWP - BIG BEAR SYSTEM,L,10003,GW,03,9,CA
CA3610044,BIG BEAR LAKE DWP - BIG BEAR SYSTEM,L,10004,GW,04,9,CA
CA3610044,BIG BEAR LAKE DWP - BIG BEAR SYSTEM,L,10007,GW,07,9,CA
CA3610044,BIG BEAR LAKE DWP - BIG BEAR SYSTEM,L,10008,GW,08,9,CA
CA3610044,BIG BEAR LAKE DWP - BIG BEAR SYSTEM,L,10009,GW,09,9,CA
CA3610044,BIG BEAR LAKE DWP - BIG BEAR SYSTEM,L,10010,GW,10,9,CA
CA3610044,BIG BEAR LAKE DWP - BIG BEAR SYSTEM,L,10011,GW,11,9,CA
CA3610044,BIG BEAR LAKE DWP - BIG BEAR SYSTEM,L,10012,GW,12,9,CA
CA3610044,BIG BEAR LAKE DWP - BIG BEAR SYSTEM,L,10013,GW,13,9,CA
CA3610044,BIG BEAR LAKE DWP - BIG BEAR SYSTEM,L,10014,GW,14,9,CA
CA3610044,BIG BEAR LAKE DWP - BIG BEAR SYSTEM,L,10015,GW,15,9,CA
CA3610044,BIG BEAR LAKE DWP - BIG BEAR SYSTEM,L,10016,GW,16,9,CA
CA3610044,BIG BEAR LAKE DWP - BIG BEAR SYSTEM,L,10017,GW,17,9,CA
CA3610044,BIG BEAR LAKE DWP - BIG BEAR SYSTEM,L,10018,GW,18,9,CA
CA3610044,BIG BEAR LAKE DWP - BIG BEAR SYSTEM,L,10019,GW,19,9,CA
CA3610044,BIG BEAR LAKE DWP - BIG BEAR SYSTEM,L,10020,GW,20,9,CA
CA3610044,BIG BEAR LAKE DWP - BIG BEAR SYSTEM,L,10021,GW,21,9,CA
CA3610044,BIG BEAR LAKE DWP - BIG BEAR SYSTEM,L,10022,GW,22,9,CA
CA3610044,BIG BEAR LAKE DWP - BIG BEAR SYSTEM,L,10025,GW,25,9,CA
CA3610047,GOLDEN STATE WATER CO - WRIGHTWOOD,S,91801,GW,3610047801,9,CA
CA3610047,GOLDEN STATE WATER CO - WRIGHTWOOD,S,91802,GW,3610047802,9,CA
CA3610047,GOLDEN STATE WATER CO - WRIGHTWOOD,S,97803,GW,3610047803,9,CA
CA3610047,GOLDEN STATE WATER CO - WRIGHTWOOD,S,91804,GW,3610047804,9,CA
CA3610047,GOLDEN STATE WATER CO - WRIGHTWOOD,S,91805,GW,3610047805,9,CA
CA3610047,GOLDEN STATE WATER CO - WRIGHTWOOD,S,91806,GW,3610047806,9,CA
CA3610047,GOLDEN STATE WATER CO - WRIGHTWOOD,S,91807,GW,3610047807,9,CA
CA3610047,GOLDEN STATE WATER CO - WRIGHTWOOD,S,91808,GW,3610047808,9,CA
CA3610049,TWENTYNINE PALMS WATER DISTRICT,L,00012,GW,3610049012,9,CA
CA3610049,TWENTYNINE PALMS WATER DISTRICT,L,00014,GW,3610049014,9,CA
CA3610049,TWENTYNINE PALMS WATER DISTRICT,L,00015,GW,3610049015,9,CA
CA3610049,TWENTYNINE PALMS WATER DISTRICT,L,00016,GW,3610049016,9,CA
CA3610049,TWENTYNINE PALMS WATER DISTRICT,L,91801,GW,3610049019,9,CA
CA3610049,TWENTYNINE PALMS WATER DISTRICT,L,00021,GW,3610049021,9,CA
CA3610049,TWENTYNINE PALMS WATER DISTRICT,L,00023,GW,3610049023,9,CA
CA3610050,"UPLAND, CITY OF",L,50004,SW,3610050004,9,CA
CA3610050,"UPLAND, CITY OF",L,50047,MX,3610050047,9,CA
CA3610050,"UPLAND, CITY OF",L,50049,MX,3610050049,9,CA
CA3610050,"UPLAND, CITY OF",L,50050,MX,3610050050,9,CA
CA3610050,"UPLAND, CITY OF",L,50051,GW,3610050051,9,CA
CA3610050,"UPLAND, CITY OF",L,50052,MX,3610050052,9,CA
CA3610050,"UPLAND, CITY OF",L,50053,MX,3610050053,9,CA
CA3610050,"UPLAND, CITY OF",L,50054,MX,3610050054,9,CA
CA3610050,"UPLAND, CITY OF",L,91802,GW,3610050802,9,CA
CA3610050,"UPLAND, CITY OF",L,91803,GW,3610050803,9,CA
CA3610052,VICTORVILLE WATER DISTRICT,L,00118,GW,3610052015,9,CA
CA3610052,VICTORVILLE WATER DISTRICT,L,00119,GW,3610052016,9,CA
CA3610052,VICTORVILLE WATER DISTRICT,L,00120,GW,3610052017,9,CA
CA3610052,VICTORVILLE WATER DISTRICT,L,00122,GW,3610052019,9,CA
CA3610052,VICTORVILLE WATER DISTRICT,L,00123,GW,3610052020,9,CA
CA3610052,VICTORVILLE WATER DISTRICT,L,00126,GW,3610052023,9,CA
CA3610052,VICTORVILLE WATER DISTRICT,L,00130,GW,3610052028,9,CA
CA3610052,VICTORVILLE WATER DISTRICT,L,00132,GW,3610052029,9,CA
CA3610052,VICTORVILLE WATER DISTRICT,L,00133,GW,3610052030,9,CA
CA3610052,VICTORVILLE WATER DISTRICT,L,00135,GW,3610052032,9,CA
CA3610052,VICTORVILLE WATER DISTRICT,L,00136,GW,3610052035,9,CA
CA3610052,VICTORVILLE WATER DISTRICT,L,00140,GW,3610052037,9,CA
CA3610052,VICTORVILLE WATER DISTRICT,L,91041,GW,3610052043,9,CA
CA3610052,VICTORVILLE WATER DISTRICT,L,90001,GW,3610052054,9,CA
CA3610053,WESTERN HEIGHTS WATER COMPANY,S,20001,SW,EP1,9,CA
CA3610055,YUCAIPA VALLEY WATER DISTRICT,L,90001,GW,3610055001,9,CA
CA3610055,YUCAIPA VALLEY WATER DISTRICT,L,90002,GW,3610055002,9,CA
CA3610055,YUCAIPA VALLEY WATER DISTRICT,L,90003,GW,3610055003,9,CA
CA3610055,YUCAIPA VALLEY WATER DISTRICT,L,00016,GW,3610055016,9,CA
CA3610055,YUCAIPA VALLEY WATER DISTRICT,L,00017,GW,3610055017,9,CA
CA3610055,YUCAIPA VALLEY WATER DISTRICT,L,00025,GW,3610055025,9,CA
CA3610055,YUCAIPA VALLEY WATER DISTRICT,L,00036,GW,3610055036,9,CA
CA3610055,YUCAIPA VALLEY WATER DISTRICT,L,00037,GW,3610055037,9,CA
CA3610055,YUCAIPA VALLEY WATER DISTRICT,L,00052,GW,3610055051,9,CA
CA3610055,YUCAIPA VALLEY WATER DISTRICT,L,00054,GW,3610055054,9,CA
CA3610055,YUCAIPA VALLEY WATER DISTRICT,L,00058,GW,3610055058,9,CA
CA3610055,YUCAIPA VALLEY WATER DISTRICT,L,00078,GW,3610055078,9,CA
CA3610055,YUCAIPA VALLEY WATER DISTRICT,L,00103,SW,3610055103,9,CA
CA3610057,RIVERSIDE HIGHLAND WATER COMPANY,L,91005,GW,3610057005,9,CA
CA3610057,RIVERSIDE HIGHLAND WATER COMPANY,L,91008,GW,3610057008,9,CA
CA3610057,RIVERSIDE HIGHLAND WATER COMPANY,L,91011,GW,3610057011,9,CA
CA3610062,RUNNING SPRINGS WATER DISTRICT,S,045045,GW,GWCC045,9,CA
CA3610062,RUNNING SPRINGS WATER DISTRICT,S,031031,GW,GWSS031,9,CA
CA3610062,RUNNING SPRINGS WATER DISTRICT,S,044044,GW,GWSS044,9,CA
CA3610062,RUNNING SPRINGS WATER DISTRICT,S,048048,GW,GWSS048,9,CA
CA3610062,RUNNING SPRINGS WATER DISTRICT,S,049049,GW,GWSS049,9,CA
CA3610062,RUNNING SPRINGS WATER DISTRICT,S,051051,GW,GWSS051,9,CA
CA3610062,RUNNING SPRINGS WATER DISTRICT,S,101101,GW,GWSS101,9,CA
CA3610062,RUNNING SPRINGS WATER DISTRICT,S,102102,GW,GWSS102,9,CA
CA3610062,RUNNING SPRINGS WATER DISTRICT,S,105105,GW,GWSS105,9,CA
CA3610062,RUNNING SPRINGS WATER DISTRICT,S,046046,MX,MXCC046,9,CA
CA3610064,EAST VALLEY WATER DISTRICT,L,90001,GW,3610064001,9,CA
CA3610064,EAST VALLEY WATER DISTRICT,L,91002,SW,3610064002,9,CA
CA3610064,EAST VALLEY WATER DISTRICT,L,91015,GW,3610064015,9,CA
CA3610064,EAST VALLEY WATER DISTRICT,L,91017,GW,3610064017,9,CA
CA3610064,EAST VALLEY WATER DISTRICT,L,91019,GW,3610064019,9,CA
CA3610064,EAST VALLEY WATER DISTRICT,L,91020,GW,3610064020,9,CA
CA3610064,EAST VALLEY WATER DISTRICT,L,91021,GW,3610064021,9,CA
CA3610064,EAST VALLEY WATER DISTRICT,L,91029,GW,3610064029,9,CA
CA3610064,EAST VALLEY WATER DISTRICT,L,91031,GW,3610064031,9,CA
CA3610064,EAST VALLEY WATER DISTRICT,L,91042,GW,3610064042,9,CA
CA3610064,EAST VALLEY WATER DISTRICT,L,91044,GW,3610064044,9,CA
CA3610064,EAST VALLEY WATER DISTRICT,L,91047,GW,3610064047,9,CA
CA3610064,EAST VALLEY WATER DISTRICT,L,91053,GW,3610064053,9,CA
CA3610073,HI DESERT WD,L,90001,GW,3610073001,9,CA
CA3610073,HI DESERT WD,L,91802,GW,3610073002,9,CA
CA3610073,HI DESERT WD,L,91801,GW,3610073801,9,CA
CA3610073,HI DESERT WD,L,91803,GW,3610073803,9,CA
CA3610073,HI DESERT WD,L,91807,GW,3610073807,9,CA
CA3610073,HI DESERT WD,L,91809,GW,3610073809,9,CA
CA3610073,HI DESERT WD,L,91812,GW,3610073812,9,CA
CA3610085,SAN ANTONIO WATER COMPANY,S,20001,GW,EP1,9,CA
CA3610085,SAN ANTONIO WATER COMPANY,S,20002,GW,EP2,9,CA
CA3610085,SAN ANTONIO WATER COMPANY,S,20003,GW,EP3,9,CA
CA3610085,SAN ANTONIO WATER COMPANY,S,20004,GW,EP4,9,CA
CA3610093,ARROWHEAD VILLAS MUTUAL SERVICE COMPANY,S,10001,SW,008,9,CA
CA3610093,ARROWHEAD VILLAS MUTUAL SERVICE COMPANY,S,10002,GW,EP009,9,CA
CA3610107,GOLDEN STATE WATER CO - APPLE VLY SOUTH,S,91802,GW,3610107801,9,CA
CA3610107,GOLDEN STATE WATER CO - APPLE VLY SOUTH,S,91803,GW,3610107803,9,CA
CA3610109,SHEEP CREEK WATER COMPANY,S,800800,GW,800800,9,CA
CA3610112,HELENDALE COMMUNITY SERVICE DISTRICT,S,20001,GW,EP001,9,CA
CA3610112,HELENDALE COMMUNITY SERVICE DISTRICT,S,20002,GW,EP002,9,CA
CA3610120,PHELAN PINON HILLS CSD,L,00800,GW,3610120800,9,CA
CA3610120,PHELAN PINON HILLS CSD,L,00804,GW,3610120804,9,CA
CA3610120,PHELAN PINON HILLS CSD,L,00807,GW,3610120807,9,CA
CA3610120,PHELAN PINON HILLS CSD,L,00808,GW,3610120808,9,CA
CA3610120,PHELAN PINON HILLS CSD,L,00811,GW,3610120811,9,CA
CA3610120,PHELAN PINON HILLS CSD,L,00812,GW,3610120812,9,CA
CA3610120,PHELAN PINON HILLS CSD,L,813,GW,3610120813,9,CA
CA3610121,SBDNO COUNTY SERVICE AREA 64,L,00304,GW,R1,9,CA
CA3610121,SBDNO COUNTY SERVICE AREA 64,L,00305,GW,R2,9,CA
CA3610125,SBNDO COUNTY SERVICE AREA 70J,L,00703,GW,SS1,9,CA
CA3610703,USMC - 29 PALMS,L,91801,GW,3610073801,9,CA
CA3610705,US ARMY FORT IRWIN,L,00002,GW,EFFLUENTIWW,9,CA
CA3610850,CALIFORNIA INSTITUTION FOR MEN,L,00001,GW,3610850010,9,CA
CA3700963,POTRERO ELEMENTARY SCHOOL,S,20001,GW,EP001,9,CA
CA3710002,VALLECITOS WD,L,00001,SW,3710002001,9,CA
CA3710002,VALLECITOS WD,L,00002,SW,VAL9,9,CA
CA3710004,"DEL MAR, CITY OF",S,10001,SW,EP1,9,CA
CA3710005,CARLSBAD MWD,L,00006,SW,3710005001,9,CA
CA3710008,FALLBROOK PUD,L,00003,GU,CA3710008013013,9,CA
CA3710008,FALLBROOK PUD,L,00002,MX,CA3710008DST017,9,CA
CA3710010,HELIX WATER DISTRICT,L,91801,SW,3710010004,9,CA
CA3710013,LAKESIDE WD,L,00010,SW,3710013010,9,CA
CA3710013,LAKESIDE WD,L,91802,GW,3710013802,9,CA
CA3710014,"OCEANSIDE, CITY OF",L,91002,SW,3710014002,9,CA
CA3710014,"OCEANSIDE, CITY OF",L,91802,GW,3710014006,9,CA
CA3710015,"POWAY, CITY OF",L,91803,SW,3710015803,9,CA
CA3710016,RAINBOW MUNICIPAL WD,L,00001,SW,3710016001,9,CA
CA3710018,RINCON DEL DIABLO MWD (ID-1),L,00001,SW,3710018001,9,CA
CA3710019,RAMONA MUNICIPAL WD,L,00001,SW,EP001,9,CA
CA3710020,"SAN DIEGO, CITY OF",L,52982,SW,182SYS,9,CA
CA3710020,"SAN DIEGO, CITY OF",L,52909,SW,3SYS,9,CA
CA3710020,"SAN DIEGO, CITY OF",L,53855,SW,87SYS,9,CA
CA3710020,"SAN DIEGO, CITY OF",L,53891,SW,95SYS,9,CA
CA3710021,SAN DIEGUITO WD,L,00004,SW,3710021004,9,CA
CA3710023,SANTA FE I.D.,L,91003,SW,SFID605,9,CA
CA3710025,SWEETWATER AUTHORITY,L,91802,SW,3710025802,9,CA
CA3710025,SWEETWATER AUTHORITY,L,91803,GW,3710025803,9,CA
CA3710025,SWEETWATER AUTHORITY,L,91804,GW,3710025804,9,CA
CA3710026,VALLEY CENTER MWD,L,00008,SW,3710026008,9,CA
CA3710027,VISTA IRRIGATION DISTRICT,L,00034,SW,3710027034,9,CA
CA3710027,VISTA IRRIGATION DISTRICT,L,00038,SW,3710027038,9,CA
CA3710029,OLIVENHAIN MWD,L,91802,SW,3710029802,9,CA
CA3710034,OTAY WATER DISTRICT,L,00001,SW,3710034001,9,CA
CA3710034,OTAY WATER DISTRICT,L,00005,SW,3710034005,9,CA
CA3710036,BORREGO WD,S,CA3710036D,GW,006,9,CA
CA3710036,BORREGO WD,S,CA3710036F,GW,007,9,CA
CA3710036,BORREGO WD,S,CA3710036G,GW,008,9,CA
CA3710036,BORREGO WD,S,CA3710036E,GW,010,9,CA
CA3710036,BORREGO WD,S,CA3710036H,GW,012,9,CA
CA3710036,BORREGO WD,S,CA3710036I,GW,020,9,CA
CA3710036,BORREGO WD,S,CA3710036A,GW,032,9,CA
CA3710036,BORREGO WD,S,CA3710036C,GW,034,9,CA
CA3710036,BORREGO WD,S,CA3710036J,GW,036,9,CA
CA3710037,PADRE DAM MWD,L,00001,SW,3710037001,9,CA
CA3710037,PADRE DAM MWD,L,00002,SW,3710037002,9,CA
CA3710700,CAMP PENDLETON (NORTH),L,91820,GW,3710700820,9,CA
CA3710702,CAMP PENDLETON (SOUTH),L,91809,GW,3710702809,9,CA
CA3710702,CAMP PENDLETON (SOUTH),L,91810,GW,3710702810,9,CA
CA3710750,NAS NORTH ISLAND & NAB CORONADO,S,NI2,MX,PS001,9,CA
CA3810001,SAN FRANCISCO REGIONAL WATER SYSTEM,S,00001,SW,3810001001,9,CA
CA3810001,SAN FRANCISCO REGIONAL WATER SYSTEM,S,015,SW,3810001015,9,CA
CA3810001,SAN FRANCISCO REGIONAL WATER SYSTEM,S,016,SW,3810001016,9,CA
CA3810010,SAN FRANCISCO INTERNATIONAL AIRPORT,L,00001,SW,CC01,9,CA
CA3810011,SFPUC CITY DISTRIBUTION DIVISION,L,00006,SW,3810011006,9,CA
CA3810011,SFPUC CITY DISTRIBUTION DIVISION,L,00007,SW,3810011007,9,CA
CA3810011,SFPUC CITY DISTRIBUTION DIVISION,L,00008,MX,3810011008,9,CA
CA3810011,SFPUC CITY DISTRIBUTION DIVISION,L,00009,MX,3810011009,9,CA
CA3810011,SFPUC CITY DISTRIBUTION DIVISION,L,00010,MX,3810011010,9,CA
CA3810011,SFPUC CITY DISTRIBUTION DIVISION,L,00011,MX,3810011011,9,CA
CA3810700,PRESIDIO OF SAN FRANCISCO,S,10001,SW,EP001,9,CA
CA3900559,WINE COUNTRY APARTMENTS,S,10001,GW,EP001,9,CA
CA3910001,CALIFORNIA WATER SERVICE - STOCKTON,L,91815,GW,3910001815,9,CA
CA3910001,CALIFORNIA WATER SERVICE - STOCKTON,L,91816,GW,3910001816,9,CA
CA3910001,CALIFORNIA WATER SERVICE - STOCKTON,L,91835,GW,3910001835,9,CA
CA3910001,CALIFORNIA WATER SERVICE - STOCKTON,L,91844,GW,3910001844,9,CA
CA3910001,CALIFORNIA WATER SERVICE - STOCKTON,L,91846,GW,3910001846,9,CA
CA3910001,CALIFORNIA WATER SERVICE - STOCKTON,L,91855,MX,3910001855,9,CA
CA3910001,CALIFORNIA WATER SERVICE - STOCKTON,L,91856,SW,3910001856,9,CA
CA3910001,CALIFORNIA WATER SERVICE - STOCKTON,L,91857,GW,3910001857,9,CA
CA3910001,CALIFORNIA WATER SERVICE - STOCKTON,L,91862,GW,3910001862,9,CA
CA3910001,CALIFORNIA WATER SERVICE - STOCKTON,L,91863,GW,3910001863,9,CA
CA3910001,CALIFORNIA WATER SERVICE - STOCKTON,L,91864,GW,3910001864,9,CA
CA3910001,CALIFORNIA WATER SERVICE - STOCKTON,L,91865,GW,3910001865,9,CA
CA3910003,"ESCALON, CITY OF",S,10010,GW,10,9,CA
CA3910003,"ESCALON, CITY OF",S,10003,GW,3A,9,CA
CA3910003,"ESCALON, CITY OF",S,10009,GW,9,9,CA
CA3910004,"LODI, CITY OF",L,91801,GW,3910004801,9,CA
CA3910004,"LODI, CITY OF",L,91802,GW,3910004802,9,CA
CA3910004,"LODI, CITY OF",L,91803,GW,3910004803,9,CA
CA3910004,"LODI, CITY OF",L,91804,GW,3910004804,9,CA
CA3910004,"LODI, CITY OF",L,91805,GW,3910004805,9,CA
CA3910004,"LODI, CITY OF",L,91806,GW,3910004806,9,CA
CA3910004,"LODI, CITY OF",L,91808,GW,3910004808,9,CA
CA3910004,"LODI, CITY OF",L,91810,GW,3910004810,9,CA
CA3910004,"LODI, CITY OF",L,91811,GW,3910004811,9,CA
CA3910004,"LODI, CITY OF",L,91813,GW,3910004813,9,CA
CA3910004,"LODI, CITY OF",L,91814,GW,3910004814,9,CA
CA3910004,"LODI, CITY OF",L,91817,GW,3910004817,9,CA
CA3910004,"LODI, CITY OF",L,91818,GW,3910004818,9,CA
CA3910004,"LODI, CITY OF",L,91819,GW,3910004819,9,CA
CA3910004,"LODI, CITY OF",L,91820,GW,3910004820,9,CA
CA3910004,"LODI, CITY OF",L,91821,GW,3910004821,9,CA
CA3910004,"LODI, CITY OF",L,91822,GW,3910004822,9,CA
CA3910004,"LODI, CITY OF",L,91823,GW,3910004823,9,CA
CA3910004,"LODI, CITY OF",L,91824,GW,3910004824,9,CA
CA3910004,"LODI, CITY OF",L,91825,GW,3910004825,9,CA
CA3910004,"LODI, CITY OF",L,91826,GW,3910004826,9,CA
CA3910004,"LODI, CITY OF",L,91827,GW,3910004827,9,CA
CA3910004,"LODI, CITY OF",L,91828,GW,3910004828,9,CA
CA3910004,"LODI, CITY OF",L,91830,SW,91830,9,CA
CA3910005,"MANTECA, CITY OF",L,00046,SW,3910005046,9,CA
CA3910005,"MANTECA, CITY OF",L,91802,GW,3910005802,9,CA
CA3910005,"MANTECA, CITY OF",L,91803,GW,3910005803,9,CA
CA3910005,"MANTECA, CITY OF",L,91804,GW,3910005804,9,CA
CA3910005,"MANTECA, CITY OF",L,91805,GW,3910005805,9,CA
CA3910005,"MANTECA, CITY OF",L,91806,GW,3910005806,9,CA
CA3910005,"MANTECA, CITY OF",L,91810,GW,3910005810,9,CA
CA3910005,"MANTECA, CITY OF",L,91812,GW,3910005812,9,CA
CA3910005,"MANTECA, CITY OF",L,91813,GW,3910005813,9,CA
CA3910005,"MANTECA, CITY OF",L,91814,GW,3910005814,9,CA
CA3910005,"MANTECA, CITY OF",L,91818,GW,3910005818,9,CA
CA3910007,"RIPON, CITY OF",L,91803,GW,3910007803,9,CA
CA3910007,"RIPON, CITY OF",L,91804,GW,3910007804,9,CA
CA3910007,"RIPON, CITY OF",L,91806,GW,3910007806,9,CA
CA3910007,"RIPON, CITY OF",L,91807,GW,3910007807,9,CA
CA3910007,"RIPON, CITY OF",L,91808,GW,3910007808,9,CA
CA3910010,SAN JOAQUIN COUNTY - LINCOLN VILLAGE,S,10001,SW,SS001,9,CA
CA3910011,"TRACY, CITY OF",L,91807,MX,3910011807,9,CA
CA3910011,"TRACY, CITY OF",L,91808,GW,3910011808,9,CA
CA3910011,"TRACY, CITY OF",L,91809,GW,3910011809,9,CA
CA3910011,"TRACY, CITY OF",L,91811,GW,3910011811,9,CA
CA3910011,"TRACY, CITY OF",L,91812,SW,3910011812,9,CA
CA3910011,"TRACY, CITY OF",L,91813,GW,3910011813,9,CA
CA3910012,CITY OF STOCKTON,L,91840,GW,3910012084,9,CA
CA3910012,CITY OF STOCKTON,L,91835,GW,3910012098,9,CA
CA3910012,CITY OF STOCKTON,L,91801,GW,3910012801,9,CA
CA3910012,CITY OF STOCKTON,L,91807,GW,3910012807,9,CA
CA3910012,CITY OF STOCKTON,L,91809,GW,3910012809,9,CA
CA3910012,CITY OF STOCKTON,L,91810,GW,3910012810,9,CA
CA3910012,CITY OF STOCKTON,L,91827,GW,3910012827,9,CA
CA3910012,CITY OF STOCKTON,L,91828,GW,3910012828,9,CA
CA3910012,CITY OF STOCKTON,L,91829,GW,3910012829,9,CA
CA3910012,CITY OF STOCKTON,L,91830,GW,3910012830,9,CA
CA3910012,CITY OF STOCKTON,L,91831,GW,3910012831,9,CA
CA3910012,CITY OF STOCKTON,L,91832,GW,3910012832,9,CA
CA3910012,CITY OF STOCKTON,L,91833,GW,3910012833,9,CA
CA3910012,CITY OF STOCKTON,L,91837,GW,3910012837,9,CA
CA3910012,CITY OF STOCKTON,L,90997,SW,3910012997,9,CA
CA3910012,CITY OF STOCKTON,L,90998,GW,3910012998,9,CA
CA3910012,CITY OF STOCKTON,L,90999,SW,3910012999,9,CA
CA3910015,CITY OF LATHROP,L,00015,SW,3910015015,9,CA
CA3910015,CITY OF LATHROP,L,00001,GW,3910015019,9,CA
CA3910017,SAN JOAQUIN COUNTY-MOKELUMNE ACRES,S,10001,GW,EP001,9,CA
CA3910017,SAN JOAQUIN COUNTY-MOKELUMNE ACRES,S,10002,GW,EP002,9,CA
CA3910017,SAN JOAQUIN COUNTY-MOKELUMNE ACRES,S,10003,GW,EP003,9,CA
CA3910017,SAN JOAQUIN COUNTY-MOKELUMNE ACRES,S,10004,GW,EP004,9,CA
CA3910017,SAN JOAQUIN COUNTY-MOKELUMNE ACRES,S,10005,GW,EP005,9,CA
CA3910018,SAN JOAQUIN RIVER CLUB INC,S,10001,GW,EP001,9,CA
CA3910027,MOUNTAIN HOUSE COMMUNITY SERVICES DIST.,L,22556,SW,INLET01,9,CA
CA4010001,"ARROYO GRANDE, WATER DEPARTMENT",L,91801,MX,4010001801,9,CA
CA4010001,"ARROYO GRANDE, WATER DEPARTMENT",L,91802,GW,4010001802,9,CA
CA4010001,"ARROYO GRANDE, WATER DEPARTMENT",L,91803,GW,4010001803,9,CA
CA4010002,ATASCADERO MUTUAL WATER CO,L,91822,GW,4010002022,9,CA
CA4010002,ATASCADERO MUTUAL WATER CO,L,91823,GW,4010002023,9,CA
CA4010002,ATASCADERO MUTUAL WATER CO,L,91824,GW,4010002024,9,CA
CA4010002,ATASCADERO MUTUAL WATER CO,L,91825,GW,4010002025,9,CA
CA4010004,GROVER BEACH WATER DEPARTMENT,L,00006,SW,4010004006,9,CA
CA4010004,GROVER BEACH WATER DEPARTMENT,L,91802,GW,4010004802,9,CA
CA4010005,OCEANO COMM SERVICES DIST.,S,20001,SW,EP1,9,CA
CA4010005,OCEANO COMM SERVICES DIST.,S,4010005006,GW,EP2,9,CA
CA4010005,OCEANO COMM SERVICES DIST.,S,4010005004,GW,EP3,9,CA
CA4010007,PASO ROBLES WATER DEPARTMENT,L,96663,GW,4010007663,9,CA
CA4010007,PASO ROBLES WATER DEPARTMENT,L,91822,SW,40100077822,9,CA
CA4010007,PASO ROBLES WATER DEPARTMENT,L,91802,GW,4010007802,9,CA
CA4010007,PASO ROBLES WATER DEPARTMENT,L,91805,GW,4010007805,9,CA
CA4010007,PASO ROBLES WATER DEPARTMENT,L,91807,GW,4010007807,9,CA
CA4010007,PASO ROBLES WATER DEPARTMENT,L,91808,GW,4010007808,9,CA
CA4010007,PASO ROBLES WATER DEPARTMENT,L,91810,GW,4010007810,9,CA
CA4010007,PASO ROBLES WATER DEPARTMENT,L,91811,GW,4010007811,9,CA
CA4010007,PASO ROBLES WATER DEPARTMENT,L,91814,GW,4010007814,9,CA
CA4010007,PASO ROBLES WATER DEPARTMENT,L,91815,GW,4010007815,9,CA
CA4010007,PASO ROBLES WATER DEPARTMENT,L,91817,GW,4010007817,9,CA
CA4010007,PASO ROBLES WATER DEPARTMENT,L,91818,GW,4010007818,9,CA
CA4010008,PISMO BEACH WATER DEPARTMENT,S,10001,GW,EP1,9,CA
CA4010008,PISMO BEACH WATER DEPARTMENT,S,10002,GW,EP2,9,CA
CA4010008,PISMO BEACH WATER DEPARTMENT,S,10003,SW,EP3,9,CA
CA4010009,SAN LUIS OBISPO WATER DEPARTMENT,L,91801,SW,4010009801,9,CA
CA4010011,MORRO BAY PW DEPT - WATER DIVISION,L,00022,MX,4010011022,9,CA
CA4010012,HERITAGE RANCH CSD,S,20001,GU,EP001,9,CA
CA4010014,CAMBRIA COMM SERVICES DIST,S,008008,GU,CA4010014008008,9,CA
CA4010016,LOS OSOS COMMUNITY SERVICES DISTRICT,S,10005,GW,EP005,9,CA
CA4010016,LOS OSOS COMMUNITY SERVICES DISTRICT,S,10008,GW,EP008,9,CA
CA4010016,LOS OSOS COMMUNITY SERVICES DISTRICT,S,10009,GW,EP009,9,CA
CA4010016,LOS OSOS COMMUNITY SERVICES DISTRICT,S,10015,GW,EP015,9,CA
CA4010016,LOS OSOS COMMUNITY SERVICES DISTRICT,S,10019,GW,EP019,9,CA
CA4010016,LOS OSOS COMMUNITY SERVICES DISTRICT,S,10021,GW,EP021,9,CA
CA4010016,LOS OSOS COMMUNITY SERVICES DISTRICT,S,10022,GW,EP022,9,CA
CA4010017,GOLDEN STATE WATER COMPANY - LOS OSOS,S,93010,GW,4010017010,9,CA
CA4010017,GOLDEN STATE WATER COMPANY - LOS OSOS,S,93015,GW,4010017015,9,CA
CA4010017,GOLDEN STATE WATER COMPANY - LOS OSOS,S,93020,GW,4010017020,9,CA
CA4010017,GOLDEN STATE WATER COMPANY - LOS OSOS,S,93022,GW,4010017022,9,CA
CA4010018,GOLDEN STATE WATER COMPANY - NIPOMO,S,93014,GW,4010018014,9,CA
CA4010018,GOLDEN STATE WATER COMPANY - NIPOMO,S,93017,GW,4010018017,9,CA
CA4010018,GOLDEN STATE WATER COMPANY - NIPOMO,S,93025,GW,4010018025,9,CA
CA4010019,TEMPLETON CSD,S,4010019012,GW,SS001,9,CA
CA4010019,TEMPLETON CSD,S,4010019035,GW,SS002,9,CA
CA4010019,TEMPLETON CSD,S,4010019003,GW,SS005,9,CA
CA4010019,TEMPLETON CSD,S,4010019033,GW,SS006,9,CA
CA4010019,TEMPLETON CSD,S,4010019042,GW,SS007,9,CA
CA4010026,NIPOMO COMM SERVICES DIST,L,00023,GW,4010026023,9,CA
CA4010026,NIPOMO COMM SERVICES DIST,L,00024,GW,4010026024,9,CA
CA4010026,NIPOMO COMM SERVICES DIST,L,00026,GW,4010026026,9,CA
CA4010026,NIPOMO COMM SERVICES DIST,L,00034,GW,4010026034,9,CA
CA4010026,NIPOMO COMM SERVICES DIST,L,00037,MX,4010026037,9,CA
CA4010830,CALIFORNIA MENS COLONY,L,91802,SW,4010830008,9,CA
CA4010832,ATASCADERO STATE HOSPITAL,S,10004,GW,EP8,9,CA
CA4110001,MID-PENINSULA WATER DISTRICT,L,00001,SW,4110001001,9,CA
CA4110005,GUADALUPE VALLEY MID,S,10001,SW,EP1,9,CA
CA4110006,CALIFORNIA WATER SERVICE - BEAR GULCH,L,91803,SW,4110006803,9,CA
CA4110007,CALIFORNIA WATER SERVICE - SAN CARLOS,L,00001,SW,4110007001,9,CA
CA4110008,CALIFORNIA WATER SERVICE - SAN MATEO,L,00002,SW,4110008002,9,CA
CA4110009,CALIFORNIA WATER SERVICE-S SAN FRANCISCO,L,00012,SW,4110009012,9,CA
CA4110009,CALIFORNIA WATER SERVICE-S SAN FRANCISCO,L,91802,GW,4110009802,9,CA
CA4110010,MONTARA WATER AND SANITARY DISTRICT,S,4110010010,GW,010,9,CA
CA4110010,MONTARA WATER AND SANITARY DISTRICT,S,4110010014,GW,014,9,CA
CA4110010,MONTARA WATER AND SANITARY DISTRICT,S,4110010027,MX,027,9,CA
CA4110011,COASTSIDE COUNTY WATER DISTRICT,L,91801,MX,4110009801,9,CA
CA4110011,COASTSIDE COUNTY WATER DISTRICT,L,91802,MX,4110011802,9,CA
CA4110013,CITY OF DALY CITY,L,91811,MX,4110013811,9,CA
CA4110013,CITY OF DALY CITY,L,91812,MX,4110013812,9,CA
CA4110013,CITY OF DALY CITY,L,91814,SW,4110013814,9,CA
CA4110013,CITY OF DALY CITY,L,91815,SW,4110013815,9,CA
CA4110013,CITY OF DALY CITY,L,91816,SW,4110013816,9,CA
CA4110016,TOWN OF HILLSBOROUGH,L,00001,SW,4110016001,9,CA
CA4110017,MENLO PARK MUNICIPAL WATER,L,00001,SW,4110017001,9,CA
CA4110018,CITY OF MILLBRAE,L,00003,SW,4110018003,9,CA
CA4110021,ESTERO MUNICIPAL IMPROVEMENT DISTRICT,L,00001,SW,4110021001,9,CA
CA4110022,CITY OF REDWOOD CITY,L,00001,SW,4110022001,9,CA
CA4110023,CITY OF SAN BRUNO,L,00006,SW,4110023006,9,CA
CA4110023,CITY OF SAN BRUNO,L,91801,GW,4110023801,9,CA
CA4110023,CITY OF SAN BRUNO,L,91803,GW,4110023803,9,CA
CA4110023,CITY OF SAN BRUNO,L,91804,GW,4110023804,9,CA
CA4110023,CITY OF SAN BRUNO,L,91805,GW,4110023805,9,CA
CA4110024,CITY OF EAST PALO ALTO,L,00002,SW,4110024002,9,CA
CA4110025,NORTH COAST COUNTY WATER DIST,L,99000,SW,4110025000,9,CA
CA4110027,WESTBOROUGH COUNTY WATER DIST,L,10001,SW,4110027101,9,CA
CA4210001,CARPINTERIA VALLEY WATER DISTRICT,L,90001,GW,4210001001,9,CA
CA4210001,CARPINTERIA VALLEY WATER DISTRICT,L,91801,GW,4210001801,9,CA
CA4210001,CARPINTERIA VALLEY WATER DISTRICT,L,91807,GW,4210001807,9,CA
CA4210001,CARPINTERIA VALLEY WATER DISTRICT,L,91808,SW,4210001808,9,CA
CA4210003,GUADALUPE WATER DEPARTMENT,S,10001,MX,CA4210003017017,9,CA
CA4210004,GOLETA WATER DISTRICT,L,91002,SW,4210004013,9,CA
CA4210004,GOLETA WATER DISTRICT,L,91014,GW,4210004032,9,CA
CA4210004,GOLETA WATER DISTRICT,L,91010,GW,4210004037,9,CA
CA4210004,GOLETA WATER DISTRICT,L,91012,GW,4210004038,9,CA
CA4210004,GOLETA WATER DISTRICT,L,91008,GW,4210004040,9,CA
CA4210004,GOLETA WATER DISTRICT,L,91007,GW,4210004041,9,CA
CA4210004,GOLETA WATER DISTRICT,L,91011,GW,4210004044,9,CA
CA4210004,GOLETA WATER DISTRICT,L,91013,GW,4210004048,9,CA
CA4210004,GOLETA WATER DISTRICT,L,91015,GW,4210004058,9,CA
CA4210004,GOLETA WATER DISTRICT,L,91016,GW,4210004059,9,CA
CA4210006,LOMPOC-CITY WATER UTILITY DIV,L,91801,SW,4210006801,9,CA
CA4210006,LOMPOC-CITY WATER UTILITY DIV,L,91802,GW,4210006802,9,CA
CA4210007,MONTECITO WATER DIST,L,91801,SW,4210007801,9,CA
CA4210007,MONTECITO WATER DIST,L,91802,SW,4210007802,9,CA
CA4210007,MONTECITO WATER DIST,L,91803,GW,4210007803,9,CA
CA4210007,MONTECITO WATER DIST,L,91804,GW,4210007804,9,CA
CA4210007,MONTECITO WATER DIST,L,91805,GW,4210007805,9,CA
CA4210007,MONTECITO WATER DIST,L,91806,GW,4210007806,9,CA
CA4210007,MONTECITO WATER DIST,L,91807,GW,4210007807,9,CA
CA4210010,CITY OF SANTA BARBARA WATER DEPARTMENT,L,91803,SW,4210010054,9,CA
CA4210010,CITY OF SANTA BARBARA WATER DEPARTMENT,L,91802,SW,4210010058,9,CA
CA4210011,SANTA MARIA WATER DEPARTMENT,L,91801,MX,4210011801,9,CA
CA4210013,SOLVANG WATER DIVISION,S,10004,GW,06N31W09Q002S,9,CA
CA4210013,SOLVANG WATER DIVISION,S,10009,GW,06N31W14D003S,9,CA
CA4210013,SOLVANG WATER DIVISION,S,10005,GW,06N31W16P002S,9,CA
CA4210013,SOLVANG WATER DIVISION,S,10006,GW,06N31W16R007S,9,CA
CA4210013,SOLVANG WATER DIVISION,S,10007,GU,06N31W21H003S,9,CA
CA4210013,SOLVANG WATER DIVISION,S,10008,GU,06N31W22M001S,9,CA
CA4210013,SOLVANG WATER DIVISION,S,10001,MX,CLAVAL,9,CA
CA4210013,SOLVANG WATER DIVISION,S,10010,MX,CLAVAL2,9,CA
CA4210013,SOLVANG WATER DIVISION,S,10002,SW,SPW,9,CA
CA4210016,Golden State Water Co. - Orcutt,L,91802,GW,4210016802,9,CA
CA4210016,Golden State Water Co. - Orcutt,L,91803,GW,4210016803,9,CA
CA4210016,Golden State Water Co. - Orcutt,L,91807,GW,4210016807,9,CA
CA4210016,Golden State Water Co. - Orcutt,L,91816,GW,4210016816,9,CA
CA4210016,Golden State Water Co. - Orcutt,L,91822,MX,4210016822,9,CA
CA4210016,Golden State Water Co. - Orcutt,L,91823,GW,4210016823,9,CA
CA4210016,Golden State Water Co. - Orcutt,L,91824,GW,4210016824,9,CA
CA4210016,Golden State Water Co. - Orcutt,L,91825,GW,4210016825,9,CA
CA4210016,Golden State Water Co. - Orcutt,L,91826,GW,4210016826,9,CA
CA4210016,Golden State Water Co. - Orcutt,L,91827,GW,4210016827,9,CA
CA4210016,Golden State Water Co. - Orcutt,L,91828,GW,4210016828,9,CA
CA4210016,Golden State Water Co. - Orcutt,L,91830,GW,4210016830,9,CA
CA4210017,VANDENBERG VILLAGE COMM. SERV. DIST.,S,10001,GW,EP1,9,CA
CA4210018,BUELLTON WATER DEPARTMENT,S,CCWA,SW,CCWA,9,CA
CA4210018,BUELLTON WATER DEPARTMENT,S,HWY246,GW,HWY246,9,CA
CA4210018,BUELLTON WATER DEPARTMENT,S,MCMURRAY,GW,MCMURRAY,9,CA
CA4210019,MISSION HILLS CSD,S,10001,GW,EP001,9,CA
CA4210020,SANTA YNEZ RIVER WATER CONS. DIST. ID#1,S,10019,SW,EP19,9,CA
CA4210020,SANTA YNEZ RIVER WATER CONS. DIST. ID#1,S,10022,GW,EP22,9,CA
CA4210020,SANTA YNEZ RIVER WATER CONS. DIST. ID#1,S,10025,GW,EP25,9,CA
CA4210020,SANTA YNEZ RIVER WATER CONS. DIST. ID#1,S,10028,GW,EP28,9,CA
CA4210020,SANTA YNEZ RIVER WATER CONS. DIST. ID#1,S,10043,GW,EP43,9,CA
CA4210020,SANTA YNEZ RIVER WATER CONS. DIST. ID#1,S,10044,GW,EP44,9,CA
CA4210020,SANTA YNEZ RIVER WATER CONS. DIST. ID#1,S,10045,GW,EP45,9,CA
CA4210020,SANTA YNEZ RIVER WATER CONS. DIST. ID#1,S,10046,GW,EP46,9,CA
CA4210020,SANTA YNEZ RIVER WATER CONS. DIST. ID#1,S,10047,GW,EP47,9,CA
CA4210024,LA CUMBRE MUTUAL WATER CO,S,10009,SW,EP009,9,CA
CA4210024,LA CUMBRE MUTUAL WATER CO,S,10016,GW,SS016,9,CA
CA4210024,LA CUMBRE MUTUAL WATER CO,S,10018,GW,TP018,9,CA
CA4210700,"AMERICAN WATER O&M, LLC - VAFB",L,018,GW,018,9,CA
CA4210700,"AMERICAN WATER O&M, LLC - VAFB",L,00018,SW,CA4210700018,9,CA
CA4300791,HGST INC,S,1,GW,SS001,9,CA
CA4300997,NASA AMES RESEARCH CENTER,S,20001,SW,EP1,9,CA
CA4310001,CWSC LOS ALTOS SUBURBAN,L,91804,GW,4310001804,9,CA
CA4310001,CWSC LOS ALTOS SUBURBAN,L,91805,GW,4310001805,9,CA
CA4310001,CWSC LOS ALTOS SUBURBAN,L,91806,GW,4310001806,9,CA
CA4310001,CWSC LOS ALTOS SUBURBAN,L,91809,GW,4310001809,9,CA
CA4310001,CWSC LOS ALTOS SUBURBAN,L,91810,GW,4310001810,9,CA
CA4310001,CWSC LOS ALTOS SUBURBAN,L,91811,GW,4310001811,9,CA
CA4310001,CWSC LOS ALTOS SUBURBAN,L,91812,GW,4310001812,9,CA
CA4310001,CWSC LOS ALTOS SUBURBAN,L,91814,GW,4310001814,9,CA
CA4310001,CWSC LOS ALTOS SUBURBAN,L,91815,GW,4310001815,9,CA
CA4310001,CWSC LOS ALTOS SUBURBAN,L,91816,SW,4310001816,9,CA
CA4310001,CWSC LOS ALTOS SUBURBAN,L,91817,GW,4310001817,9,CA
CA4310001,CWSC LOS ALTOS SUBURBAN,L,91818,GW,4310001818,9,CA
CA4310001,CWSC LOS ALTOS SUBURBAN,L,91820,GW,4310001820,9,CA
CA4310001,CWSC LOS ALTOS SUBURBAN,L,91827,GW,4310001827,9,CA
CA4310001,CWSC LOS ALTOS SUBURBAN,L,91828,SW,4310001828,9,CA
CA4310001,CWSC LOS ALTOS SUBURBAN,L,91826,GW,4310008826,9,CA
CA4310004,CITY OF GILROY,L,90011,GW,4310004011,9,CA
CA4310004,CITY OF GILROY,L,91802,GW,4310004802,9,CA
CA4310004,CITY OF GILROY,L,91803,GW,4310004803,9,CA
CA4310004,CITY OF GILROY,L,91804,GW,4310004804,9,CA
CA4310004,CITY OF GILROY,L,91805,GW,4310004805,9,CA
CA4310004,CITY OF GILROY,L,91810,GW,4310004810,9,CA
CA4310004,CITY OF GILROY,L,91811,GW,4310004811,9,CA
CA4310005,CITY OF MILPITAS,L,91003,SW,4310005003,9,CA
CA4310005,CITY OF MILPITAS,L,17090,SW,4310005090,9,CA
CA4310006,CITY OF MORGAN HILL,L,91036,GW,4310006036,9,CA
CA4310006,CITY OF MORGAN HILL,L,91040,GW,4310006040,9,CA
CA4310006,CITY OF MORGAN HILL,L,91045,GW,4310006045,9,CA
CA4310006,CITY OF MORGAN HILL,L,91046,GW,4310006046,9,CA
CA4310006,CITY OF MORGAN HILL,L,91047,GW,4310006047,9,CA
CA4310006,CITY OF MORGAN HILL,L,91801,GW,4310006801,9,CA
CA4310006,CITY OF MORGAN HILL,L,91802,GW,4310006802,9,CA
CA4310006,CITY OF MORGAN HILL,L,91803,GW,4310006803,9,CA
CA4310006,CITY OF MORGAN HILL,L,91804,GW,4310006804,9,CA
CA4310006,CITY OF MORGAN HILL,L,91806,GW,4310006806,9,CA
CA4310006,CITY OF MORGAN HILL,L,91809,GW,4310006809,9,CA
CA4310006,CITY OF MORGAN HILL,L,91810,GW,4310006810,9,CA
CA4310006,CITY OF MORGAN HILL,L,91815,GW,4310006815,9,CA
CA4310006,CITY OF MORGAN HILL,L,91817,GW,4310006817,9,CA
CA4310006,CITY OF MORGAN HILL,L,91818,GW,4310006818,9,CA
CA4310006,CITY OF MORGAN HILL,L,91819,GW,4310006819,9,CA
CA4310007,CITY OF MOUNTAIN VIEW,L,91801,GW,4310007801,9,CA
CA4310007,CITY OF MOUNTAIN VIEW,L,91803,GW,4310007803,9,CA
CA4310007,CITY OF MOUNTAIN VIEW,L,91805,SW,4310007805,9,CA
CA4310007,CITY OF MOUNTAIN VIEW,L,91806,SW,4310007806,9,CA
CA4310007,CITY OF MOUNTAIN VIEW,L,91810,GW,4310007810,9,CA
CA4310007,CITY OF MOUNTAIN VIEW,L,91811,GW,4310007811,9,CA
CA4310009,CITY OF PALO ALTO,L,00012,SW,4310009012,9,CA
CA4310011,SAN JOSE WATER,L,11074,SW,4310011074,9,CA
CA4310011,SAN JOSE WATER,L,11800,GW,4310011800,9,CA
CA4310011,SAN JOSE WATER,L,11801,GW,4310011801,9,CA
CA4310011,SAN JOSE WATER,L,11802,GW,4310011802,9,CA
CA4310011,SAN JOSE WATER,L,11803,GW,4310011803,9,CA
CA4310011,SAN JOSE WATER,L,11805,GW,4310011805,9,CA
CA4310011,SAN JOSE WATER,L,11806,GW,4310011806,9,CA
CA4310011,SAN JOSE WATER,L,11808,GW,4310011808,9,CA
CA4310011,SAN JOSE WATER,L,11809,GW,4310011809,9,CA
CA4310011,SAN JOSE WATER,L,11811,GW,4310011811,9,CA
CA4310011,SAN JOSE WATER,L,11813,GW,4310011813,9,CA
CA4310011,SAN JOSE WATER,L,11822,GW,4310011822,9,CA
CA4310011,SAN JOSE WATER,L,11823,GW,4310011823,9,CA
CA4310011,SAN JOSE WATER,L,11824,GW,431011824,9,CA
CA4310012,CITY OF SANTA CLARA,L,00036,GW,431001036,9,CA
CA4310012,CITY OF SANTA CLARA,L,00002,GW,4310012002,9,CA
CA4310012,CITY OF SANTA CLARA,L,00004,GW,4310012004,9,CA
CA4310012,CITY OF SANTA CLARA,L,00008,GW,4310012008,9,CA
CA4310012,CITY OF SANTA CLARA,L,00010,GW,4310012010,9,CA
CA4310012,CITY OF SANTA CLARA,L,00011,GW,4310012011,9,CA
CA4310012,CITY OF SANTA CLARA,L,00014,GW,4310012014,9,CA
CA4310012,CITY OF SANTA CLARA,L,00015,GW,4310012015,9,CA
CA4310012,CITY OF SANTA CLARA,L,00016,GW,4310012016,9,CA
CA4310012,CITY OF SANTA CLARA,L,00018,GW,4310012018,9,CA
CA4310012,CITY OF SANTA CLARA,L,00019,GW,4310012019,9,CA
CA4310012,CITY OF SANTA CLARA,L,00023,GW,4310012023,9,CA
CA4310012,CITY OF SANTA CLARA,L,00024,GW,4310012026,9,CA
CA4310012,CITY OF SANTA CLARA,L,00027,GW,4310012027,9,CA
CA4310012,CITY OF SANTA CLARA,L,00029,GW,4310012029,9,CA
CA4310012,CITY OF SANTA CLARA,L,00031,GW,4310012031,9,CA
CA4310012,CITY OF SANTA CLARA,L,00034,GW,4310012034,9,CA
CA4310013,STANFORD UNIVERSITY,L,00004,SW,4310013004,9,CA
CA4310014,CITY OF SUNNYVALE,L,91003,GW,4310014003,9,CA
CA4310014,CITY OF SUNNYVALE,L,91004,GW,4310014004,9,CA
CA4310014,CITY OF SUNNYVALE,L,91007,GW,4310014007,9,CA
CA4310014,CITY OF SUNNYVALE,L,91008,GW,4310014008,9,CA
CA4310014,CITY OF SUNNYVALE,L,91010,GW,4310014010,9,CA
CA4310014,CITY OF SUNNYVALE,L,91012,GW,4310014012,9,CA
CA4310014,CITY OF SUNNYVALE,L,95014,SW,4310014014,9,CA
CA4310014,CITY OF SUNNYVALE,L,91016,SW,4310014017,9,CA
CA4310018,CITY OF CUPERTINO,L,18081,GW,4310018801,9,CA
CA4310019,CITY OF SAN JOSE - NSJ/ALVISO,L,19003,GW,4310019003,9,CA
CA4310019,CITY OF SAN JOSE - NSJ/ALVISO,L,19005,GW,4310019005,9,CA
CA4310019,CITY OF SAN JOSE - NSJ/ALVISO,L,19007,SW,4310019007,9,CA
CA4310020,CITY OF SAN JOSE - EVG/EDV/COY,L,20008,SW,4310020008,9,CA
CA4310020,CITY OF SAN JOSE - EVG/EDV/COY,L,20013,GW,4310020013,9,CA
CA4310020,CITY OF SAN JOSE - EVG/EDV/COY,L,20567,GW,4310020567,9,CA
CA4310020,CITY OF SAN JOSE - EVG/EDV/COY,L,20789,GW,4310020789,9,CA
CA4310021,PURISSIMA HILLS WATER DISTRICT,S,10001,SW,EP1,9,CA
CA4310022,GREAT OAKS WC INC,L,22001,GW,4310022001,9,CA
CA4310022,GREAT OAKS WC INC,L,22002,GW,4310022002,9,CA
CA4310022,GREAT OAKS WC INC,L,22004,GW,4310022004,9,CA
CA4310022,GREAT OAKS WC INC,L,22006,GW,4310022006,9,CA
CA4310022,GREAT OAKS WC INC,L,22007,GW,4310022007,9,CA
CA4310022,GREAT OAKS WC INC,L,22008,GW,4310022008,9,CA
CA4310022,GREAT OAKS WC INC,L,22009,GW,4310022009,9,CA
CA4310022,GREAT OAKS WC INC,L,22010,GW,4310022010,9,CA
CA4310022,GREAT OAKS WC INC,L,22015,GW,4310022015,9,CA
CA4310022,GREAT OAKS WC INC,L,22018,GW,4310022018,9,CA
CA4310022,GREAT OAKS WC INC,L,22019,GW,4310022019,9,CA
CA4310022,GREAT OAKS WC INC,L,22021,GW,4310022021,9,CA
CA4310022,GREAT OAKS WC INC,L,22022,GW,4310022022,9,CA
CA4310022,GREAT OAKS WC INC,L,22023,GW,4310022023,9,CA
CA4310022,GREAT OAKS WC INC,L,22026,GW,4310022026,9,CA
CA4310022,GREAT OAKS WC INC,L,22027,GW,4310022027,9,CA
CA4310022,GREAT OAKS WC INC,L,22028,GW,4310022028,9,CA
CA4310022,GREAT OAKS WC INC,L,22029,GW,4310022029,9,CA
CA4310022,GREAT OAKS WC INC,L,22030,GW,4310022030,9,CA
CA4400502,TROUT GULCH MUTUAL WATER COMPANY,S,10011,GW,CA4400502011,9,CA
CA4400753,CABRILLO COLLEGE,S,10001,GW,BLDG600,9,CA
CA4410002,SLVWD - FELTON WATER SYSTEM,S,10001,GW,EP001,9,CA
CA4410002,SLVWD - FELTON WATER SYSTEM,S,20004,MX,EP004,9,CA
CA4410010,SANTA CRUZ WATER DEPARTMENT,L,91802,MX,4410010802,9,CA
CA4410010,SANTA CRUZ WATER DEPARTMENT,L,91803,GW,4410010803,9,CA
CA4410010,SANTA CRUZ WATER DEPARTMENT,L,91804,GW,4410010804,9,CA
CA4410011,"WATSONVILLE, CITY OF",L,91802,GW,4410011802,9,CA
CA4410011,"WATSONVILLE, CITY OF",L,91803,GW,4410011803,9,CA
CA4410011,"WATSONVILLE, CITY OF",L,91804,GW,4410011804,9,CA
CA4410011,"WATSONVILLE, CITY OF",L,91805,GW,4410011805,9,CA
CA4410011,"WATSONVILLE, CITY OF",L,91806,GW,4410011806,9,CA
CA4410011,"WATSONVILLE, CITY OF",L,91807,GW,4410011807,9,CA
CA4410011,"WATSONVILLE, CITY OF",L,91808,GW,4410011808,9,CA
CA4410011,"WATSONVILLE, CITY OF",L,91809,GW,4410011809,9,CA
CA4410011,"WATSONVILLE, CITY OF",L,91810,GW,4410011810,9,CA
CA4410011,"WATSONVILLE, CITY OF",L,91811,GW,4410011811,9,CA
CA4410011,"WATSONVILLE, CITY OF",L,91812,GW,4410011812,9,CA
CA4410011,"WATSONVILLE, CITY OF",L,91813,GW,4410011813,9,CA
CA4410011,"WATSONVILLE, CITY OF",L,91814,GW,4410011814,9,CA
CA4410013,SCOTTS VALLEY WATER DISTRICT,L,91802,GW,4410013802,9,CA
CA4410013,SCOTTS VALLEY WATER DISTRICT,L,91805,GW,4410013805,9,CA
CA4410013,SCOTTS VALLEY WATER DISTRICT,L,91806,GW,4410013806,9,CA
CA4410014,SAN LORENZO VALLEY WATER DIST,L,91041,GW,4410014041,9,CA
CA4410014,SAN LORENZO VALLEY WATER DIST,L,91801,SW,4410014801,9,CA
CA4410014,SAN LORENZO VALLEY WATER DIST,L,91802,GW,4410014802,9,CA
CA4410014,SAN LORENZO VALLEY WATER DIST,L,91803,GW,4410014803,9,CA
CA4410014,SAN LORENZO VALLEY WATER DIST,L,91805,GW,4410014805,9,CA
CA4410014,SAN LORENZO VALLEY WATER DIST,L,91806,GW,4410014806,9,CA
CA4410014,SAN LORENZO VALLEY WATER DIST,L,91807,GW,4410014807,9,CA
CA4410014,SAN LORENZO VALLEY WATER DIST,L,91809,GW,4410014809,9,CA
CA4410017,SOQUEL CREEK WATER DISTRICT,L,91816,GW,4410017048,9,CA
CA4410017,SOQUEL CREEK WATER DISTRICT,L,91817,GW,4410017051,9,CA
CA4410017,SOQUEL CREEK WATER DISTRICT,L,91818,GW,4410017055,9,CA
CA4410017,SOQUEL CREEK WATER DISTRICT,L,91801,GW,4410017801,9,CA
CA4410017,SOQUEL CREEK WATER DISTRICT,L,91802,GW,4410017802,9,CA
CA4410017,SOQUEL CREEK WATER DISTRICT,L,91803,GW,4410017803,9,CA
CA4410017,SOQUEL CREEK WATER DISTRICT,L,91804,GW,4410017804,9,CA
CA4410017,SOQUEL CREEK WATER DISTRICT,L,91805,GW,4410017805,9,CA
CA4410017,SOQUEL CREEK WATER DISTRICT,L,91807,GW,4410017807,9,CA
CA4410017,SOQUEL CREEK WATER DISTRICT,L,91808,GW,4410017808,9,CA
CA4410017,SOQUEL CREEK WATER DISTRICT,L,91810,GW,4410017810,9,CA
CA4410017,SOQUEL CREEK WATER DISTRICT,L,91811,GW,4410017811,9,CA
CA4410017,SOQUEL CREEK WATER DISTRICT,L,91812,GW,4410017812,9,CA
CA4410017,SOQUEL CREEK WATER DISTRICT,L,91814,GW,4410017814,9,CA
CA4500013,LAKESIDE WOODS MUTUAL WATER CO,S,10001,GW,EP001,9,CA
CA4510005,CITY OF REDDING,L,91801,SW,4410005801,9,CA
CA4510005,CITY OF REDDING,L,91908,GW,4510005012,9,CA
CA4510005,CITY OF REDDING,L,91802,SW,4510005802,9,CA
CA4510005,CITY OF REDDING,L,91901,GW,CW901,9,CA
CA4510005,CITY OF REDDING,L,91803,GW,EW803,9,CA
CA4510005,CITY OF REDDING,L,91807,GW,EW807,9,CA
CA4510005,CITY OF REDDING,L,91808,GW,EW808,9,CA
CA4510005,CITY OF REDDING,L,91809,GW,EW809,9,CA
CA4510005,CITY OF REDDING,L,91812,GW,EW812,9,CA
CA4510005,CITY OF REDDING,L,91814,GW,EW814,9,CA
CA4510006,CITY OF SHASTA LAKE,L,00002,SW,4510006002,9,CA
CA4510007,COTTONWOOD COUNTY WATER DIST.,S,001,GW,001,9,CA
CA4510007,COTTONWOOD COUNTY WATER DIST.,S,002,GW,002,9,CA
CA4510007,COTTONWOOD COUNTY WATER DIST.,S,003,GW,003,9,CA
CA4510007,COTTONWOOD COUNTY WATER DIST.,S,004,GW,004,9,CA
CA4510007,COTTONWOOD COUNTY WATER DIST.,S,005,GW,005,9,CA
CA4510011,CENTERVILLE C.S.D.,S,20001,SW,EP1,9,CA
CA4510014,BELLA VISTA WATER DISTRICT,L,91801,GW,4510014801,9,CA
CA4510014,BELLA VISTA WATER DISTRICT,L,91802,SW,4510014802,9,CA
CA4510014,BELLA VISTA WATER DISTRICT,L,91803,GW,4510014803,9,CA
CA4510014,BELLA VISTA WATER DISTRICT,L,91804,GW,4510014804,9,CA
CA4510014,BELLA VISTA WATER DISTRICT,L,91805,GW,4510014805,9,CA
CA4510014,BELLA VISTA WATER DISTRICT,L,91806,GW,4510014806,9,CA
CA4510016,CLEAR CREEK CSD-ANDERSON,S,10001,SW,EP001,9,CA
CA4510016,CLEAR CREEK CSD-ANDERSON,S,10003,GW,EP003,9,CA
CA4510016,CLEAR CREEK CSD-ANDERSON,S,10004,GW,EP004,9,CA
CA4510016,CLEAR CREEK CSD-ANDERSON,S,10005,GW,EP005,9,CA
CA4710008,"MT. SHASTA, CITY OF",S,CS01,GW,SSCS01,9,CA
CA4710008,"MT. SHASTA, CITY OF",S,WL01,GW,SSW101,9,CA
CA4710008,"MT. SHASTA, CITY OF",S,WL02,GW,SSW201,9,CA
CA4710011,"YREKA, CITY OF",S,10001,SW,EP001,9,CA
CA4810001,CITY OF BENICIA,L,91801,SW,4810014801,9,CA
CA4810002,CALIFORNIA WATER SERVICE CO. - DIXON,L,91801,GW,4810002801,9,CA
CA4810002,CALIFORNIA WATER SERVICE CO. - DIXON,L,91803,GW,4810002803,9,CA
CA4810002,CALIFORNIA WATER SERVICE CO. - DIXON,L,91804,GW,4810002804,9,CA
CA4810003,CITY OF FAIRFIELD,L,91802,SW,4810003802,9,CA
CA4810003,CITY OF FAIRFIELD,L,91803,SW,4810003803,9,CA
CA4810004,CITY OF RIO VISTA,S,004,GW,EP004,9,CA
CA4810004,CITY OF RIO VISTA,S,005,GW,EP005,9,CA
CA4810004,CITY OF RIO VISTA,S,007,GW,EP007,9,CA
CA4810004,CITY OF RIO VISTA,S,010,GW,EP010,9,CA
CA4810004,CITY OF RIO VISTA,S,014,GW,EP014,9,CA
CA4810004,CITY OF RIO VISTA,S,015,GW,EP015,9,CA
CA4810004,CITY OF RIO VISTA,S,017,GW,EP017,9,CA
CA4810005,SUISUN-SOLANO WATER AUTHORITY,L,91804,SW,4810005001,9,CA
CA4810007,CITY OF VALLEJO,L,91803,SW,4810007803,9,CA
CA4810008,CITY OF VACAVILLE,L,90001,GW,4810008001,9,CA
CA4810008,CITY OF VACAVILLE,L,91801,SW,4810008801,9,CA
CA4810008,CITY OF VACAVILLE,L,91802,GW,4810008802,9,CA
CA4810008,CITY OF VACAVILLE,L,91804,SW,4810008804,9,CA
CA4810008,CITY OF VACAVILLE,L,91805,GW,4810008805,9,CA
CA4810008,CITY OF VACAVILLE,L,91807,GW,4810008807,9,CA
CA4810008,CITY OF VACAVILLE,L,91808,GW,4810008808,9,CA
CA4810008,CITY OF VACAVILLE,L,91811,GW,4810008811,9,CA
CA4810008,CITY OF VACAVILLE,L,91815,GW,4810008815,9,CA
CA4810009,CITY OF DIXON,S,DW37,GW,EP001,9,CA
CA4810009,CITY OF DIXON,S,DW48,GW,EP002,9,CA
CA4810009,CITY OF DIXON,S,DW52,GW,EP003,9,CA
CA4810009,CITY OF DIXON,S,DW54,GW,EP004,9,CA
CA4810021,CITY OF VALLEJO-LAKES SYSTEM,S,91021,SW,EP4810021,9,CA
CA4810701,CALIFORNIA WATER SERVICE CO.-TRAVIS AFB,S,10001,SW,CC001,9,CA
CA4810800,CALIFORNIA STATE PRISON - SOLANO,S,10001,SW,EP001,9,CA
CA4810800,CALIFORNIA STATE PRISON - SOLANO,S,10006,SW,EP006,9,CA
CA4900897,RODNEY STRONG VINEYARDS,S,1001,GW,LC1,9,CA
CA4900897,RODNEY STRONG VINEYARDS,S,1002,GW,UC1,9,CA
CA4910002,"CLOVERDALE, CITY OF",S,007,GU,EP1,9,CA
CA4910004,SWEETWATER SPRINGS CWD - GUERNEVILLE,S,10005,GW,EP005,9,CA
CA4910005,"HEALDSBURG, CITY OF",L,91804,GW,4910005801,9,CA
CA4910005,"HEALDSBURG, CITY OF",L,91805,GU,4910005802,9,CA
CA4910005,"HEALDSBURG, CITY OF",L,91806,GU,4910005803,9,CA
CA4910006,"PETALUMA, CITY OF",L,4910006065,GW,4910006065,9,CA
CA4910007,"SEA RANCH WATER COMPANY,THE (PUC)",S,00001,GW,EP001,9,CA
CA4910007,"SEA RANCH WATER COMPANY,THE (PUC)",S,00002,SW,EP002,9,CA
CA4910008,RUSSIAN RIVER COUNTY WATER DISTRICT,S,1,GW,1,9,CA
CA4910009,"SANTA ROSA, CITY OF",L,00012,GW,4910009012,9,CA
CA4910009,"SANTA ROSA, CITY OF",L,00015,GW,4910009015,9,CA
CA4910011,"SEBASTOPOL, CITY OF",S,SEB04,GW,SS01B,9,CA
CA4910011,"SEBASTOPOL, CITY OF",S,SEB06,GW,W6PT,9,CA
CA4910011,"SEBASTOPOL, CITY OF",S,SEB07,GW,W7PT,9,CA
CA4910011,"SEBASTOPOL, CITY OF",S,SEB08,GW,W8PT,9,CA
CA4910012,"SONOMA, CITY OF",L,90001,GW,49100012001,9,CA
CA4910012,"SONOMA, CITY OF",L,91802,GW,4910012802,9,CA
CA4910012,"SONOMA, CITY OF",L,91805,GW,4910012805,9,CA
CA4910012,"SONOMA, CITY OF",L,91806,GW,4910012806,9,CA
CA4910012,"SONOMA, CITY OF",L,91807,GW,4910012807,9,CA
CA4910012,"SONOMA, CITY OF",L,91808,GW,4910012808,9,CA
CA4910013,VALLEY OF THE MOON WATER DISTRICT,L,91801,GW,4910013801,9,CA
CA4910013,VALLEY OF THE MOON WATER DISTRICT,L,91802,GW,4910013802,9,CA
CA4910013,VALLEY OF THE MOON WATER DISTRICT,L,91803,GW,4910013803,9,CA
CA4910013,VALLEY OF THE MOON WATER DISTRICT,L,91804,GW,4910013804,9,CA
CA4910013,VALLEY OF THE MOON WATER DISTRICT,L,91805,GW,4910013805,9,CA
CA4910013,VALLEY OF THE MOON WATER DISTRICT,L,91808,GW,4910013808,9,CA
CA4910013,VALLEY OF THE MOON WATER DISTRICT,L,91809,GW,4910013809,9,CA
CA4910014,"ROHNERT PARK, CITY OF",L,91803,GW,4910014803,9,CA
CA4910014,"ROHNERT PARK, CITY OF",L,91806,GW,4910014806,9,CA
CA4910014,"ROHNERT PARK, CITY OF",L,91811,GW,4910014811,9,CA
CA4910014,"ROHNERT PARK, CITY OF",L,91812,GW,4910014812,9,CA
CA4910014,"ROHNERT PARK, CITY OF",L,91821,GW,4910014821,9,CA
CA4910014,"ROHNERT PARK, CITY OF",L,91830,GW,4910014830,9,CA
CA4910014,"ROHNERT PARK, CITY OF",L,91840,GW,4910014840,9,CA
CA4910014,"ROHNERT PARK, CITY OF",L,91841,GW,4910014841,9,CA
CA4910016,"COTATI, CITY OF",S,20001,GW,EP1,9,CA
CA4910016,"COTATI, CITY OF",S,20002,GW,EP2,9,CA
CA4910016,"COTATI, CITY OF",S,20003,GW,EP3,9,CA
CA4910016,"COTATI, CITY OF",S,20004,GW,EP4,9,CA
CA4910016,"COTATI, CITY OF",S,20005,GW,EP5,9,CA
CA4910017,"WINDSOR, TOWN OF",L,00001,GW,EP01,9,CA
CA4910017,"WINDSOR, TOWN OF",L,00002,GW,EP02,9,CA
CA4910023,CALIFORNIA-AMERICAN LARKFIELD (PUC),S,10001,GW,EP1,9,CA
CA4910023,CALIFORNIA-AMERICAN LARKFIELD (PUC),S,10002,GW,EP2,9,CA
CA4910024,CALIFORNIA-AMERICAN GEYSERVILLE (PUC),S,10001,GW,EP1,9,CA
CA4910024,CALIFORNIA-AMERICAN GEYSERVILLE (PUC),S,10003,GW,EP3,9,CA
CA4910027,SONOMA STATE UNIVERSITY,L,21923,GW,PUMPHOUSE,9,CA
CA5000202,JOE'S TRAVEL PLAZA (EH),S,10001,GW,EP1,9,CA
CA5000202,JOE'S TRAVEL PLAZA (EH),S,10002,GW,EP2,9,CA
CA5000372,STORER TRANSPORTATION,S,CA5000372,GW,SS001,9,CA
CA5000592,MID VALLEY AG,S,10001,GW,EP001,9,CA
CA5010005,CITY OF MODESTO - SALIDA,L,91805,GW,5010005805,9,CA
CA5010005,CITY OF MODESTO - SALIDA,L,91807,GW,5010005807,9,CA
CA5010006,CITY OF WATERFORD,S,10001,GW,EP1,9,CA
CA5010006,CITY OF WATERFORD,S,10002,GW,EP2,9,CA
CA5010006,CITY OF WATERFORD,S,10003,GW,EP3,9,CA
CA5010006,CITY OF WATERFORD,S,10004,GW,EP4,9,CA
CA5010008,"HUGHSON, CITY OF",S,10001,GW,EP1,9,CA
CA5010008,"HUGHSON, CITY OF",S,10002,GW,EP2,9,CA
CA5010008,"HUGHSON, CITY OF",S,10003,GW,EP3,9,CA
CA5010009,KEYES COMMUNITY SERVICES DIST.,S,10001,GW,EP,9,CA
CA5010010,"MODESTO, CITY OF",L,91899,GW,5010010048,9,CA
CA5010010,"MODESTO, CITY OF",L,00245,GW,5010010245,9,CA
CA5010010,"MODESTO, CITY OF",L,91894,GW,5010010894,9,CA
CA5010010,"MODESTO, CITY OF",L,91895,GW,5010010895,9,CA
CA5010010,"MODESTO, CITY OF",L,91896,GW,5010010896,9,CA
CA5010010,"MODESTO, CITY OF",L,91897,GW,5010010897,9,CA
CA5010010,"MODESTO, CITY OF",L,91898,GW,5010010898,9,CA
CA5010010,"MODESTO, CITY OF",L,91900,GW,5010010900,9,CA
CA5010010,"MODESTO, CITY OF",L,91901,GW,5010010901,9,CA
CA5010010,"MODESTO, CITY OF",L,91902,GW,5010010902,9,CA
CA5010010,"MODESTO, CITY OF",L,91903,GW,5010010903,9,CA
CA5010010,"MODESTO, CITY OF",L,91904,GW,5010010904,9,CA
CA5010010,"MODESTO, CITY OF",L,91905,GW,5010010905,9,CA
CA5010010,"MODESTO, CITY OF",L,91906,GW,5010010906,9,CA
CA5010010,"MODESTO, CITY OF",L,91907,GW,5010010907,9,CA
CA5010010,"MODESTO, CITY OF",L,91908,GW,5010010908,9,CA
CA5010010,"MODESTO, CITY OF",L,91909,GW,5010010909,9,CA
CA5010010,"MODESTO, CITY OF",L,91910,GW,5010010910,9,CA
CA5010010,"MODESTO, CITY OF",L,91911,GW,5010010911,9,CA
CA5010010,"MODESTO, CITY OF",L,91913,GW,5010010913,9,CA
CA5010010,"MODESTO, CITY OF",L,91914,GW,5010010914,9,CA
CA5010010,"MODESTO, CITY OF",L,91916,GW,5010010916,9,CA
CA5010010,"MODESTO, CITY OF",L,91917,GW,5010010917,9,CA
CA5010010,"MODESTO, CITY OF",L,91918,GW,5010010918,9,CA
CA5010010,"MODESTO, CITY OF",L,91919,GW,5010010919,9,CA
CA5010010,"MODESTO, CITY OF",L,91920,GW,5010010920,9,CA
CA5010010,"MODESTO, CITY OF",L,91922,GW,5010010922,9,CA
CA5010010,"MODESTO, CITY OF",L,91925,GW,5010010925,9,CA
CA5010010,"MODESTO, CITY OF",L,91926,GW,5010010926,9,CA
CA5010010,"MODESTO, CITY OF",L,91927,GW,5010010927,9,CA
CA5010010,"MODESTO, CITY OF",L,91928,GW,5010010928,9,CA
CA5010010,"MODESTO, CITY OF",L,91929,GW,5010010929,9,CA
CA5010010,"MODESTO, CITY OF",L,91930,GW,5010010930,9,CA
CA5010010,"MODESTO, CITY OF",L,91931,GW,5010010931,9,CA
CA5010010,"MODESTO, CITY OF",L,91933,GW,5010010933,9,CA
CA5010010,"MODESTO, CITY OF",L,91934,GW,5010010934,9,CA
CA5010010,"MODESTO, CITY OF",L,91935,GW,5010010935,9,CA
CA5010010,"MODESTO, CITY OF",L,91936,GW,5010010936,9,CA
CA5010010,"MODESTO, CITY OF",L,91938,GW,5010010938,9,CA
CA5010010,"MODESTO, CITY OF",L,91940,GW,5010010940,9,CA
CA5010010,"MODESTO, CITY OF",L,91941,SW,5010010941,9,CA
CA5010010,"MODESTO, CITY OF",L,91943,GW,5010010943,9,CA
CA5010013,CITY OF NEWMAN-WATER DEPARTMENT,L,00007,GW,5010013007,9,CA
CA5010013,CITY OF NEWMAN-WATER DEPARTMENT,L,00008,GW,5010013008,9,CA
CA5010013,CITY OF NEWMAN-WATER DEPARTMENT,L,00009,GW,5010013009,9,CA
CA5010013,CITY OF NEWMAN-WATER DEPARTMENT,L,00012,GW,5010013010,9,CA
CA5010013,CITY OF NEWMAN-WATER DEPARTMENT,L,00011,GW,5010013011,9,CA
CA5010014,"OAKDALE, CITY OF",L,91007,GW,5010014007,9,CA
CA5010014,"OAKDALE, CITY OF",L,91008,GW,5010014008,9,CA
CA5010014,"OAKDALE, CITY OF",L,91009,GW,5010014009,9,CA
CA5010014,"OAKDALE, CITY OF",L,91010,GW,5010014010,9,CA
CA5010014,"OAKDALE, CITY OF",L,91011,GW,5010014011,9,CA
CA5010014,"OAKDALE, CITY OF",L,91012,GW,5010014012,9,CA
CA5010014,"OAKDALE, CITY OF",L,91013,GW,5010014013,9,CA
CA5010017,"PATTERSON, CITY OF",L,91801,GW,5010017801,9,CA
CA5010017,"PATTERSON, CITY OF",L,91803,GW,5010017803,9,CA
CA5010017,"PATTERSON, CITY OF",L,91805,GW,5010017805,9,CA
CA5010017,"PATTERSON, CITY OF",L,91806,GW,5010017806,9,CA
CA5010017,"PATTERSON, CITY OF",L,91807,GW,5010017808,9,CA
CA5010017,"PATTERSON, CITY OF",L,91808,GW,5010017809,9,CA
CA5010018,"RIVERBANK, CITY OF",L,91002,GW,5010018002,9,CA
CA5010018,"RIVERBANK, CITY OF",L,91003,GW,5010018003,9,CA
CA5010018,"RIVERBANK, CITY OF",L,91004,GW,5010018004,9,CA
CA5010018,"RIVERBANK, CITY OF",L,91006,GW,5010018006,9,CA
CA5010018,"RIVERBANK, CITY OF",L,91007,GW,5010018007,9,CA
CA5010018,"RIVERBANK, CITY OF",L,91008,GW,5010018008,9,CA
CA5010018,"RIVERBANK, CITY OF",L,91009,GW,5010018009,9,CA
CA5010018,"RIVERBANK, CITY OF",L,91001,GW,5010018010,9,CA
CA5010018,"RIVERBANK, CITY OF",L,91012,GW,5010018012,9,CA
CA5010019,"TURLOCK, CITY OF",L,00008,GW,5010019008,9,CA
CA5010019,"TURLOCK, CITY OF",L,00027,GW,5010019027,9,CA
CA5010019,"TURLOCK, CITY OF",L,00030,GW,5010019030,9,CA
CA5010019,"TURLOCK, CITY OF",L,00035,GW,5010019035,9,CA
CA5010019,"TURLOCK, CITY OF",L,00036,GW,5010019036,9,CA
CA5010021,DENAIR COMMUNITY SERVICES DISTRICT,S,7,GW,701,9,CA
CA5010021,DENAIR COMMUNITY SERVICES DISTRICT,S,8,GW,801,9,CA
CA5010021,DENAIR COMMUNITY SERVICES DISTRICT,S,PW10,GW,PW1001,9,CA
CA5010021,DENAIR COMMUNITY SERVICES DISTRICT,S,PW9,GW,PW901,9,CA
CA5010028,"CERES, CITY OF",L,91810,GW,5010028810,9,CA
CA5010028,"CERES, CITY OF",L,91811,GW,5010028811,9,CA
CA5010028,"CERES, CITY OF",L,91812,GW,5010028812,9,CA
CA5010028,"CERES, CITY OF",L,91813,GW,5010028813,9,CA
CA5010028,"CERES, CITY OF",L,91815,GW,5010028815,9,CA
CA5010028,"CERES, CITY OF",L,91816,GW,5010028816,9,CA
CA5010028,"CERES, CITY OF",L,91817,GW,5010028817,9,CA
CA5010028,"CERES, CITY OF",L,91818,GW,5010028818,9,CA
CA5110001,"CITY OF LIVE OAK, CA",S,10010,GW,CA5110001010010,9,CA
CA5110001,"CITY OF LIVE OAK, CA",S,10015,GW,CA5110001015015,9,CA
CA5110001,"CITY OF LIVE OAK, CA",S,10018,GW,CA5110001018018,9,CA
CA5110001,"CITY OF LIVE OAK, CA",S,10008,GW,CA511001008008,9,CA
CA5110002,CITY OF YUBA CITY,L,00012,SW,006,9,CA
CA5210001,CITY OF CORNING,S,10001,GW,EP11,9,CA
CA5210001,CITY OF CORNING,S,10002,GW,EP12,9,CA
CA5210001,CITY OF CORNING,S,10003,GW,EP13,9,CA
CA5210001,CITY OF CORNING,S,10005,GW,EP15,9,CA
CA5210001,CITY OF CORNING,S,10006,GW,EP16,9,CA
CA5210001,CITY OF CORNING,S,10007,GW,EP17,9,CA
CA5210001,CITY OF CORNING,S,10008,GW,EP20,9,CA
CA5210004,CITY OF RED BLUFF,L,91003,GW,5210004003,9,CA
CA5210004,CITY OF RED BLUFF,L,91004,GW,5210004004,9,CA
CA5210004,CITY OF RED BLUFF,L,91005,GW,5210004005,9,CA
CA5210004,CITY OF RED BLUFF,L,91007,GW,5210004007,9,CA
CA5210004,CITY OF RED BLUFF,L,91008,GW,5210004008,9,CA
CA5210004,CITY OF RED BLUFF,L,91009,GW,5210004009,9,CA
CA5210004,CITY OF RED BLUFF,L,91010,GW,5210004010,9,CA
CA5210004,CITY OF RED BLUFF,L,91011,GW,5210004011,9,CA
CA5210004,CITY OF RED BLUFF,L,91012,GW,5210004012,9,CA
CA5210004,CITY OF RED BLUFF,L,91014,GW,5210004014,9,CA
CA5210004,CITY OF RED BLUFF,L,91015,GW,5210004015,9,CA
CA5310001,WEAVERVILLE C.S.D.,S,10001,SW,EP1,9,CA
CA5310001,WEAVERVILLE C.S.D.,S,10002,SW,EP2,9,CA
CA5310001,WEAVERVILLE C.S.D.,S,10003,SW,EP3,9,CA
CA5402038,PATTERSON TRACT CSD,S,10001,GW,003,9,CA
CA5410001,CUTLER PUD,S,10001,GW,EP1,9,CA
CA5410001,CUTLER PUD,S,10002,GW,EP2,9,CA
CA5410002,"DINUBA, CITY OF",L,00017,GW,5410002017,9,CA
CA5410002,"DINUBA, CITY OF",L,91805,GW,5410002022,9,CA
CA5410002,"DINUBA, CITY OF",L,91806,GW,5410002023,9,CA
CA5410002,"DINUBA, CITY OF",L,91807,GW,5410002024,9,CA
CA5410002,"DINUBA, CITY OF",L,91800,GW,5410002026,9,CA
CA5410002,"DINUBA, CITY OF",L,91803,GW,5410002027,9,CA
CA5410002,"DINUBA, CITY OF",L,91804,GW,5410002028,9,CA
CA5410003,"EXETER, CITY OF",L,00008,GW,5410003008,9,CA
CA5410003,"EXETER, CITY OF",L,00011,GW,5410003011,9,CA
CA5410003,"EXETER, CITY OF",L,00015,GW,5410003015,9,CA
CA5410003,"EXETER, CITY OF",L,00017,GW,5410003017,9,CA
CA5410004,"FARMERSVILLE, CITY OF",L,00011,GW,5410004011,9,CA
CA5410004,"FARMERSVILLE, CITY OF",L,00012,GW,5410004012,9,CA
CA5410004,"FARMERSVILLE, CITY OF",L,00013,GW,5410004013,9,CA
CA5410004,"FARMERSVILLE, CITY OF",L,00015,GW,5410004015,9,CA
CA5410006,"LINDSAY, CITY OF",L,91803,SW,5410006803,9,CA
CA5410006,"LINDSAY, CITY OF",L,91806,GW,5410006806,9,CA
CA5410006,"LINDSAY, CITY OF",L,91807,GW,5410006807,9,CA
CA5410008,OROSI PUBLIC UTILITY DISTRICT,S,20001,GW,EP001,9,CA
CA5410008,OROSI PUBLIC UTILITY DISTRICT,S,20002,GW,EP002,9,CA
CA5410008,OROSI PUBLIC UTILITY DISTRICT,S,20003,GW,EP003,9,CA
CA5410008,OROSI PUBLIC UTILITY DISTRICT,S,20004,GW,EP004,9,CA
CA5410010,"PORTERVILLE, CITY OF",L,91801,GW,5410010801,9,CA
CA5410010,"PORTERVILLE, CITY OF",L,91802,GW,5410010802,9,CA
CA5410010,"PORTERVILLE, CITY OF",L,91806,GW,5410010806,9,CA
CA5410010,"PORTERVILLE, CITY OF",L,91807,GW,5410010807,9,CA
CA5410010,"PORTERVILLE, CITY OF",L,91809,GW,5410010809,9,CA
CA5410010,"PORTERVILLE, CITY OF",L,91811,GW,5410010811,9,CA
CA5410010,"PORTERVILLE, CITY OF",L,91812,GW,5410010812,9,CA
CA5410010,"PORTERVILLE, CITY OF",L,91813,GW,5410010813,9,CA
CA5410010,"PORTERVILLE, CITY OF",L,91814,GW,5410010814,9,CA
CA5410010,"PORTERVILLE, CITY OF",L,91817,GW,5410010817,9,CA
CA5410010,"PORTERVILLE, CITY OF",L,91818,GW,5410010818,9,CA
CA5410010,"PORTERVILLE, CITY OF",L,91819,GW,5410010819,9,CA
CA5410010,"PORTERVILLE, CITY OF",L,91820,GW,5410010820,9,CA
CA5410010,"PORTERVILLE, CITY OF",L,91821,GW,5410010821,9,CA
CA5410010,"PORTERVILLE, CITY OF",L,91822,GW,5410010822,9,CA
CA5410010,"PORTERVILLE, CITY OF",L,91823,GW,5410010823,9,CA
CA5410010,"PORTERVILLE, CITY OF",L,91824,GW,5410010824,9,CA
CA5410010,"PORTERVILLE, CITY OF",L,91825,GW,5410010825,9,CA
CA5410010,"PORTERVILLE, CITY OF",L,91829,GW,5410010829,9,CA
CA5410010,"PORTERVILLE, CITY OF",L,91830,GW,5410010830,9,CA
CA5410010,"PORTERVILLE, CITY OF",L,91831,GW,5410010831,9,CA
CA5410010,"PORTERVILLE, CITY OF",L,91832,GW,5410010832,9,CA
CA5410010,"PORTERVILLE, CITY OF",L,91833,GW,5410010833,9,CA
CA5410010,"PORTERVILLE, CITY OF",L,91834,GW,5410010834,9,CA
CA5410010,"PORTERVILLE, CITY OF",L,91835,GW,5410010835,9,CA
CA5410010,"PORTERVILLE, CITY OF",L,91836,GW,5410010836,9,CA
CA5410010,"PORTERVILLE, CITY OF",L,91837,GW,5410010837,9,CA
CA5410010,"PORTERVILLE, CITY OF",L,91838,GW,5410010838,9,CA
CA5410010,"PORTERVILLE, CITY OF",L,54876,GW,5410010839,9,CA
CA5410010,"PORTERVILLE, CITY OF",L,54877,GW,5410010840,9,CA
CA5410014,TIPTON COMMUNITY SERVICES DIST,S,10001,GW,EP1,9,CA
CA5410014,TIPTON COMMUNITY SERVICES DIST,S,10002,GW,EP2,9,CA
CA5410014,TIPTON COMMUNITY SERVICES DIST,S,10003,GW,EP3,9,CA
CA5410015,"TULARE, CITY OF",L,15062,GW,5410015062,9,CA
CA5410015,"TULARE, CITY OF",L,15066,GW,5410015066,9,CA
CA5410015,"TULARE, CITY OF",L,15069,GW,5410015069,9,CA
CA5410015,"TULARE, CITY OF",L,15074,GW,5410015074,9,CA
CA5410015,"TULARE, CITY OF",L,15076,GW,5410015076,9,CA
CA5410015,"TULARE, CITY OF",L,15078,GW,5410015078,9,CA
CA5410015,"TULARE, CITY OF",L,15081,GW,5410015081,9,CA
CA5410015,"TULARE, CITY OF",L,91801,GW,5410015801,9,CA
CA5410015,"TULARE, CITY OF",L,91802,GW,5410015802,9,CA
CA5410015,"TULARE, CITY OF",L,91803,GW,5410015803,9,CA
CA5410015,"TULARE, CITY OF",L,91804,GW,5410015804,9,CA
CA5410015,"TULARE, CITY OF",L,91808,GW,5410015808,9,CA
CA5410015,"TULARE, CITY OF",L,91809,GW,5410015809,9,CA
CA5410015,"TULARE, CITY OF",L,91810,GW,5410015810,9,CA
CA5410015,"TULARE, CITY OF",L,91811,GW,5410015811,9,CA
CA5410015,"TULARE, CITY OF",L,91815,GW,5410015815,9,CA
CA5410015,"TULARE, CITY OF",L,91816,GW,5410015816,9,CA
CA5410015,"TULARE, CITY OF",L,91817,GW,5410015817,9,CA
CA5410015,"TULARE, CITY OF",L,91820,GW,5410015820,9,CA
CA5410015,"TULARE, CITY OF",L,91821,GW,5410015821,9,CA
CA5410015,"TULARE, CITY OF",L,91822,GW,5410015822,9,CA
CA5410015,"TULARE, CITY OF",L,91826,GW,5410015826,9,CA
CA5410016,CWS - VISALIA,L,91801,GW,5410015801,9,CA
CA5410016,CWS - VISALIA,L,91803,GW,5410016803,9,CA
CA5410016,CWS - VISALIA,L,91804,GW,5410016804,9,CA
CA5410016,CWS - VISALIA,L,91807,GW,5410016807,9,CA
CA5410016,CWS - VISALIA,L,91808,GW,5410016808,9,CA
CA5410016,CWS - VISALIA,L,91810,GW,5410016810,9,CA
CA5410016,CWS - VISALIA,L,91811,GW,5410016811,9,CA
CA5410016,CWS - VISALIA,L,91812,GW,5410016812,9,CA
CA5410016,CWS - VISALIA,L,91817,GW,5410016817,9,CA
CA5410016,CWS - VISALIA,L,91818,GW,5410016818,9,CA
CA5410016,CWS - VISALIA,L,91823,GW,5410016823,9,CA
CA5410016,CWS - VISALIA,L,91827,GW,5410016827,9,CA
CA5410016,CWS - VISALIA,L,91828,GW,5410016828,9,CA
CA5410016,CWS - VISALIA,L,91829,GW,5410016829,9,CA
CA5410016,CWS - VISALIA,L,91833,GW,5410016833,9,CA
CA5410016,CWS - VISALIA,L,91836,GW,5410016836,9,CA
CA5410016,CWS - VISALIA,L,91837,GW,5410016837,9,CA
CA5410016,CWS - VISALIA,L,91839,GW,5410016839,9,CA
CA5410016,CWS - VISALIA,L,91841,GW,5410016841,9,CA
CA5410016,CWS - VISALIA,L,91842,GW,5410016842,9,CA
CA5410016,CWS - VISALIA,L,91843,GW,5410016843,9,CA
CA5410016,CWS - VISALIA,L,91844,GW,5410016844,9,CA
CA5410016,CWS - VISALIA,L,91845,GW,5410016845,9,CA
CA5410016,CWS - VISALIA,L,91846,GW,5410016846,9,CA
CA5410016,CWS - VISALIA,L,91847,GW,5410016847,9,CA
CA5410016,CWS - VISALIA,L,91848,GW,5410016848,9,CA
CA5410016,CWS - VISALIA,L,91849,GW,5410016849,9,CA
CA5410016,CWS - VISALIA,L,91852,GW,5410016852,9,CA
CA5410016,CWS - VISALIA,L,91854,GW,5410016854,9,CA
CA5410016,CWS - VISALIA,L,91860,GW,5410016860,9,CA
CA5410016,CWS - VISALIA,L,91863,GW,5410016863,9,CA
CA5410016,CWS - VISALIA,L,91864,GW,5410016864,9,CA
CA5410016,CWS - VISALIA,L,91866,GW,5410016866,9,CA
CA5410016,CWS - VISALIA,L,91869,GW,5410016869,9,CA
CA5410016,CWS - VISALIA,L,91870,GW,5410016870,9,CA
CA5410016,CWS - VISALIA,L,91879,GW,5410016879,9,CA
CA5410016,CWS - VISALIA,L,91880,GW,5410016880,9,CA
CA5410016,CWS - VISALIA,L,91901,GW,5410016901,9,CA
CA5410016,CWS - VISALIA,L,91902,GW,5410016902,9,CA
CA5410016,CWS - VISALIA,L,91903,GW,5410016903,9,CA
CA5410016,CWS - VISALIA,L,91904,GW,5410016904,9,CA
CA5410016,CWS - VISALIA,L,91905,GW,5410016905,9,CA
CA5410016,CWS - VISALIA,L,91906,GW,5410016906,9,CA
CA5410019,IVANHOE PUBLIC UTILITY DIST,S,004,GW,EP004,9,CA
CA5410019,IVANHOE PUBLIC UTILITY DIST,S,006,GW,EP006,9,CA
CA5410019,IVANHOE PUBLIC UTILITY DIST,S,007,GW,EP007,9,CA
CA5410019,IVANHOE PUBLIC UTILITY DIST,S,008,GW,EP008,9,CA
CA5410020,"WOODLAKE, CITY OF",S,004,GW,EP001,9,CA
CA5410020,"WOODLAKE, CITY OF",S,005,GW,EP002,9,CA
CA5410020,"WOODLAKE, CITY OF",S,006,GW,EP003,9,CA
CA5410020,"WOODLAKE, CITY OF",S,007,GW,EP004,9,CA
CA5410020,"WOODLAKE, CITY OF",S,008,GW,EP005,9,CA
CA5410020,"WOODLAKE, CITY OF",S,009,GW,EP006,9,CA
CA5410020,"WOODLAKE, CITY OF",S,010,GW,EP007,9,CA
CA5410021,EARLIMART PUD,S,10001,GW,EP001,9,CA
CA5410021,EARLIMART PUD,S,10002,GW,EP002,9,CA
CA5410021,EARLIMART PUD,S,10003,GW,EP003,9,CA
CA5410021,EARLIMART PUD,S,10004,GW,EP004,9,CA
CA5410038,TERRA BELLA IRRIGATION DISTRICT - TBT,S,CA5410038,SW,TANK,9,CA
CA5410048,PORTERVILLE-JONES CORNER,S,10001,GW,003,9,CA
CA5410048,PORTERVILLE-JONES CORNER,S,10002,GW,004,9,CA
CA5500363,TUD-WARDS FERRY RANCHES,S,10001,GW,CA5500363004004,9,CA
CA5510001,TUD - SONORA/JAMESTOWN WATER SYSTEM,L,00007,SW,5510001007,9,CA
CA5510009,GROVELAND COMMUNITY SERV DIST,S,10001,SW,EP001,9,CA
CA5510009,GROVELAND COMMUNITY SERV DIST,S,10003,SW,EP003,9,CA
CA5510009,GROVELAND COMMUNITY SERV DIST,S,10005,SW,EP005,9,CA
CA5510012,TUD - UPPER BASIN WATER SYSTEM,S,10001,SW,CA5510012010010,9,CA
CA5510012,TUD - UPPER BASIN WATER SYSTEM,S,10003,SW,CA5510012023023,9,CA
CA5510012,TUD - UPPER BASIN WATER SYSTEM,S,10002,SW,CA5510012027027,9,CA
CA5510013,TUD - COLUMBIA WATER SYSTEM,S,10001,SW,CA5510013011011,9,CA
CA5510013,TUD - COLUMBIA WATER SYSTEM,S,10002,SW,CA5510013014014,9,CA
CA5610002,FILLMORE WATER DEPT,L,00007,GW,EP007,9,CA
CA5610002,FILLMORE WATER DEPT,L,00008,GW,EP008,9,CA
CA5610005,MEINERS OAKS CWD,S,20001,GU,EP001,9,CA
CA5610005,MEINERS OAKS CWD,S,20002,GU,EP002,9,CA
CA5610005,MEINERS OAKS CWD,S,20003,GW,EP003,9,CA
CA5610005,MEINERS OAKS CWD,S,20004,GW,EP004,9,CA
CA5610007,OXNARD WATER DEPT,L,91805,MX,5610007805,9,CA
CA5610007,OXNARD WATER DEPT,L,91806,MX,5610007806,9,CA
CA5610007,OXNARD WATER DEPT,L,91807,MX,5610007807,9,CA
CA5610008,PLEASANT VALLEY MUTUAL WATER CO,S,101,SW,EP001,9,CA
CA5610008,PLEASANT VALLEY MUTUAL WATER CO,S,102,MX,EP002,9,CA
CA5610009,PORT HUENEME WATER DEPT,L,00009,SW,5610009009,9,CA
CA5610011,SANTA PAULA WATER SYSTEM,L,91801,GW,5610011801,9,CA
CA5610011,SANTA PAULA WATER SYSTEM,L,91802,GW,5610011802,9,CA
CA5610011,SANTA PAULA WATER SYSTEM,L,91803,GW,5610011803,9,CA
CA5610014,OJAI WATER SYSTEM,S,10001,MX,CA56100014016016,9,CA
CA5610016,CALIFORNIA WATER SERVICE CO - WESTLAKE,L,00001,SW,5610016001,9,CA
CA5610017,VENTURA WATER DEPARTMENT,L,91803,SW,5610017803,9,CA
CA5610017,VENTURA WATER DEPARTMENT,L,91804,GW,5610017804,9,CA
CA5610017,VENTURA WATER DEPARTMENT,L,91805,GW,5610017805,9,CA
CA5610017,VENTURA WATER DEPARTMENT,L,91806,SW,CM1,9,CA
CA5610018,VENTURA CWWD NO. 1 - MOORPARK,L,00010,SW,005,9,CA
CA5610018,VENTURA CWWD NO. 1 - MOORPARK,L,91801,GW,5610018801,9,CA
CA5610018,VENTURA CWWD NO. 1 - MOORPARK,L,91804,GW,5610018804,9,CA
CA5610018,VENTURA CWWD NO. 1 - MOORPARK,L,91805,GW,5610018805,9,CA
CA5610019,CAMARILLO WATER DEPT,L,00011,SW,5610019011,9,CA
CA5610019,CAMARILLO WATER DEPT,L,00012,MX,5610019012,9,CA
CA5610019,CAMARILLO WATER DEPT,L,91806,GW,5610019805,9,CA
CA5610020,THOUSAND OAKS WATER DEPT,L,00001,SW,5610020001,9,CA
CA5610022,VENTURA RIVER WATER DISTRICT,S,10001,GW,EP1,9,CA
CA5610022,VENTURA RIVER WATER DISTRICT,S,10002,GW,EP2,9,CA
CA5610022,VENTURA RIVER WATER DISTRICT,S,10003,SW,EP3,9,CA
CA5610023,VENTURA WWD NO. 8 - SIMI VALLEY,L,00010,SW,5610023010,9,CA
CA5610023,VENTURA WWD NO. 8 - SIMI VALLEY,L,00011,GW,5610023011,9,CA
CA5610024,CASITAS MUNICIPAL WATER DIST,L,CMWD10001,SW,CA5610024006006,9,CA
CA5610024,CASITAS MUNICIPAL WATER DIST,L,CMWD10002,MX,CA5610024007007,9,CA
CA5610039,CHANNEL ISLANDS BEACH CSD,S,20003,SW,EP3,9,CA
CA5610040,CAL AMERICAN WATER CO,L,00005,SW,5610040005,9,CA
CA5610043,OAK PARK WATER SERVICE,L,00001,SW,5610043001,9,CA
CA5610059,GOLDEN STATE WATER COMPANY - SIMI VALLEY,L,59005,SW,5610059005,9,CA
CA5610059,GOLDEN STATE WATER COMPANY - SIMI VALLEY,L,91801,GW,5610059801,9,CA
CA5610063,CAMROSA WATER DISTRICT,L,90010,GW,5610063010,9,CA
CA5610063,CAMROSA WATER DISTRICT,L,00018,SW,5610063018,9,CA
CA5610063,CAMROSA WATER DISTRICT,L,91801,GW,5610063801,9,CA
CA5610063,CAMROSA WATER DISTRICT,L,91802,GW,5610063802,9,CA
CA5610063,CAMROSA WATER DISTRICT,L,91803,GW,5610063803,9,CA
CA5710001,CITY OF DAVIS,L,00002,GW,EP002,9,CA
CA5710001,CITY OF DAVIS,L,00003,GW,EP003,9,CA
CA5710001,CITY OF DAVIS,L,00004,GW,EP004,9,CA
CA5710001,CITY OF DAVIS,L,00005,GW,EP005,9,CA
CA5710001,CITY OF DAVIS,L,00006,GW,EP006,9,CA
CA5710001,CITY OF DAVIS,L,00007,GW,EP007,9,CA
CA5710001,CITY OF DAVIS,L,00008,SW,EP008,9,CA
CA5710001,CITY OF DAVIS,L,00017,GW,EP009,9,CA
CA5710003,CITY OF WEST SACRAMENTO,L,91801,SW,5710001801,9,CA
CA5710005,CITY OF WINTERS,S,20001,GW,EP001,9,CA
CA5710005,CITY OF WINTERS,S,20002,GW,EP002,9,CA
CA5710005,CITY OF WINTERS,S,20003,GW,EP003,9,CA
CA5710005,CITY OF WINTERS,S,20004,GW,EP004,9,CA
CA5710005,CITY OF WINTERS,S,20005,GW,EP005,9,CA
CA5710006,CITY OF WOODLAND,L,90001,SW,5710006001,9,CA
CA5710006,CITY OF WOODLAND,L,90002,SW,5710006002,9,CA
CA5710006,CITY OF WOODLAND,L,90003,SW,5710006003,9,CA
CA5710006,CITY OF WOODLAND,L,91812,GW,5710006812,9,CA
CA5710006,CITY OF WOODLAND,L,91832,SW,5710006832,9,CA
CA5710006,CITY OF WOODLAND,L,90004,GW,CA5710006015,9,CA
CA5710006,CITY OF WOODLAND,L,90005,GW,CA5710006024,9,CA
CA5710006,CITY OF WOODLAND,L,90006,GW,CA5710006025,9,CA
CA5710009,UC Davis,L,90001,GW,5710009001,9,CA
CA5710009,UC Davis,L,90002,GW,5710009002,9,CA
CA5710009,UC Davis,L,90004,GW,5710009004,9,CA
CA5710009,UC Davis,L,91014,GW,5710009014,9,CA
CA5710009,UC Davis,L,91015,GW,5710009015,9,CA
CA5710009,UC Davis,L,91026,GW,5710009026,9,CA
CA5710009,UC Davis,L,90027,SW,5710009027,9,CA
CA5800809,LAKE OF THE SPRINGS,S,001,GW,001,9,CA
CA5800809,LAKE OF THE SPRINGS,S,002,GW,002,9,CA
CA5805001,PLUMAS LAKE,S,103132,GW,EP3132,9,CA
CA5805001,PLUMAS LAKE,S,10134,GW,EP34,9,CA
CA5810001,CAL-WATER SERVICE CO.-MARYSVILLE,L,91801,GW,5810001801,9,CA
CA5810001,CAL-WATER SERVICE CO.-MARYSVILLE,L,91802,GW,5810001802,9,CA
CA5810001,CAL-WATER SERVICE CO.-MARYSVILLE,L,91803,GW,5810001803,9,CA
CA5810001,CAL-WATER SERVICE CO.-MARYSVILLE,L,91804,GW,5810001804,9,CA
CA5810001,CAL-WATER SERVICE CO.-MARYSVILLE,L,91805,GW,5810001805,9,CA
CA5810001,CAL-WATER SERVICE CO.-MARYSVILLE,L,91806,GW,5810001806,9,CA
CA5810001,CAL-WATER SERVICE CO.-MARYSVILLE,L,91809,GW,5810001809,9,CA
CA5810001,CAL-WATER SERVICE CO.-MARYSVILLE,L,91810,GW,5810001810,9,CA
CA5810002,LINDA COUNTY WATER DISTRICT,L,20012,GW,012,9,CA
CA5810002,LINDA COUNTY WATER DISTRICT,L,20013,GW,013,9,CA
CA5810002,LINDA COUNTY WATER DISTRICT,L,20014,GW,014,9,CA
CA5810002,LINDA COUNTY WATER DISTRICT,L,20016,GW,016,9,CA
CA5810003,OLIVEHURST PUBLIC U.D.,L,58104,GW,EP14,9,CA
CA5810003,OLIVEHURST PUBLIC U.D.,L,58128,GW,EP28,9,CA
CA5810003,OLIVEHURST PUBLIC U.D.,L,58129,GW,EP2930,9,CA
CA5810004,CITY OF WHEATLAND,S,004,GW,004,9,CA
CA5810004,CITY OF WHEATLAND,S,007,GW,007,9,CA
CA5810004,CITY OF WHEATLAND,S,011,GW,011,9,CA
CA5810004,CITY OF WHEATLAND,S,012,GW,012,9,CA
CA5810004,CITY OF WHEATLAND,S,013,GW,013,9,CA
CA5810004,CITY OF WHEATLAND,S,014,GW,014,9,CA
CA5810700,BEALE AIR FORCE BASE,S,10001,GW,EP1,9,CA
