sample_id,PFBS,PFHxA,PFHxS,PFOA,PFOS,PFPeA
TX0010001_EP001MC_2024-02-21_SE1,< 0.003,< 0.003,< 0.003,< 0.004,< 0.004,< 0.003
TX0010020_EP002_2025-04-09_SE1,< 0.003,< 0.003,< 0.003,< 0.004,< 0.004,< 0.003
TX0010020_EP003_2025-04-09_SE1,< 0.003,< 0.003,< 0.003,< 0.004,< 0.004,< 0.003
TX0010020_EP004_2025-06-03_SE1,< 0.003,< 0.003,< 0.003,< 0.004,< 0.004,< 0.003
TX0010030_TRTTAP_2024-05-06_SE1,< 0.003,< 0.003,< 0.003,< 0.004,< 0.004,< 0.003
TX0010031_EP001_2025-02-03_SE1,< 0.003,< 0.003,< 0.003,< 0.004,< 0.004,< 0.003
TX0010031_EP002_2025-02-03_SE1,< 0.003,< 0.003,< 0.003,< 0.004,< 0.004,< 0.003
TX0010031_EP003_2025-02-03_SE1,< 0.003,< 0.003,< 0.003,< 0.004,< 0.004,< 0.003
TX0010036_TRTTAP_2023-01-30_SE1,< 0.003,< 0.003,< 0.003,< 0.004,< 0.004,< 0.003
TX0010036_TRTTAP_2023-05-09_SE1,< 0.003,< 0.003,< 0.003,< 0.004,< 0.004,< 0.003
TX0010044_EP001_2025-01-27_SE1,< 0.003,< 0.003,< 0.003,< 0.004,< 0.004,< 0.003
TX0010044_EP002_2025-01-27_SE1,< 0.003,< 0.003,< 0.003,< 0.004,< 0.004,< 0.003
TX0010044_EP003_2025-01-27_SE1,< 0.003,< 0.003,< 0.003,< 0.004,< 0.004,< 0.003
TX0020001_000A1_2024-12-10_SE1,< 0.003,< 0.003,< 0.003,< 0.004,< 0.004,< 0.003
TX0030001_EP001_2025-03-18_SE1,< 0.003,< 0.003,< 0.003,< 0.004,< 0.004,< 0.003
TX0030001_EP002_2025-01-08_SE1,< 0.003,< 0.003,< 0.003,< 0.004,< 0.004,< 0.003
TX0030001_EP003_2025-01-08_SE1,< 0.003,< 0.003,< 0.003,< 0.004,< 0.004,< 0.003
TX0030004_EP001MC_2023-04-18_SE1,< 0.003,< 0.003,< 0.003,< 0.004,< 0.004,< 0.003
TX0030004_EP002MC_2023-04-18_SE1,< 0.003,< 0.003,< 0.003,< 0.004,< 0.004,< 0.003
TX0030016_EP002_2025-04-08_SE1,< 0.003,< 0.003,< 0.003,< 0.004,< 0.004,< 0.003
TX0030016_EP003_2025-04-08_SE1,< 0.003,< 0.003,< 0.003,< 0.004,< 0.004,< 0.003
TX0030016_EP004_2025-04-08_SE1,< 0.003,< 0.003,< 0.003,< 0.004,< 0.004,< 0.003
TX0030019_TRTTAP_2024-02-07_SE1,< 0.003,< 0.003,< 0.003,< 0.004,< 0.004,< 0.003
TX0030020_TRTTAP_2024-01-08_SE1,< 0.003,< 0.003,< 0.003,< 0.004,< 0.004,< 0.003
TX0030020_TRTTAP_2024-01-10_SE1,< 0.003,< 0.003,< 0.003,< 0.004,< 0.004,< 0.003
TX0030023_EP004_2023-04-24_SE1,< 0.003,< 0.003,< 0.003,< 0.004,< 0.004,< 0.003
TX0030023_EP005_2023-04-24_SE1,< 0.003,< 0.003,< 0.003,< 0.004,< 0.004,< 0.003
TX0040002_EP001_2023-03-23_SE1,< 0.003,< 0.003,< 0.003,< 0.004,< 0.004,.0032
TX0040002_EP002_2023-03-23_SE1,< 0.003,< 0.003,< 0.003,< 0.004,< 0.004,.003
TX0070002_EP001_2025-06-09_SE1,< 0.003,< 0.003,< 0.003,< 0.004,< 0.004,< 0.003
TX0070002_EP004_2025-06-09_SE1,< 0.003,< 0.003,< 0.003,< 0.004,< 0.004,< 0.003
TX0070002_EP005_2025-06-09_SE1,< 0.003,< 0.003,< 0.003,< 0.004,< 0.004,< 0.003
TX0070003_EP001_2025-02-20_SE1,< 0.003,< 0.003,< 0.003,< 0.004,< 0.004,< 0.003
TX0070003_EP002_2025-02-20_SE1,< 0.003,< 0.003,< 0.003,< 0.004,< 0.004,< 0.003
TX0070003_EP003_2025-02-20_SE1,< 0.003,< 0.003,< 0.003,< 0.004,< 0.004,< 0.003
TX0070003_EP004_2025-02-20_SE1,< 0.003,< 0.003,< 0.003,< 0.004,< 0.004,< 0.003
TX0070003_EP005_2025-02-20_SE1,< 0.003,< 0.003,< 0.003,< 0.004,< 0.004,< 0.003
TX0070003_EP006_2025-02-20_SE1,< 0.003,< 0.003,< 0.003,< 0.004,< 0.004,< 0.003
TX0070004_TRTTAP_2025-09-15_SE1,< 0.003,< 0.003,< 0.003,< 0.004,< 0.004,< 0.003
TX0070005_EP001_2025-03-17_SE1,< 0.003,< 0.003,< 0.003,< 0.004,< 0.004,< 0.003
TX0070005_EP002_2025-03-17_SE1,< 0.003,< 0.003,< 0.003,< 0.004,< 0.004,< 0.003
TX0070005_EP003_2025-03-17_SE1,< 0.003,< 0.003,< 0.003,< 0.004,< 0.004,< 0.003
TX0070016_EP001_2024-03-05_SE1,< 0.003,< 0.003,< 0.003,< 0.004,< 0.004,< 0.003
TX0070016_EP003_2024-03-05_SE1,< 0.003,< 0.003,< 0.003,< 0.004,< 0.004,< 0.003
TX0070023_TRTTAP_2024-01-09_SE1,< 0.003,< 0.003,< 0.003,< 0.004,< 0.004,< 0.003
TX0070023_TRTTAP_2024-01-29_SE1,< 0.003,< 0.003,< 0.003,< 0.004,< 0.004,< 0.003
TX0080001_EP001_2025-05-27_SE1,< 0.003,< 0.003,< 0.003,< 0.004,< 0.004,< 0.003
TX0080002_TRTTAP_2023-05-01_SE1,< 0.003,< 0.003,< 0.003,< 0.004,< 0.004,< 0.003
TX0080043_EP001_2023-05-08_SE1,< 0.003,< 0.003,< 0.003,< 0.004,< 0.004,< 0.003
TX0090001_TRTTAP_2024-06-05_SE1,< 0.003,< 0.003,< 0.003,< 0.004,< 0.004,< 0.003
TX0110001_EP004_2025-04-14_SE1,< 0.003,< 0.003,< 0.003,< 0.004,< 0.004,< 0.003
TX0110002_TRTTAP_2024-06-03_SE1,< 0.003,< 0.003,< 0.003,< 0.004,< 0.004,< 0.003
TX0110003_EP001_2025-05-20_SE1,< 0.003,< 0.003,< 0.003,< 0.004,< 0.004,< 0.003
TX0110003_EP002_2025-05-20_SE1,< 0.003,< 0.003,< 0.003,< 0.004,< 0.004,< 0.003
TX0110013_EP001MC_2024-04-19_SE1,< 0.003,< 0.003,< 0.003,< 0.004,< 0.004,< 0.003
TX0110013_EP002MC_2024-04-19_SE1,< 0.003,< 0.003,< 0.003,< 0.004,< 0.004,< 0.003
TX0110013_EP003MC_2024-04-19_SE1,< 0.003,< 0.003,< 0.003,< 0.004,< 0.004,< 0.003
TX0110013_EP004MC_2024-04-19_SE1,< 0.003,< 0.003,< 0.003,< 0.004,< 0.004,< 0.003
TX0110013_EP005MC_2024-04-19_SE1,< 0.003,< 0.003,< 0.003,< 0.004,< 0.004,< 0.003
TX0110013_EP006MC_2024-04-19_SE1,< 0.003,< 0.003,< 0.003,< 0.004,< 0.004,< 0.003
TX0110013_EP007MC_2024-04-19_SE1,< 0.003,< 0.003,< 0.003,< 0.004,< 0.004,< 0.003
TX0110013_EP008MC_2024-04-19_SE1,< 0.003,< 0.003,< 0.003,< 0.004,< 0.004,< 0.003
TX0110013_EP009MC_2024-04-19_SE1,< 0.003,< 0.003,< 0.003,< 0.004,< 0.004,< 0.003
TX0110013_EP013MC_2024-04-19_SE1,< 0.003,< 0.003,< 0.003,< 0.004,< 0.004,< 0.003
TX0110013_EP015MC_2024-04-19_SE1,< 0.003,< 0.003,< 0.003,< 0.004,< 0.004,< 0.003
TX0110013_EP016_2024-04-19_SE1,< 0.003,< 0.003,< 0.003,< 0.004,< 0.004,< 0.003
TX0110013_EP017_2024-04-19_SE1,< 0.003,< 0.003,< 0.003,< 0.004,< 0.004,< 0.003
TX0110013_EP019_2024-04-19_SE1,< 0.003,< 0.003,< 0.003,< 0.004,< 0.004,< 0.003
TX0110020_WP1_2023-05-03_SE1,< 0.003,< 0.003,< 0.003,< 0.004,< 0.004,0.0332
TX0110020_WP2_2023-10-02_SE1,< 0.003,< 0.003,< 0.003,< 0.004,< 0.004,< 0.003
TX0110020_WP3_2023-05-03_SE1,< 0.003,< 0.003,< 0.003,< 0.004,< 0.004,< 0.003
TX0130001_EP001_2024-12-05_SE1,< 0.003,.0034,.0046,< 0.004,< 0.004,.0031
TX0130001_EP002_2024-10-08_SE1,< 0.003,< 0.003,< 0.003,< 0.004,< 0.004,< 0.003
TX0130002_TRTTAP_2023-06-14_SE1,< 0.003,< 0.003,< 0.003,< 0.004,< 0.004,< 0.003
TX0140002_TRTTAP_2023-05-15_SE1,< 0.003,< 0.003,.0037,< 0.004,< 0.004,< 0.003
TX0140005_EP001MC1_2023-05-22_SE1,.0042,.0073,.0043,< 0.004,.0049,.0065
TX0140006_01_2025-03-03_SE1,< 0.003,< 0.003,< 0.003,< 0.004,< 0.004,0.0031
TX0140007_EP001_2025-01-07_SE1,< 0.003,< 0.003,< 0.003,< 0.004,< 0.004,< 0.003
TX0140007_EP002_2025-01-07_SE1,< 0.003,< 0.003,< 0.003,< 0.004,< 0.004,< 0.003
TX0140007_EP003_2025-01-07_SE1,< 0.003,< 0.003,< 0.003,< 0.004,< 0.004,< 0.003
TX0140023_EP001_2023-03-22_SE1,< 0.003,< 0.003,< 0.003,< 0.004,< 0.004,< 0.003
TX0140028_EP001_2025-01-07_SE1,< 0.003,< 0.003,< 0.003,< 0.004,< 0.004,< 0.003
TX0140028_EP002_2025-01-07_SE1,< 0.003,< 0.003,< 0.003,< 0.004,< 0.004,< 0.003
TX0140031_TRTTAP001_2024-03-06_SE1,0.0030,< 0.003,0.0032,< 0.004,< 0.004,< 0.003
TX0140031_TRTTAP002_2024-03-06_SE1,0.0030,< 0.003,0.0031,< 0.004,< 0.004,< 0.003
TX0140035_EP001_2025-01-28_SE1,< 0.003,< 0.003,< 0.003,< 0.004,< 0.004,< 0.003
TX0140035_EP003_2025-01-22_SE1,< 0.003,< 0.003,< 0.003,< 0.004,< 0.004,< 0.003
TX0140035_EP004_2025-01-22_SE1,< 0.003,< 0.003,< 0.003,< 0.004,< 0.004,< 0.003
TX0140035_EP005_2025-01-22_SE1,< 0.003,< 0.003,< 0.003,< 0.004,< 0.004,< 0.003
TX0140035_EP006_2025-01-22_SE1,< 0.003,< 0.003,< 0.003,< 0.004,< 0.004,< 0.003
TX0140035_EP007_2025-01-28_SE1,< 0.003,< 0.003,< 0.003,< 0.004,< 0.004,< 0.003
TX0140035_EP008_2025-01-22_SE1,< 0.003,< 0.003,< 0.003,< 0.004,< 0.004,< 0.003
TX0140035_EP009_2025-01-22_SE1,< 0.003,< 0.003,< 0.003,< 0.004,< 0.004,< 0.003
TX0140035_EP010_2025-01-22_SE1,< 0.003,< 0.003,< 0.003,< 0.004,< 0.004,< 0.003
TX0140035_EP011_2025-01-22_SE1,0.0033,< 0.003,< 0.003,< 0.004,< 0.004,0.0033
TX0140044_EP002_2025-03-05_SE1,< 0.003,< 0.003,< 0.003,< 0.004,< 0.004,< 0.003
TX0140076_TRTTAP_2023-03-15_SE1,< 0.003,< 0.003,< 0.003,< 0.004,< 0.004,< 0.003
TX0140076_TRTTAP_2023-04-12_SE1,< 0.003,< 0.003,< 0.003,< 0.004,< 0.004,0.0031
TX0140105_TRTTAP_2023-03-07_SE1,< 0.003,< 0.003,< 0.003,< 0.004,< 0.004,< 0.003
TX0140107_EP001_2023-11-15_SE1,.0032,< 0.003,.004,< 0.004,< 0.004,.004
TX0140107_EP002_2023-11-15_SE1,< 0.003,< 0.003,.0033,< 0.004,< 0.004,.003
TX0140116_TRTTAP_2024-02-06_SE1,0.0033,< 0.003,0.0037,< 0.004,< 0.004,0.0034
TX0140118_TRTTAP_2023-03-01_SE1,< 0.003,< 0.003,< 0.003,< 0.004,< 0.004,< 0.003
TX0140118_TRTTAP_2023-06-05_SE1,< 0.003,< 0.003,< 0.003,< 0.004,< 0.004,< 0.003
TX0140118_TRTTAP_2023-12-19_SE1,< 0.003,< 0.003,< 0.003,< 0.004,< 0.004,< 0.003
TX0150009_EP007MC_2024-11-14_SE1,< 0.003,< 0.003,< 0.003,< 0.004,< 0.004,< 0.003
TX0150009_EP008MC_2024-11-14_SE1,< 0.003,< 0.003,< 0.003,< 0.004,< 0.004,< 0.003
TX0150009_EP009MC_2024-11-14_SE1,< 0.003,< 0.003,< 0.003,< 0.004,< 0.004,< 0.003
TX0150010_EP001_2025-03-11_SE1,< 0.003,< 0.003,< 0.003,< 0.004,< 0.004,< 0.003
TX0150010_EP002_2025-03-11_SE1,< 0.003,< 0.003,< 0.003,< 0.004,< 0.004,< 0.003
TX0150018_EP001MC1_2023-05-08_SE1,< 0.003,< 0.003,< 0.003,< 0.004,< 0.004,< 0.003
TX0150018_EP002MC2_2023-05-08_SE1,< 0.003,< 0.003,< 0.003,< 0.004,< 0.004,< 0.003
TX0150018_EP003MC3_2025-01-28_SE1,< 0.003,< 0.003,< 0.003,< 0.004,< 0.004,< 0.003
TX0150018_EP004MC4_2023-05-08_SE1,< 0.003,< 0.003,< 0.003,< 0.004,< 0.004,< 0.003
TX0150018_EP005MC5_2025-05-07_SE1,< 0.003,< 0.003,< 0.003,< 0.004,< 0.004,< 0.003
TX0150018_EP006MC6_2024-05-21_SE1,< 0.003,< 0.003,< 0.003,< 0.004,< 0.004,< 0.003
TX0150018_EP007MC7_2025-05-14_SE1,< 0.003,< 0.003,< 0.003,< 0.004,< 0.004,< 0.003
TX0150018_EP010MC8_2023-05-08_SE1,< 0.003,< 0.003,< 0.003,< 0.004,< 0.004,< 0.003
TX0150018_EP011MC9_2023-05-08_SE1,< 0.003,< 0.003,< 0.003,< 0.004,< 0.004,< 0.003
TX0150018_EP014MC10_2024-05-21_SE1,< 0.003,< 0.003,< 0.003,< 0.004,< 0.004,< 0.003
TX0150018_EP017MC11_2026-06-16_SE1,< 0.003,< 0.003,< 0.003,< 0.004,< 0.004,< 0.003
TX0150018_EP022MC15_2026-06-16_SE1,< 0.003,< 0.003,< 0.003,< 0.004,< 0.004,< 0.003
TX0150018_EP025MC18_2023-05-08_SE1,< 0.003,< 0.003,< 0.003,< 0.004,< 0.004,< 0.003
TX0150018_EP026MC19_2025-05-14_SE1,< 0.003,< 0.003,< 0.003,< 0.004,< 0.004,< 0.003
TX0150018_EP027MC20_2025-05-14_SE1,< 0.003,< 0.003,< 0.003,< 0.004,< 0.004,< 0.003
TX0150018_EP029MC21_2024-05-21_SE1,0.0037,< 0.003,< 0.003,< 0.004,< 0.004,< 0.003
TX0150018_EP030MC22_2026-06-16_SE1,< 0.003,< 0.003,< 0.003,< 0.004,< 0.004,< 0.003
TX0150018_EP033MC23_2026-06-16_SE1,< 0.003,< 0.003,< 0.003,< 0.004,< 0.004,< 0.003
TX0150018_EP036MC25_2023-08-14_SE1,< 0.003,< 0.003,< 0.003,< 0.004,< 0.004,< 0.003
TX0150018_EP041MC26_2023-05-08_SE1,< 0.003,< 0.003,< 0.003,< 0.004,< 0.004,0.0032
TX0150018_EP043MC27_2025-05-14_SE1,< 0.003,< 0.003,< 0.003,< 0.004,< 0.004,< 0.003
TX0150018_EP044MC28_2025-05-07_SE1,< 0.003,< 0.003,< 0.003,< 0.004,< 0.004,< 0.003
TX0150018_EP046MC29_2024-05-21_SE1,< 0.003,< 0.003,< 0.003,< 0.004,< 0.004,< 0.003
TX0150018_EP047MC30_2024-05-21_SE1,< 0.003,< 0.003,< 0.003,< 0.004,< 0.004,< 0.003
TX0150018_EP048MC31_2025-05-07_SE1,< 0.003,< 0.003,< 0.003,< 0.004,< 0.004,< 0.003
TX0150018_EP052MC32_2026-06-16_SE1,< 0.003,< 0.003,< 0.003,< 0.004,< 0.004,< 0.003
TX0150018_EP053MC33_2025-05-14_SE1,< 0.003,< 0.003,< 0.003,< 0.004,< 0.004,< 0.003
TX0150018_EP054MC35_2024-05-21_SE1,< 0.003,< 0.003,< 0.003,< 0.004,< 0.004,< 0.003
TX0150018_EP055MC34_2023-05-08_SE1,< 0.003,< 0.003,< 0.003,< 0.004,< 0.004,< 0.003
TX0150018_EP056MC56_2023-05-09_SE1,< 0.003,< 0.003,< 0.003,< 0.004,< 0.004,< 0.003
TX0150018_EP060MC37_2024-05-21_SE1,< 0.003,< 0.003,< 0.003,< 0.004,< 0.004,< 0.003
TX0150018_EP064_2024-05-21_SE1,< 0.003,< 0.003,< 0.003,< 0.004,< 0.004,< 0.003
TX0150018_EP066MC40_2024-05-22_SE1,< 0.003,< 0.003,< 0.003,< 0.004,< 0.004,< 0.003
TX0150018_EP067_2024-05-22_SE1,< 0.003,< 0.003,< 0.003,< 0.004,< 0.004,< 0.003
TX0150018_EP070_2024-05-21_SE1,< 0.003,< 0.003,< 0.003,< 0.004,< 0.004,< 0.003
TX0150018_EP072MC43_2025-05-14_SE1,< 0.003,< 0.003,< 0.003,< 0.004,< 0.004,< 0.003
TX0150018_EP073MC44_2025-05-14_SE1,< 0.003,< 0.003,< 0.003,< 0.004,< 0.004,< 0.003
TX0150018_EP074MC45_2025-05-07_SE1,< 0.003,< 0.003,< 0.003,< 0.004,< 0.004,< 0.003
TX0150018_EP075MC46_2025-05-07_SE1,< 0.003,< 0.003,< 0.003,< 0.004,< 0.004,< 0.003
TX0150018_EP077MC48_2023-05-09_SE1,< 0.003,< 0.003,< 0.003,< 0.004,< 0.004,< 0.003
TX0150018_EP078MC49_2023-05-09_SE1,< 0.003,< 0.003,< 0.003,< 0.004,< 0.004,< 0.003
TX0150018_EP080MC50_2023-05-09_SE1,< 0.003,< 0.003,< 0.003,< 0.004,< 0.004,< 0.003
TX0150018_EP081MC51_2023-05-09_SE1,< 0.003,< 0.003,< 0.003,< 0.004,< 0.004,< 0.003
TX0150018_EP083_2024-05-21_SE1,< 0.003,< 0.003,< 0.003,< 0.004,< 0.004,< 0.003
TX0150039_TRTTAP_2023-04-24_SE1,< 0.003,< 0.003,< 0.003,< 0.004,< 0.004,< 0.003
TX0150039_TRTTAP_2023-06-13_SE1,< 0.003,< 0.003,< 0.003,< 0.004,< 0.004,< 0.003
TX0150040_EP3_2024-10-17_SE1,< 0.003,< 0.003,< 0.003,< 0.004,< 0.004,< 0.003
TX0150040_EP4_2024-10-17_SE1,< 0.003,< 0.003,< 0.003,< 0.004,< 0.004,< 0.003
TX0150040_EP56_2024-10-17_SE1,< 0.003,< 0.003,< 0.003,< 0.004,< 0.004,< 0.003
TX0150045_TRTTAP_2023-09-20_SE1,< 0.003,< 0.003,< 0.003,< 0.004,< 0.004,< 0.003
TX0150045_TRTTAP_2023-11-14_SE1,< 0.003,< 0.003,< 0.003,< 0.004,0.0040,< 0.003
TX0150046_EP001_2023-03-15_SE1,< 0.003,< 0.003,< 0.003,< 0.004,< 0.004,< 0.003
TX0150046_EP002_2023-03-15_SE1,< 0.003,< 0.003,< 0.003,< 0.004,< 0.004,< 0.003
TX0150047_EP001MC_2023-08-15_SE1,< 0.003,< 0.003,< 0.003,< 0.004,< 0.004,< 0.003
TX0150047_EP002_2023-08-15_SE1,< 0.003,< 0.003,< 0.003,< 0.004,< 0.004,< 0.003
TX0150047_EP002MC_2023-08-15_SE1,< 0.003,< 0.003,< 0.003,< 0.004,< 0.004,< 0.003
TX0150047_EP003MC_2023-08-15_SE1,< 0.003,< 0.003,< 0.003,< 0.004,< 0.004,< 0.003
TX0150047_EP004MC_2023-08-15_SE1,< 0.003,< 0.003,< 0.003,< 0.004,< 0.004,< 0.003
TX0150048_EP16001_2023-04-12_SE1,< 0.003,< 0.003,< 0.003,< 0.004,< 0.004,< 0.003
TX0150048_EP181_2023-04-12_SE1,< 0.003,< 0.003,< 0.003,< 0.004,< 0.004,< 0.003
TX0150068_TRTTAP_2024-01-08_SE1,< 0.003,< 0.003,< 0.003,< 0.004,< 0.004,< 0.003
TX0150084_EP001_2024-04-16_SE1,< 0.003,< 0.003,< 0.003,< 0.004,< 0.004,< 0.003
TX0150084_EP002_2024-04-16_SE1,< 0.003,< 0.003,< 0.003,< 0.004,< 0.004,< 0.003
TX0150084_EP003_2024-04-16_SE1,< 0.003,< 0.003,< 0.003,< 0.004,< 0.004,< 0.003
TX0150084_EP004_2024-04-16_SE1,< 0.003,< 0.003,< 0.003,< 0.004,< 0.004,< 0.003
TX0150084_EP005_2024-04-16_SE1,< 0.003,< 0.003,< 0.003,< 0.004,< 0.004,< 0.003
TX0150106_TRTTAP_2024-03-04_SE1,< 0.003,< 0.003,< 0.003,< 0.004,< 0.004,< 0.003
TX0150114_EP001MC_2023-08-02_SE1,< 0.003,< 0.003,< 0.003,< 0.004,< 0.004,< 0.003
TX0150114_EP002MC_2023-08-02_SE1,< 0.003,< 0.003,< 0.003,< 0.004,< 0.004,< 0.003
TX0150114_EP005_2025-05-19_SE1,< 0.003,< 0.003,< 0.003,< 0.004,< 0.004,< 0.003
TX0150114_EP006MC_2023-08-02_SE1,< 0.003,< 0.003,< 0.003,< 0.004,< 0.004,< 0.003
TX0150115_TRTTAP_2024-07-17_SE1,< 0.003,< 0.003,< 0.003,< 0.004,< 0.004,< 0.003
TX0150116_EP001MC_2023-02-06_SE1,< 0.003,< 0.003,< 0.003,< 0.004,< 0.004,< 0.003
TX0150116_EP002MC_2023-02-06_SE1,< 0.003,< 0.003,< 0.003,< 0.004,< 0.004,< 0.003
TX0150116_EP006MC_2023-02-06_SE1,< 0.003,< 0.003,< 0.003,< 0.004,< 0.004,< 0.003
TX0150138_EP001_2024-01-18_SE1,< 0.003,< 0.003,< 0.003,< 0.004,< 0.004,< 0.003
TX0150138_EP002_2024-01-18_SE1,< 0.003,< 0.003,< 0.003,< 0.004,< 0.004,< 0.003
TX0150138_EP003_2024-01-18_SE1,< 0.003,< 0.003,< 0.003,< 0.004,< 0.004,< 0.003
TX0150178_TRTTAP_2024-02-06_SE1,< 0.003,< 0.003,< 0.003,< 0.004,< 0.004,< 0.003
TX0150190_TRTTAP_2024-01-31_SE1,< 0.003,< 0.003,< 0.003,< 0.004,< 0.004,< 0.003
TX0150216_WP1TPGU_2024-03-05_SE1,< 0.003,< 0.003,< 0.003,< 0.004,< 0.004,< 0.003
TX0150216_WP2TPGU_2024-03-05_SE1,< 0.003,< 0.003,< 0.003,< 0.004,< 0.004,< 0.003
TX0150216_WP3TPGW_2024-03-05_SE1,< 0.003,< 0.003,< 0.003,< 0.004,< 0.004,< 0.003
TX0150216_WP5TPSW_2024-03-05_SE1,< 0.003,< 0.003,< 0.003,< 0.004,< 0.004,< 0.003
TX0150275_EP001_2025-05-19_SE1,< 0.003,< 0.003,< 0.003,< 0.004,< 0.004,< 0.003
TX0150275_EP003_2025-08-05_SE1,< 0.003,< 0.003,< 0.003,< 0.004,< 0.004,< 0.003
TX0150492_EP001_2023-06-28_SE1,< 0.003,< 0.003,< 0.003,< 0.004,< 0.004,< 0.003
TX0150492_EP002_2023-06-28_SE1,< 0.003,< 0.003,< 0.003,< 0.004,< 0.004,< 0.003
TX0150492_EP003_2023-06-28_SE1,< 0.003,< 0.003,< 0.003,< 0.004,< 0.004,< 0.003
TX0150497_TRTTAP_2024-06-25_SE1,< 0.003,< 0.003,< 0.003,< 0.004,< 0.004,< 0.003
TX0150535_EP001_2025-03-18_SE1,< 0.003,< 0.003,< 0.003,< 0.004,< 0.004,< 0.003
TX0150589_EP001_2024-01-16_SE1,< 0.003,< 0.003,< 0.003,< 0.004,< 0.004,< 0.003
TX0180001_TRTTAP_2023-05-30_SE1,< 0.003,< 0.003,< 0.003,< 0.004,< 0.004,< 0.003
TX0190002_EP001_2025-08-12_SE1,< 0.003,< 0.003,< 0.003,< 0.004,< 0.004,< 0.003
TX0190003_TRTTAP_2023-05-09_SE1,< 0.003,< 0.003,< 0.003,< 0.004,< 0.004,< 0.003
TX0190004_EP001MC_2025-01-21_SE1,< 0.003,< 0.003,< 0.003,< 0.004,< 0.004,< 0.003
TX0190004_EP002MC_2025-01-21_SE1,< 0.003,< 0.003,< 0.003,< 0.004,< 0.004,< 0.003
TX0190005_EP001_2025-06-17_SE1,< 0.003,< 0.003,< 0.003,< 0.004,< 0.004,< 0.003
TX0190006_EP1_2024-03-05_SE1,< 0.003,< 0.003,< 0.003,< 0.004,< 0.004,< 0.003
TX0190008_EP001_2025-01-08_SE1,< 0.003,< 0.003,< 0.003,< 0.004,< 0.004,< 0.003
TX0190012_TRTTAP_2025-06-17_SE1,< 0.003,< 0.003,< 0.003,< 0.004,< 0.004,< 0.003
TX0190021_TRTTAP_2025-01-06_SE1,< 0.003,< 0.003,< 0.003,< 0.004,< 0.004,< 0.003
TX0190024_TRTTAP_2024-02-06_SE1,< 0.003,< 0.003,< 0.003,< 0.004,< 0.004,< 0.003
TX0200001_EP001MC_2024-01-10_SE1,< 0.003,< 0.003,< 0.003,< 0.004,< 0.004,< 0.003
TX0200001_EP002MC_2024-01-10_SE1,< 0.003,< 0.003,< 0.003,< 0.004,< 0.004,< 0.003
TX0200001_EP003MC_2023-10-20_SE1,< 0.003,< 0.003,< 0.003,< 0.004,< 0.004,< 0.003
TX0200002_EP002_2023-02-21_SE1,< 0.003,.004,< 0.003,< 0.004,< 0.004,.0908
TX0200002_EP003_2023-02-21_SE1,< 0.003,.0041,< 0.003,< 0.004,< 0.004,.091
TX0200002_EP004_2023-02-21_SE1,< 0.003,.0048,< 0.003,< 0.004,< 0.004,.112
TX0200002_EP005_2023-02-21_SE1,< 0.003,< 0.003,< 0.003,< 0.004,< 0.004,< 0.003
TX0200004_EP005_2023-04-24_SE1,.0039,.0089,.0037,< 0.004,< 0.004,.149
TX0200004_EP006_2023-08-30_SE1,.0043,.006,.0034,< 0.004,< 0.004,.175
TX0200004_EP007_2023-04-24_SE1,.0036,.0082,.0038,< 0.004,< 0.004,.135
TX0200004_EP008_2023-04-24_SE1,< 0.003,< 0.003,< 0.003,< 0.004,< 0.004,< 0.003
TX0200004_EP009_2023-04-24_SE1,< 0.003,< 0.003,< 0.003,< 0.004,< 0.004,< 0.003
TX0200005_EP002_2023-03-08_SE1,< 0.003,.0038,< 0.003,< 0.004,< 0.004,.132
TX0200006_EP002_2025-03-11_SE1,< 0.003,< 0.003,< 0.003,< 0.004,< 0.004,.0153
TX0200006_EP003_2025-03-11_SE1,< 0.003,< 0.003,< 0.003,< 0.004,< 0.004,.0179
TX0200006_EP004_2025-03-11_SE1,< 0.003,< 0.003,< 0.003,< 0.004,< 0.004,< 0.003
TX0200006_EP005_2025-03-11_SE1,< 0.003,< 0.003,< 0.003,< 0.004,< 0.004,.0139
TX0200006_EP006_2025-03-11_SE1,< 0.003,< 0.003,< 0.003,< 0.004,< 0.004,.0296
TX0200008_EP001_2025-01-08_SE1,< 0.003,< 0.003,< 0.003,< 0.004,< 0.004,< 0.003
TX0200008_EP002_2025-06-30_SE1,< 0.003,< 0.003,< 0.003,< 0.004,< 0.004,< 0.003
TX0200008_EP004_2025-01-08_SE1,.0037,.0063,.0041,< 0.004,.0044,.0066
TX0200008_EP005_2025-01-08_SE1,< 0.003,< 0.003,< 0.003,< 0.004,< 0.004,< 0.003
TX0200008_EP006_2025-01-08_SE1,< 0.003,< 0.003,< 0.003,< 0.004,< 0.004,< 0.003
TX0200008_EP007_2025-01-08_SE1,< 0.003,< 0.003,< 0.003,< 0.004,< 0.004,< 0.003
TX0200008_EP008_2025-01-08_SE1,< 0.003,< 0.003,< 0.003,< 0.004,< 0.004,< 0.003
TX0200008_EP009_2025-01-08_SE1,< 0.003,< 0.003,< 0.003,< 0.004,< 0.004,< 0.003
TX0200008_EP010_2025-01-08_SE1,< 0.003,< 0.003,< 0.003,< 0.004,< 0.004,< 0.003
TX0200008_EP012_2025-01-08_SE1,.0034,.0053,< 0.003,< 0.004,< 0.004,.0243
TX0200008_EP013_2025-01-08_SE1,< 0.003,< 0.003,< 0.003,< 0.004,< 0.004,.0156
TX0200008_EP014_2025-01-08_SE1,< 0.003,< 0.003,< 0.003,< 0.004,< 0.004,< 0.003
TX0200008_EP015_2025-01-08_SE1,.0034,.0045,< 0.003,< 0.004,< 0.004,.0667
TX0200009_TRTTAP_2023-09-28_SE1,< 0.003,< 0.003,< 0.003,< 0.004,< 0.004,< 0.003
TX0200010_EP001_2025-06-02_SE1,< 0.003,< 0.003,< 0.003,< 0.004,< 0.004,< 0.003
TX0200010_EP002_2025-06-02_SE1,< 0.003,< 0.003,< 0.003,< 0.004,< 0.004,< 0.003
TX0200010_EP003_2025-06-02_SE1,< 0.003,< 0.003,< 0.003,< 0.004,< 0.004,< 0.003
TX0200035_TRTTAP_2023-05-24_SE1,< 0.003,< 0.003,< 0.003,< 0.004,< 0.004,< 0.003
TX0200037_EP001_2025-05-27_SE1,< 0.003,< 0.003,< 0.003,< 0.004,< 0.004,0.0044
TX0200037_EP004_2025-05-27_SE1,< 0.003,< 0.003,< 0.003,< 0.004,< 0.004,0.0046
TX0200037_EP005_2025-05-27_SE1,< 0.003,< 0.003,< 0.003,< 0.004,< 0.004,0.0042
TX0200201_TRTTAP_2023-06-08_SE1,< 0.003,< 0.003,< 0.003,< 0.004,< 0.004,< 0.003
TX0200201_TRTTAP_2023-09-05_SE1,< 0.003,< 0.003,< 0.003,< 0.004,< 0.004,< 0.003
TX0200386_EP001_2025-01-08_SE1,< 0.003,< 0.003,< 0.003,< 0.004,< 0.004,< 0.003
TX0200386_EP002_2025-01-08_SE1,< 0.003,< 0.003,< 0.003,< 0.004,< 0.004,< 0.003
TX0200386_EP003_2025-01-08_SE1,< 0.003,< 0.003,< 0.003,< 0.004,< 0.004,< 0.003
TX0200386_EP004_2025-01-08_SE1,< 0.003,< 0.003,< 0.003,< 0.004,< 0.004,< 0.003
TX0200403_EP_2025-05-27_SE1,< 0.003,< 0.003,< 0.003,< 0.004,< 0.004,< 0.003
TX0200411_TRTTAP_2023-02-20_SE1,< 0.003,< 0.003,< 0.003,< 0.004,< 0.004,< 0.003
TX0200534_EP001_2025-05-20_SE1,< 0.003,0.0047,< 0.003,< 0.004,< 0.004,0.048
TX0200560_TRTTAP_2023-05-30_SE1,< 0.003,< 0.003,< 0.003,< 0.004,< 0.004,< 0.003
TX0200578_TRTTAP_2023-05-30_SE1,< 0.003,< 0.003,< 0.003,< 0.004,< 0.004,< 0.003
TX0200610_TRTTAP_2024-02-07_SE1,< 0.003,< 0.003,< 0.003,< 0.004,< 0.004,< 0.003
TX0200612_EP001_2024-01-10_SE1,< 0.003,< 0.003,< 0.003,< 0.004,< 0.004,< 0.003
TX0200615_TRTTAP_2024-04-19_SE1,< 0.003,< 0.003,< 0.003,< 0.004,< 0.004,< 0.003
TX0200645_EP001_2025-05-21_SE1,< 0.003,< 0.003,< 0.003,< 0.004,< 0.004,< 0.003
TX0200706_EP001_2025-05-19_SE1,< 0.003,< 0.003,< 0.003,< 0.004,< 0.004,< 0.003
TX0210001_EP001MC_2024-11-11_SE1,< 0.003,< 0.003,< 0.003,< 0.004,< 0.004,< 0.003
TX0210002_EP001_2023-05-23_SE1,.0037,.0059,< 0.003,< 0.004,< 0.004,.0056
TX0210005_003_2023-04-27_SE1,< 0.003,< 0.003,< 0.003,< 0.004,< 0.004,< 0.003
TX0210005_GST1_2023-04-27_SE1,.0036,< 0.003,< 0.003,< 0.004,< 0.004,< 0.003
TX0210005_GST4_2023-04-27_SE1,< 0.003,< 0.003,< 0.003,< 0.004,< 0.004,< 0.003
TX0210016_EP02_2025-02-11_SE1,< 0.003,< 0.003,< 0.003,< 0.004,< 0.004,< 0.003
TX0210016_EP05_2025-02-11_SE1,< 0.003,< 0.003,< 0.003,< 0.004,< 0.004,< 0.003
TX0210016_EP06_2025-02-11_SE1,< 0.003,< 0.003,< 0.003,< 0.004,< 0.004,< 0.003
TX0210016_EP07_2025-02-11_SE1,< 0.003,< 0.003,< 0.003,< 0.004,< 0.004,< 0.003
TX0210016_EP4_2025-02-11_SE1,< 0.003,< 0.003,< 0.003,< 0.004,< 0.004,< 0.003
TX0210016_EPO1_2025-02-11_SE1,< 0.003,< 0.003,< 0.003,< 0.004,< 0.004,.003
TX0210017_EP001MC_2024-10-07_SE1,< 0.003,< 0.003,< 0.003,< 0.004,< 0.004,< 0.003
TX0210017_EP002MC_2024-10-07_SE1,< 0.003,< 0.003,< 0.003,< 0.004,< 0.004,< 0.003
TX0220001_EP001_2025-03-10_SE1,< 0.003,< 0.003,< 0.003,< 0.004,< 0.004,< 0.003
TX0220001_EP002_2025-03-10_SE1,< 0.003,< 0.003,< 0.003,< 0.004,< 0.004,< 0.003
TX0220001_EP004_2025-03-10_SE1,< 0.003,< 0.003,< 0.003,< 0.004,< 0.004,< 0.003
TX0220001_EP005_2025-03-10_SE1,< 0.003,< 0.003,< 0.003,< 0.004,< 0.004,< 0.003
TX0240001_DETLINE_2023-05-30_SE1,< 0.003,< 0.003,< 0.003,< 0.004,< 0.004,< 0.003
TX0240001_JERSTAP_2023-07-10_SE1,< 0.003,< 0.003,< 0.003,< 0.004,< 0.004,< 0.003
TX0240001_PARRTAP_2024-05-13_SE1,< 0.003,< 0.003,< 0.003,< 0.004,< 0.004,< 0.003
TX0240001_PINTAP_2023-07-10_SE1,< 0.003,< 0.003,< 0.003,< 0.004,< 0.004,< 0.003
TX0250002_EP001_2023-09-19_SE1,< 0.003,< 0.003,< 0.003,< 0.004,< 0.004,< 0.003
TX0250004_EP001_2025-02-10_SE1,< 0.003,< 0.003,< 0.003,< 0.004,< 0.004,< 0.003
TX0250019_EP002_2025-03-04_SE1,< 0.003,< 0.003,< 0.003,< 0.004,< 0.004,< 0.003
TX0250019_EP003_2025-03-04_SE1,< 0.003,< 0.003,< 0.003,< 0.004,< 0.004,< 0.003
TX0260001_TRTTAP_2023-05-01_SE1,< 0.003,< 0.003,< 0.003,< 0.004,< 0.004,< 0.003
TX0270001_EP001_2025-06-02_SE1,< 0.003,< 0.003,< 0.003,< 0.004,< 0.004,< 0.003
TX0270001_EP002_2025-02-19_SE1,0.0033,< 0.003,< 0.003,< 0.004,< 0.004,< 0.003
TX0270026_EP001_2025-03-04_SE1,< 0.003,< 0.003,< 0.003,< 0.004,< 0.004,< 0.003
TX0270049_TRTTAP_2023-03-07_SE1,< 0.003,< 0.003,< 0.003,< 0.004,< 0.004,< 0.003
TX0280001_EP001_2024-03-15_SE1,< 0.003,< 0.003,< 0.003,< 0.004,< 0.004,< 0.003
TX0280001_EP001MC_2024-03-15_SE1,< 0.003,< 0.003,< 0.003,< 0.004,< 0.004,< 0.003
TX0280002_TRTTAP_2024-06-17_SE1,< 0.003,< 0.003,< 0.003,< 0.004,< 0.004,< 0.003
TX0280003_EP001_2025-02-24_SE1,< 0.003,< 0.003,< 0.003,< 0.004,< 0.004,< 0.003
TX0280003_EP002_2025-02-24_SE1,< 0.003,0.0037,< 0.003,< 0.004,< 0.004,0.0038
TX0290002_EP001_2023-04-18_SE1,< 0.003,.007,.0072,.006,.0047,.0086
TX0290007_TRTTAP_2024-02-05_SE1,0.0048,0.0071,0.0045,< 0.004,< 0.004,0.0135
TX0300002_EP001_2025-03-05_SE1,< 0.003,< 0.003,< 0.003,< 0.004,< 0.004,< 0.003
TX0300002_EP002_2025-03-05_SE1,0.0062,0.0164,0.0225,0.0057,0.0150,0.0145
TX0300005_1_2023-05-24_SE1,< 0.003,< 0.003,< 0.003,< 0.004,< 0.004,< 0.003
TX0300005_8_2023-05-24_SE1,< 0.003,< 0.003,< 0.003,< 0.004,< 0.004,< 0.003
TX0310001_EP001MC1_2024-07-16_SE1,< 0.003,.0052,.004,< 0.004,.0092,.0053
TX0310001_EP002MC2_2024-07-16_SE1,< 0.003,.0043,.0032,< 0.004,.0071,.0041
TX0310002_EP001MC1_2023-08-14_SE1,< 0.003,< 0.003,< 0.003,< 0.004,< 0.004,< 0.003
TX0310002_EP002MC2_2023-08-14_SE1,< 0.003,< 0.003,< 0.003,< 0.004,< 0.004,< 0.003
TX0310003_POE_2023-12-20_SE1,< 0.003,< 0.003,< 0.003,< 0.004,< 0.004,< 0.003
TX0310004_TRTTAP_2023-01-16_SE1,< 0.003,< 0.003,< 0.003,< 0.004,< 0.004,< 0.003
TX0310005_EP001MC_2023-02-16_SE1,< 0.003,< 0.003,< 0.003,< 0.004,< 0.004,< 0.003
TX0310005_EP002MC_2023-02-16_SE1,< 0.003,< 0.003,< 0.003,< 0.004,< 0.004,< 0.003
TX0310007_EP001MC_2025-02-18_SE1,< 0.003,.0081,.0049,< 0.004,< 0.004,.008
TX0310007_EP002MC_2025-02-18_SE1,< 0.003,.0086,.0048,< 0.004,< 0.004,.0079
TX0310022_EP004_2025-02-26_SE1,< 0.003,0.0086,0.0039,0.0043,0.0046,0.0098
TX0310026_TRTTAP_2024-02-05_SE1,< 0.003,< 0.003,< 0.003,< 0.004,< 0.004,< 0.003
TX0310094_EP003_2024-03-04_SE1,0.0104,< 0.003,< 0.003,< 0.004,< 0.004,< 0.003
TX0310094_TRTTAP_2024-03-04_SE1,0.0036,< 0.003,< 0.003,< 0.004,< 0.004,< 0.003
TX0310096_EP001_2026-03-24_SE1,< 0.003,0.0062,< 0.003,< 0.004,< 0.004,0.0068
TX0310096_EP002_2024-07-17_SE1,< 0.003,0.0037,< 0.003,< 0.004,< 0.004,0.0039
TX0310096_EP004_2024-07-30_SE1,< 0.003,< 0.003,< 0.003,< 0.004,< 0.004,< 0.003
TX0310096_EP005_2024-07-17_SE1,0.0030,0.0049,0.0031,< 0.004,0.0056,0.0050
TX0320001_EP001_2025-03-05_SE1,< 0.003,< 0.003,< 0.003,< 0.004,< 0.004,< 0.003
TX0320001_EP002_2025-06-03_SE1,< 0.003,< 0.003,< 0.003,< 0.004,< 0.004,< 0.003
TX0320001_EP003_2025-03-05_SE1,< 0.003,< 0.003,< 0.003,< 0.004,< 0.004,< 0.003
TX0320001_EP004_2025-03-05_SE1,< 0.003,< 0.003,< 0.003,< 0.004,< 0.004,< 0.003
TX0320001_EP005_2025-03-05_SE1,< 0.003,< 0.003,< 0.003,< 0.004,< 0.004,< 0.003
TX0320002_EP01_2024-01-25_SE1,< 0.003,< 0.003,< 0.003,< 0.004,< 0.004,< 0.003
TX0320002_EP02_2024-01-25_SE1,< 0.003,< 0.003,< 0.003,< 0.004,< 0.004,< 0.003
TX0320002_EP03_2024-01-25_SE1,< 0.003,< 0.003,< 0.003,< 0.004,< 0.004,< 0.003
TX0320002_EP04_2024-01-29_SE1,< 0.003,< 0.003,< 0.003,< 0.004,< 0.004,< 0.003
TX0320002_EP05_2024-01-29_SE1,< 0.003,< 0.003,< 0.003,< 0.004,< 0.004,< 0.003
TX0320002_EP06_2024-01-25_SE1,< 0.003,< 0.003,< 0.003,< 0.004,< 0.004,< 0.003
TX0320002_EP07_2024-01-29_SE1,< 0.003,< 0.003,< 0.003,< 0.004,< 0.004,< 0.003
TX0320002_EP08_2024-01-25_SE1,< 0.003,< 0.003,< 0.003,< 0.004,< 0.004,< 0.003
TX0320002_EP09_2024-01-29_SE1,< 0.003,< 0.003,< 0.003,< 0.004,< 0.004,< 0.003
TX0320002_EP10_2024-01-25_SE1,< 0.003,< 0.003,< 0.003,< 0.004,< 0.004,< 0.003
TX0320002_EP11_2024-01-25_SE1,< 0.003,< 0.003,< 0.003,< 0.004,< 0.004,< 0.003
TX0320002_EP12_2024-01-25_SE1,< 0.003,< 0.003,< 0.003,< 0.004,< 0.004,< 0.003
TX0330007_EP001_2025-04-08_SE1,< 0.003,< 0.003,< 0.003,< 0.004,< 0.004,< 0.003
TX0340001_TRTTAP_2023-12-18_SE1,< 0.003,< 0.003,< 0.003,< 0.004,< 0.004,< 0.003
TX0340003_TRTTAP_2023-03-07_SE1,< 0.003,< 0.003,< 0.003,< 0.004,< 0.004,< 0.003
TX0340066_TRTTAP_2024-06-03_SE1,< 0.003,< 0.003,< 0.003,< 0.004,< 0.004,< 0.003
TX0340066_TRTTAP_2024-06-04_SE1,< 0.003,< 0.003,< 0.003,< 0.004,< 0.004,< 0.003
TX0340066_TRTTAP_2024-07-10_SE1,< 0.003,< 0.003,< 0.003,< 0.004,< 0.004,< 0.003
TX0350001_EP001_2025-03-18_SE1,< 0.003,< 0.003,< 0.003,< 0.004,< 0.004,< 0.003
TX0350001_EP002_2025-03-18_SE1,< 0.003,< 0.003,< 0.003,< 0.004,< 0.004,< 0.003
TX0360002_TRTTAP_2024-01-09_SE1,< 0.003,< 0.003,< 0.003,< 0.004,< 0.004,< 0.003
TX0360005_EP001_2025-06-04_SE1,< 0.003,< 0.003,< 0.003,< 0.004,< 0.004,< 0.003
TX0360005_EP003_2025-06-04_SE1,< 0.003,< 0.003,< 0.003,< 0.004,< 0.004,< 0.003
TX0360017_EP001_2025-04-07_SE1,< 0.003,< 0.003,< 0.003,< 0.004,< 0.004,< 0.003
TX0360017_EP002_2025-04-07_SE1,< 0.003,< 0.003,< 0.003,< 0.004,< 0.004,< 0.003
TX0360017_EP003_2025-04-07_SE1,< 0.003,< 0.003,< 0.003,< 0.004,< 0.004,< 0.003
TX0360030_EP001_2025-06-16_SE1,< 0.003,< 0.003,< 0.003,< 0.004,< 0.004,< 0.003
TX0370002_EP001MC_2024-12-19_SE1,.0037,.0041,< 0.003,< 0.004,< 0.004,.0045
TX0370002_EP002MC_2024-12-19_SE1,< 0.003,< 0.003,< 0.003,< 0.004,< 0.004,< 0.003
TX0370002_EP003MC_2024-12-19_SE1,< 0.003,< 0.003,< 0.003,< 0.004,< 0.004,< 0.003
TX0370002_EP004MC_2024-12-19_SE1,< 0.003,< 0.003,< 0.003,< 0.004,< 0.004,< 0.003
TX0370002_EP005MC_2024-12-19_SE1,< 0.003,< 0.003,< 0.003,< 0.004,< 0.004,< 0.003
TX0370002_EP006MC_2024-12-19_SE1,< 0.003,< 0.003,< 0.003,< 0.004,< 0.004,< 0.003
TX0370003_TRTTAP_2024-03-04_SE1,< 0.003,< 0.003,< 0.003,< 0.004,< 0.004,< 0.003
TX0370016_EP003_2025-02-17_SE1,< 0.003,< 0.003,< 0.003,< 0.004,< 0.004,< 0.003
TX0370016_EP004_2025-02-17_SE1,< 0.003,< 0.003,< 0.003,< 0.004,< 0.004,< 0.003
TX0370016_EP005_2025-02-17_SE1,< 0.003,< 0.003,< 0.003,< 0.004,< 0.004,< 0.003
TX0370018_TRTTAP_2023-02-20_SE1,< 0.003,< 0.003,< 0.003,< 0.004,< 0.004,< 0.003
TX0370055_EP001_2025-02-19_SE1,< 0.003,< 0.003,< 0.003,< 0.004,< 0.004,< 0.003
TX0380001_TRTTAP_2023-03-08_SE1,< 0.003,< 0.003,< 0.003,< 0.004,< 0.004,< 0.003
TX0380013_EP001_2023-03-07_SE1,< 0.003,< 0.003,< 0.003,< 0.004,< 0.004,< 0.003
TX0390019_TRTTAP_2024-03-06_SE1,< 0.003,0.0031,< 0.003,< 0.004,< 0.004,0.0053
TX0420001_TRTTAP_2023-03-15_SE1,< 0.003,< 0.003,< 0.003,< 0.004,< 0.004,< 0.003
TX0420034_EP001_2025-02-10_SE1,< 0.003,< 0.003,< 0.003,< 0.004,< 0.004,< 0.003
TX0420034_EP005_2025-02-10_SE1,< 0.003,< 0.003,< 0.003,< 0.004,< 0.004,< 0.003
TX0430003_TRTTAP_2025-03-20_SE1,< 0.003,< 0.003,< 0.003,< 0.004,< 0.004,< 0.003
TX0430004_TRTTAP_2023-03-20_SE1,< 0.003,< 0.003,< 0.003,< 0.004,< 0.004,< 0.003
TX0430005_EP001_2023-12-05_SE1,.0047,.0067,< 0.003,< 0.004,< 0.004,.0076
TX0430007_264_2025-02-18_SE1,< 0.003,.0034,< 0.003,< 0.004,< 0.004,.0034
TX0430008_TRTTAP_2025-03-17_SE1,< 0.003,< 0.003,< 0.003,< 0.004,< 0.004,< 0.003
TX0430009_EP1_2023-05-22_SE1,.0054,.0062,.0052,< 0.004,.0047,.0061
TX0430011_EP00003_2023-04-13_SE1,0.0036,0.0059,< 0.003,< 0.004,< 0.004,0.0064
TX0430025_EP001_2023-02-22_SE1,.004,.0074,< 0.003,< 0.004,< 0.004,.0081
TX0430027_EP001_2025-02-04_SE1,< 0.003,< 0.003,< 0.003,< 0.004,< 0.004,< 0.003
TX0430027_EP002_2025-02-26_SE1,< 0.003,< 0.003,< 0.003,< 0.004,< 0.004,< 0.003
TX0430027_EP003_2025-02-26_SE1,< 0.003,< 0.003,< 0.003,< 0.004,< 0.004,< 0.003
TX0430027_EP004_2025-02-04_SE1,< 0.003,< 0.003,< 0.003,< 0.004,< 0.004,< 0.003
TX0430029_TRTTAP_2023-01-17_SE1,0.0037,0.0063,< 0.003,< 0.004,< 0.004,0.0069
TX0430029_TRTTAP_2023-03-15_SE1,0.0034,0.0060,< 0.003,< 0.004,< 0.004,0.0073
TX0430030_EP001_2025-01-06_SE1,< 0.003,< 0.003,< 0.003,< 0.004,< 0.004,< 0.003
TX0430033_EP2_2025-01-27_SE1,.0051,.0062,< 0.003,< 0.004,< 0.004,.0065
TX0430034_EP001_2025-03-03_SE1,< 0.003,< 0.003,< 0.003,< 0.004,< 0.004,< 0.003
TX0430036_EP001_2024-03-05_SE1,0.0037,0.0056,< 0.003,< 0.004,< 0.004,0.0061
TX0430037_TRTTAP_2024-01-17_SE1,0.0049,0.0064,< 0.003,< 0.004,< 0.004,0.0073
TX0430039_EP001_2024-08-13_SE1,< 0.003,< 0.003,< 0.003,< 0.004,< 0.004,< 0.003
TX0430040_EP1_2023-04-03_SE1,< 0.003,< 0.003,< 0.003,< 0.004,< 0.004,< 0.003
TX0430042_34566_2024-08-26_SE1,< 0.003,.0034,< 0.003,< 0.004,< 0.004,.0037
TX0430045_TRTTAP_2024-03-04_SE1,0.0038,0.0058,< 0.003,< 0.004,< 0.004,0.0064
TX0430051_EP001_2025-02-18_SE1,0.003,0.0046,< 0.003,< 0.004,< 0.004,0.0051
TX0430053_EP1_2025-03-03_SE1,0.0035,0.0038,< 0.003,< 0.004,< 0.004,0.0041
TX0430053_EP2_2025-03-03_SE1,0.0035,0.0037,< 0.003,< 0.004,< 0.004,0.0042
TX0430054_TRTTAP_2023-12-20_SE1,0.0032,0.0042,< 0.003,< 0.004,< 0.004,0.0051
TX0430055_TRTTAP_2024-03-05_SE1,< 0.003,< 0.003,< 0.003,< 0.004,< 0.004,< 0.003
TX0450001_TRTTAP_2023-05-01_SE1,< 0.003,< 0.003,< 0.003,< 0.004,< 0.004,< 0.003
TX0450002_EP001_2025-06-04_SE1,< 0.003,< 0.003,< 0.003,< 0.004,< 0.004,< 0.003
TX0450002_EP002_2025-06-04_SE1,< 0.003,< 0.003,< 0.003,< 0.004,< 0.004,< 0.003
TX0460001_EP001MC1_2024-06-18_SE1,< 0.003,< 0.003,< 0.003,< 0.004,< 0.004,< 0.003
TX0460001_EP002MC2_2024-06-18_SE1,< 0.003,< 0.003,< 0.003,< 0.004,< 0.004,< 0.003
TX0460001_EP003MC3_2024-06-18_SE1,< 0.003,< 0.003,< 0.003,< 0.004,< 0.004,< 0.003
TX0460001_EP004MC4_2024-06-18_SE1,< 0.003,< 0.003,.003,< 0.004,< 0.004,< 0.003
TX0460001_EP005MC5_2024-06-18_SE1,< 0.003,< 0.003,< 0.003,< 0.004,< 0.004,< 0.003
TX0460001_EP009MC6_2024-06-18_SE1,< 0.003,< 0.003,< 0.003,< 0.004,< 0.004,< 0.003
TX0460001_EP011MC7_2024-06-18_SE1,< 0.003,< 0.003,< 0.003,< 0.004,< 0.004,< 0.003
TX0460001_EP012MC8_2024-06-18_SE1,< 0.003,< 0.003,< 0.003,< 0.004,< 0.004,.0032
TX0460001_EP013MC9_2024-06-18_SE1,< 0.003,< 0.003,< 0.003,< 0.004,< 0.004,< 0.003
TX0460019_PSEP003_2024-10-16_SE1,< 0.003,< 0.003,< 0.003,< 0.004,< 0.004,< 0.003
TX0460019_PSEP005_2024-10-16_SE1,< 0.003,< 0.003,< 0.003,< 0.004,< 0.004,< 0.003
TX0460019_PSEP006_2024-10-16_SE1,< 0.003,< 0.003,< 0.003,< 0.004,< 0.004,< 0.003
TX0460019_PSEP007_2024-10-15_SE1,< 0.003,< 0.003,< 0.003,< 0.004,< 0.004,< 0.003
TX0460019_PSEP008_2024-10-15_SE1,< 0.003,< 0.003,< 0.003,< 0.004,< 0.004,< 0.003
TX0460019_PSEP011_2024-10-16_SE1,< 0.003,< 0.003,< 0.003,< 0.004,< 0.004,< 0.003
TX0460019_PSEP027_2024-10-16_SE1,< 0.003,< 0.003,< 0.003,< 0.004,< 0.004,< 0.003
TX0460019_PSEP029_2024-10-15_SE1,< 0.003,< 0.003,< 0.003,< 0.004,< 0.004,< 0.003
TX0460019_PSEP032_2025-01-08_SE1,< 0.003,< 0.003,< 0.003,< 0.004,< 0.004,< 0.003
TX0460019_PSEP034_2024-10-16_SE1,< 0.003,< 0.003,< 0.003,< 0.004,< 0.004,< 0.003
TX0460019_PSEP035_2024-10-15_SE1,< 0.003,< 0.003,< 0.003,< 0.004,< 0.004,< 0.003
TX0460019_PSEP036_2024-10-16_SE1,< 0.003,< 0.003,< 0.003,< 0.004,< 0.004,< 0.003
TX0460019_PSEP040_2024-10-15_SE1,< 0.003,< 0.003,< 0.003,< 0.004,< 0.004,< 0.003
TX0460019_PSEP042_2025-01-08_SE1,< 0.003,< 0.003,< 0.003,< 0.004,< 0.004,< 0.003
TX0460022_EP001_2024-02-06_SE1,0.0122,< 0.003,0.0039,< 0.004,< 0.004,0.0035
TX0460022_EP002_2024-02-06_SE1,< 0.003,< 0.003,< 0.003,< 0.004,< 0.004,< 0.003
TX0460022_EP003_2024-02-06_SE1,< 0.003,< 0.003,< 0.003,< 0.004,< 0.004,< 0.003
TX0460027_TRTTAP_2024-06-04_SE1,< 0.003,< 0.003,< 0.003,< 0.004,< 0.004,< 0.003
TX0460172_EP001MC_2024-01-23_SE1,< 0.003,< 0.003,< 0.003,< 0.004,< 0.004,< 0.003
TX0460172_EP002MC_2024-01-24_SE1,< 0.003,< 0.003,< 0.003,< 0.004,< 0.004,< 0.003
TX0460172_EP007MC_2024-01-24_SE1,< 0.003,< 0.003,< 0.003,< 0.004,< 0.004,< 0.003
TX0460172_EP008MC_2024-01-24_SE1,.0064,< 0.003,.0124,< 0.004,.0041,< 0.003
TX0460172_EP009MC_2024-01-24_SE1,< 0.003,< 0.003,< 0.003,< 0.004,< 0.004,< 0.003
TX0460172_EP011MC_2024-01-23_SE1,< 0.003,< 0.003,< 0.003,< 0.004,< 0.004,< 0.003
TX0460172_EP012MC_2024-01-24_SE1,< 0.003,< 0.003,< 0.003,< 0.004,< 0.004,< 0.003
TX0460172_EP018MC_2024-01-23_SE1,< 0.003,< 0.003,< 0.003,< 0.004,< 0.004,< 0.003
TX0460172_EP019MC_2024-01-24_SE1,< 0.003,< 0.003,< 0.003,< 0.004,< 0.004,< 0.003
TX0460172_EP020MC_2024-01-23_SE1,< 0.003,< 0.003,< 0.003,< 0.004,< 0.004,< 0.003
TX0460172_EP021MC_2024-01-23_SE1,< 0.003,< 0.003,< 0.003,< 0.004,< 0.004,< 0.003
TX0460172_EP022MC_2024-01-23_SE1,< 0.003,< 0.003,< 0.003,< 0.004,< 0.004,< 0.003
TX0460172_TPEP023_2024-01-23_SE1,< 0.003,< 0.003,< 0.003,< 0.004,< 0.004,< 0.003
TX0460172_TPEP024_2024-01-24_SE1,< 0.003,< 0.003,< 0.003,< 0.004,< 0.004,< 0.003
TX0460205_EP001_2025-01-06_SE1,< 0.003,< 0.003,< 0.003,< 0.004,< 0.004,< 0.003
TX0470001_TRTTAP_2023-03-08_SE1,< 0.003,< 0.003,< 0.003,< 0.004,< 0.004,< 0.003
TX0480015_EP001_2025-03-31_SE1,< 0.003,< 0.003,< 0.003,< 0.004,< 0.004,< 0.003
TX0480015_EP003_2025-03-31_SE1,0.0035,< 0.003,0.0041,< 0.004,< 0.004,< 0.003
TX0490001_EP001MC_2023-08-29_SE1,< 0.003,< 0.003,< 0.003,< 0.004,< 0.004,< 0.003
TX0490001_EP004MC_2023-08-29_SE1,< 0.003,< 0.003,< 0.003,< 0.004,< 0.004,< 0.003
TX0490001_EP005MC_2023-08-29_SE1,< 0.003,< 0.003,< 0.003,< 0.004,< 0.004,< 0.003
TX0490001_EP006MC_2023-08-29_SE1,< 0.003,< 0.003,< 0.003,< 0.004,< 0.004,< 0.003
TX0490001_EP007MC_2023-08-29_SE1,< 0.003,< 0.003,< 0.003,< 0.004,< 0.004,< 0.003
TX0490001_EP008MC_2023-02-08_SE1,< 0.003,< 0.003,< 0.003,< 0.004,< 0.004,< 0.003
TX0490014_EP001_2023-04-19_SE1,< 0.003,< 0.003,< 0.003,< 0.004,< 0.004,< 0.003
TX0490017_001_2025-06-03_SE1,< 0.003,< 0.003,< 0.003,< 0.004,< 0.004,< 0.003
TX0490018_RN109761163_2023-03-07_SE1,< 0.003,< 0.003,< 0.003,< 0.004,< 0.004,< 0.003
TX0490018_RN111426292_2023-04-10_SE1,< 0.003,< 0.003,< 0.003,< 0.004,< 0.004,< 0.003
TX0490020_EP001_2025-03-11_SE1,< 0.003,< 0.003,< 0.003,< 0.004,< 0.004,< 0.003
TX0500001_EP001_2023-08-24_SE1,.0035,< 0.003,.0043,< 0.004,.0041,< 0.003
TX0500002_EP001_2024-03-20_SE1,< 0.003,< 0.003,.003,< 0.004,< 0.004,< 0.003
TX0500013_EP001_2025-01-13_SE1,< 0.003,< 0.003,< 0.003,< 0.004,< 0.004,< 0.003
TX0500013_EP002_2025-01-13_SE1,< 0.003,< 0.003,< 0.003,< 0.004,< 0.004,< 0.003
TX0500013_EP003_2025-04-07_SE1,< 0.003,< 0.003,< 0.003,< 0.004,< 0.004,< 0.003
TX0500044_001_2023-12-18_SE1,< 0.003,< 0.003,< 0.003,< 0.004,< 0.004,< 0.003
TX0530012_EP001_2025-04-29_SE1,< 0.003,< 0.003,< 0.003,< 0.004,< 0.004,< 0.003
TX0530012_EP002_2025-04-29_SE1,< 0.003,< 0.003,< 0.003,< 0.004,< 0.004,< 0.003
TX0560001_TRTTAP_2024-08-12_SE1,< 0.003,< 0.003,< 0.003,< 0.004,< 0.004,< 0.003
TX0570004_EP001MC1_2023-03-08_SE1,0.0041,0.0053,< 0.003,< 0.004,< 0.004,0.0055
TX0570004_EP002MC2_2023-03-08_SE1,0.0048,0.0114,0.0032,0.0047,0.0051,0.0114
TX0570004_EP003MC3_2023-03-28_SE1,0.0030,0.0050,< 0.003,< 0.004,< 0.004,0.0053
TX0570006_EP01_2023-08-14_SE1,0.0040,0.0045,< 0.003,< 0.004,< 0.004,0.0055
TX0570007_EP001_2023-05-09_SE1,.0038,.0062,< 0.003,< 0.004,.0044,.0054
TX0570010_EP002_2024-01-23_SE1,.0057,.0075,< 0.003,< 0.004,< 0.004,.0086
TX0570012_TRTTAP_2024-01-22_SE1,0.0049,0.0053,< 0.003,< 0.004,< 0.004,0.0062
TX0570013_EP001_2023-04-17_SE1,.0044,.006,< 0.003,< 0.004,< 0.004,.0054
TX0570014_EP001_2025-01-22_SE1,.0042,.0057,< 0.003,< 0.004,< 0.004,.0058
TX0570015_TRTTAP_2024-02-28_SE1,.0045,.0063,< 0.003,< 0.004,< 0.004,.0082
TX0570016_EP001_2023-04-24_SE1,.0039,.0061,< 0.003,< 0.004,.0051,.005
TX0570018_TRTTAP_2024-03-06_SE1,0.0039,0.0040,< 0.003,< 0.004,< 0.004,0.0043
TX0570031_EP002_2025-01-13_SE1,.0048,.0063,< 0.003,< 0.004,< 0.004,.0067
TX0570032_EPFCT1_2024-07-15_SE1,< 0.003,.003,< 0.003,< 0.004,< 0.004,< 0.003
TX0570032_EPFCT2_2024-07-15_SE1,< 0.003,< 0.003,< 0.003,< 0.004,< 0.004,< 0.003
TX0570034_EP001_2024-08-19_SE1,< 0.003,.004,< 0.003,< 0.004,< 0.004,.0043
TX0570034_EP002_2024-08-19_SE1,< 0.003,.0037,< 0.003,< 0.004,< 0.004,.0045
TX0570034_EP003_2024-08-19_SE1,< 0.003,.0042,< 0.003,< 0.004,< 0.004,.0044
TX0570034_EP004_2024-11-18_SE1,< 0.003,.0041,< 0.003,< 0.004,< 0.004,.0041
TX0570036_EP003_2024-07-01_SE1,< 0.003,0.0039,< 0.003,< 0.004,< 0.004,0.0041
TX0570038_TRTTAP_2024-10-08_SE1,0.0035,0.0052,< 0.003,< 0.004,< 0.004,0.0055
TX0570039_EP001_2024-03-19_SE1,0.0054,0.0050,< 0.003,< 0.004,< 0.004,0.0056
TX0570040_EP001_2024-08-13_SE1,< 0.003,.0035,< 0.003,< 0.004,< 0.004,.0035
TX0570047_EP003_2024-05-21_SE1,.0031,.0045,< 0.003,< 0.004,< 0.004,.0044
TX0570048_EP001_2024-05-07_SE1,0.0036,0.0063,< 0.003,< 0.004,< 0.004,0.0065
TX0570048_EP002_2024-05-07_SE1,< 0.003,< 0.003,< 0.003,< 0.004,< 0.004,< 0.003
TX0570048_EP010_2024-05-07_SE1,0.0043,0.0055,< 0.003,< 0.004,0.0041,0.0060
TX0570048_EP015_2024-05-07_SE1,0.0032,0.0053,< 0.003,< 0.004,< 0.004,0.0063
TX0570048_EP016_2024-05-07_SE1,< 0.003,0.0030,< 0.003,< 0.004,< 0.004,0.0033
TX0570049_TRTTAP_2023-02-20_SE1,< 0.003,< 0.003,< 0.003,< 0.004,< 0.004,< 0.003
TX0570050_EP001_2023-07-11_SE1,0.0053,0.0119,< 0.003,0.0041,< 0.004,0.0117
TX0570050_EP005_2023-07-11_SE1,0.0045,0.0071,< 0.003,< 0.004,< 0.004,0.0069
TX0570050_EP006_2023-07-11_SE1,0.0056,0.0074,< 0.003,< 0.004,< 0.004,0.0072
TX0570056_EP001_2025-02-17_SE1,.0031,.0041,< 0.003,< 0.004,< 0.004,.0046
TX0570057_EP002_2024-06-12_SE1,< 0.003,< 0.003,< 0.003,< 0.004,< 0.004,< 0.003
TX0570059_TRTTAP_2023-02-22_SE1,0.0048,0.0073,< 0.003,< 0.004,< 0.004,0.0088
TX0570061_EP001_2023-10-23_SE1,.0089,.0161,.004,.0044,.0043,.0168
TX0570085_EP001_2023-05-09_SE1,< 0.003,< 0.003,< 0.003,< 0.004,< 0.004,< 0.003
TX0570136_EP001_2024-08-14_SE1,< 0.003,.0034,< 0.003,< 0.004,< 0.004,.0035
TX0570136_EP002_2024-08-14_SE1,< 0.003,< 0.003,< 0.003,< 0.004,< 0.004,< 0.003
TX0580001_TRTTAP_2024-06-05_SE1,< 0.003,< 0.003,< 0.003,< 0.004,< 0.004,< 0.003
TX0590001_EP001_2024-10-09_SE1,< 0.003,< 0.003,< 0.003,< 0.004,< 0.004,< 0.003
TX0590001_EP002_2024-12-10_SE1,< 0.003,< 0.003,< 0.003,< 0.004,< 0.004,< 0.003
TX0590001_EP003_2024-10-09_SE1,< 0.003,< 0.003,< 0.003,< 0.004,< 0.004,< 0.003
TX0590001_EP004_2024-10-09_SE1,< 0.003,< 0.003,< 0.003,< 0.004,< 0.004,< 0.003
TX0610002_EP001MC_2023-01-23_SE1,.004,.0046,< 0.003,< 0.004,< 0.004,.0044
TX0610002_EP005MC_2023-01-23_SE1,< 0.003,< 0.003,< 0.003,< 0.004,< 0.004,< 0.003
TX0610003_EP001_2024-01-23_SE1,0.0036,0.0052,< 0.003,< 0.004,< 0.004,0.0054
TX0610004_EP001_2024-05-22_SE1,< 0.003,.004,< 0.003,< 0.004,< 0.004,.0039
TX0610004_EP002_2024-05-22_SE1,< 0.003,.0044,< 0.003,< 0.004,< 0.004,.0043
TX0610004_EP005_2024-05-22_SE1,< 0.003,.0042,< 0.003,< 0.004,< 0.004,.0044
TX0610005_TRTTAP_2024-02-05_SE1,< 0.003,< 0.003,< 0.003,< 0.004,< 0.004,< 0.003
TX0610006_TRTTAP_2024-04-08_SE1,< 0.003,< 0.003,< 0.003,< 0.004,< 0.004,< 0.003
TX0610006_TRTTAP_2024-05-07_SE1,< 0.003,< 0.003,< 0.003,< 0.004,< 0.004,< 0.003
TX0610007_TRTTAP_2023-01-18_SE1,< 0.003,< 0.003,< 0.003,< 0.004,< 0.004,< 0.003
TX0610007_TRTTAP_2023-03-14_SE1,< 0.003,< 0.003,< 0.003,< 0.004,< 0.004,< 0.003
TX0610007_TRTTAP_2023-10-18_SE1,< 0.003,< 0.003,< 0.003,< 0.004,< 0.004,< 0.003
TX0610008_TRTTAP_2024-01-16_SE1,< 0.003,< 0.003,< 0.003,< 0.004,< 0.004,0.0030
TX0610018_EP001_2025-01-14_SE1,< 0.003,< 0.003,< 0.003,< 0.004,< 0.004,< 0.003
TX0610019_EP008_2023-02-28_SE1,< 0.003,0.0043,< 0.003,< 0.004,< 0.004,0.0043
TX0610019_TRTTAP_2023-02-21_SE1,< 0.003,0.0057,< 0.003,< 0.004,< 0.004,0.0053
TX0610019_TRTTAP_2023-02-22_SE1,< 0.003,< 0.003,< 0.003,< 0.004,< 0.004,< 0.003
TX0610020_TRTTAP_2023-03-06_SE1,< 0.003,< 0.003,< 0.003,< 0.004,< 0.004,< 0.003
TX0610020_TRTTAP_2023-06-14_SE1,< 0.003,< 0.003,< 0.003,< 0.004,< 0.004,< 0.003
TX0610023_EP001_2023-04-24_SE1,.005,.0129,< 0.003,.0044,< 0.004,.0116
TX0610023_EP002_2024-08-28_SE1,< 0.003,< 0.003,< 0.003,< 0.004,< 0.004,.003
TX0610023_EP003_2023-04-24_SE1,.0038,.0063,< 0.003,< 0.004,< 0.004,.0056
TX0610029_EP001_2024-01-23_SE1,.0039,.0062,< 0.003,< 0.004,< 0.004,.0064
TX0610029_EP001MC_2024-01-23_SE1,.0042,.0061,< 0.003,< 0.004,< 0.004,.0064
TX0610029_EP003MC_2024-01-23_SE1,< 0.003,< 0.003,< 0.003,< 0.004,< 0.004,< 0.003
TX0610035_EP001_2025-02-10_SE1,.0033,.0041,< 0.003,< 0.004,< 0.004,.0045
TX0610036_EP001_2025-01-27_SE1,< 0.003,< 0.003,< 0.003,< 0.004,< 0.004,< 0.003
TX0610036_EP002_2025-01-27_SE1,< 0.003,< 0.003,< 0.003,< 0.004,< 0.004,< 0.003
TX0610036_EP003_2025-01-27_SE1,< 0.003,< 0.003,< 0.003,< 0.004,< 0.004,< 0.003
TX0610036_EP005_2025-04-21_SE1,< 0.003,< 0.003,< 0.003,< 0.004,< 0.004,< 0.003
TX0610036_EP009_2025-01-27_SE1,< 0.003,< 0.003,< 0.003,< 0.004,< 0.004,< 0.003
TX0610036_EP010_2025-01-27_SE1,< 0.003,< 0.003,< 0.003,< 0.004,< 0.004,< 0.003
TX0610036_EP011_2025-01-27_SE1,< 0.003,< 0.003,< 0.003,< 0.004,< 0.004,< 0.003
TX0610036_EP012_2025-01-27_SE1,< 0.003,< 0.003,< 0.003,< 0.004,< 0.004,< 0.003
TX0610036_EP013_2025-01-27_SE1,< 0.003,< 0.003,< 0.003,< 0.004,< 0.004,< 0.003
TX0610036_EP014_2025-01-27_SE1,< 0.003,< 0.003,< 0.003,< 0.004,< 0.004,< 0.003
TX0610049_EP002_2025-04-07_SE1,< 0.003,< 0.003,< 0.003,< 0.004,< 0.004,< 0.003
TX0610049_EP003_2025-04-07_SE1,< 0.003,< 0.003,< 0.003,< 0.004,< 0.004,< 0.003
TX0610049_EP004_2025-04-07_SE1,< 0.003,< 0.003,< 0.003,< 0.004,< 0.004,< 0.003
TX0610049_EP005_2025-04-07_SE1,< 0.003,< 0.003,< 0.003,< 0.004,< 0.004,< 0.003
TX0610049_EP006_2025-04-07_SE1,< 0.003,< 0.003,< 0.003,< 0.004,< 0.004,< 0.003
TX0610049_EP008_2025-04-07_SE1,< 0.003,< 0.003,< 0.003,< 0.004,< 0.004,< 0.003
TX0610049_EP009_2025-04-07_SE1,< 0.003,< 0.003,< 0.003,< 0.004,< 0.004,< 0.003
TX0610049_EP010_2025-04-07_SE1,< 0.003,< 0.003,< 0.003,< 0.004,< 0.004,< 0.003
TX0610049_EP011_2025-04-07_SE1,< 0.003,< 0.003,< 0.003,< 0.004,< 0.004,< 0.003
TX0610049_EP012_2025-04-07_SE1,< 0.003,< 0.003,< 0.003,< 0.004,< 0.004,< 0.003
TX0610049_EP013_2025-04-07_SE1,< 0.003,< 0.003,< 0.003,< 0.004,< 0.004,< 0.003
TX0610049_EP014_2025-04-07_SE1,< 0.003,< 0.003,< 0.003,< 0.004,< 0.004,< 0.003
TX0610049_EP015_2025-04-07_SE1,< 0.003,< 0.003,< 0.003,< 0.004,< 0.004,< 0.003
TX0610049_EP016_2025-04-07_SE1,< 0.003,< 0.003,< 0.003,< 0.004,< 0.004,< 0.003
TX0610049_EP017_2025-04-07_SE1,< 0.003,< 0.003,< 0.003,< 0.004,< 0.004,< 0.003
TX0610065_EP002_2023-06-21_SE1,.003,.005,< 0.003,< 0.004,< 0.004,.0048
TX0610080_EP001MC_2023-08-23_SE1,< 0.003,< 0.003,< 0.003,< 0.004,< 0.004,< 0.003
TX0610080_EP002MC_2023-08-23_SE1,< 0.003,< 0.003,< 0.003,< 0.004,< 0.004,< 0.003
TX0610080_EP003MC_2023-08-23_SE1,< 0.003,< 0.003,< 0.003,< 0.004,< 0.004,< 0.003
TX0610080_EP004MC_2023-05-03_SE1,< 0.003,.0047,< 0.003,< 0.004,< 0.004,.0038
TX0610080_EP005MC_2023-05-03_SE1,< 0.003,.0046,< 0.003,< 0.004,< 0.004,.0041
TX0610081_EP001_2024-03-06_SE1,0.0041,0.0064,< 0.003,< 0.004,< 0.004,0.0063
TX0610081_EP002_2023-01-19_SE1,0.0039,0.0068,< 0.003,< 0.004,< 0.004,0.0076
TX0610081_EP002MC_2023-06-26_SE1,< 0.003,< 0.003,< 0.003,< 0.004,< 0.004,< 0.003
TX0610081_EP003MC_2023-06-26_SE1,< 0.003,< 0.003,< 0.003,< 0.004,< 0.004,< 0.003
TX0610081_EP004MC_2023-06-26_SE1,< 0.003,< 0.003,< 0.003,< 0.004,< 0.004,< 0.003
TX0610084_EP001_2023-02-22_SE1,< 0.003,< 0.003,< 0.003,< 0.004,< 0.004,< 0.003
TX0610091_EP004_2025-04-15_SE1,0.0035,0.0038,< 0.003,< 0.004,< 0.004,0.0040
TX0610195_01_2024-04-30_SE1,< 0.003,< 0.003,< 0.003,< 0.004,< 0.004,< 0.003
TX0610228_EP1_2024-04-23_SE1,.0032,.0047,< 0.003,< 0.004,< 0.004,.0052
TX0610235_EP001_2025-03-12_SE1,< 0.003,< 0.003,< 0.003,< 0.004,< 0.004,< 0.003
TX0610235_EP002_2025-03-12_SE1,< 0.003,< 0.003,< 0.003,< 0.004,< 0.004,< 0.003
TX0610244_TRTTAP_2023-03-07_SE1,< 0.003,< 0.003,< 0.003,< 0.004,< 0.004,< 0.003
TX0610253_EP001_2025-02-17_SE1,< 0.003,< 0.003,< 0.003,< 0.004,< 0.004,< 0.003
TX0610253_EP002_2025-02-17_SE1,< 0.003,< 0.003,< 0.003,< 0.004,< 0.004,< 0.003
TX0610253_EP003_2025-02-17_SE1,< 0.003,0.0038,< 0.003,< 0.004,< 0.004,0.0048
TX0610259_TRTTAP_2024-09-09_SE1,< 0.003,< 0.003,< 0.003,< 0.004,< 0.004,< 0.003
TX0610261_EP001_2025-02-25_SE1,< 0.003,< 0.003,< 0.003,< 0.004,< 0.004,< 0.003
TX0610273_EP001_2025-03-31_SE1,< 0.003,< 0.003,0.0035,< 0.004,< 0.004,< 0.003
TX0620001_EP001_2025-04-08_SE1,< 0.003,< 0.003,< 0.003,< 0.004,< 0.004,< 0.003
TX0620001_EP002_2025-04-08_SE1,< 0.003,< 0.003,< 0.003,< 0.004,< 0.004,< 0.003
TX0620001_EP004_2025-04-08_SE1,< 0.003,< 0.003,< 0.003,< 0.004,< 0.004,< 0.003
TX0620003_TRTTAP_2024-03-12_SE1,< 0.003,< 0.003,< 0.003,< 0.004,< 0.004,< 0.003
TX0640002_TRTTAP_2023-06-07_SE1,< 0.003,< 0.003,< 0.003,< 0.004,< 0.004,< 0.003
TX0660003_EP001_2025-05-05_SE1,< 0.003,< 0.003,< 0.003,< 0.004,< 0.004,< 0.003
TX0660003_EP002_2025-05-05_SE1,< 0.003,< 0.003,< 0.003,< 0.004,< 0.004,< 0.003
TX0670001_EP001_2025-03-03_SE1,< 0.003,< 0.003,< 0.003,< 0.004,< 0.004,< 0.003
TX0670002_TRTTAP_2024-01-16_SE1,< 0.003,< 0.003,< 0.003,< 0.004,< 0.004,< 0.003
TX0680002_EP001MC1_2024-08-21_SE1,.0036,< 0.003,.0047,< 0.004,< 0.004,< 0.003
TX0680235_EP001_2025-11-04_SE1,.0049,< 0.003,.0049,< 0.004,< 0.004,< 0.003
TX0700001_EP001MC1_2023-03-15_SE1,.0034,.0104,< 0.003,< 0.004,< 0.004,.0104
TX0700005_EP001MC_2023-12-11_SE1,.0049,.009,< 0.003,.0048,< 0.004,.0101
TX0700005_EP002_2023-12-11_SE1,.0032,.0051,< 0.003,< 0.004,< 0.004,.0056
TX0700008_EP001MC_2023-11-21_SE1,.0071,.0087,< 0.003,< 0.004,< 0.004,.0121
TX0700008_TP21871_2023-11-21_SE1,.0031,.0054,< 0.003,< 0.004,< 0.004,.0064
TX0700031_EP1_2024-04-15_SE1,.0049,.0058,< 0.003,< 0.004,< 0.004,.0057
TX0700033_EP001_2024-05-06_SE1,.0035,.0056,< 0.003,< 0.004,< 0.004,.0058
TX0700033_EP002_2024-05-06_SE1,.0033,.0058,< 0.003,< 0.004,< 0.004,.0074
TX0700034_EP001_2024-07-22_SE1,< 0.003,< 0.003,< 0.003,< 0.004,< 0.004,< 0.003
TX0700034_EP002_2024-07-22_SE1,< 0.003,< 0.003,< 0.003,< 0.004,< 0.004,< 0.003
TX0700034_EP003_2024-07-22_SE1,< 0.003,< 0.003,< 0.003,< 0.004,< 0.004,< 0.003
TX0700034_EP004_2024-07-22_SE1,< 0.003,< 0.003,< 0.003,< 0.004,< 0.004,< 0.003
TX0700034_EP005_2024-07-22_SE1,< 0.003,.0037,< 0.003,< 0.004,< 0.004,.0045
TX0700034_EP006_2024-07-22_SE1,< 0.003,< 0.003,< 0.003,< 0.004,< 0.004,< 0.003
TX0700034_EP007_2024-07-22_SE1,< 0.003,< 0.003,< 0.003,< 0.004,< 0.004,< 0.003
TX0700037_EP001_2025-03-04_SE1,< 0.003,< 0.003,< 0.003,< 0.004,< 0.004,< 0.003
TX0700037_EP002_2025-03-04_SE1,< 0.003,< 0.003,< 0.003,< 0.004,< 0.004,< 0.003
TX0700037_EP003_2025-03-04_SE1,< 0.003,< 0.003,< 0.003,< 0.004,< 0.004,< 0.003
TX0700037_EP004_2025-03-04_SE1,< 0.003,< 0.003,< 0.003,< 0.004,< 0.004,< 0.003
TX0700037_EP005_2025-03-04_SE1,< 0.003,< 0.003,< 0.003,< 0.004,< 0.004,< 0.003
TX0700042_EP001_2023-09-19_SE1,< 0.003,< 0.003,< 0.003,< 0.004,< 0.004,< 0.003
TX0700042_EP002_2023-09-19_SE1,< 0.003,< 0.003,< 0.003,< 0.004,< 0.004,< 0.003
TX0700042_EP003_2023-09-19_SE1,< 0.003,< 0.003,< 0.003,< 0.004,< 0.004,< 0.003
TX0700042_EP004_2023-09-19_SE1,< 0.003,< 0.003,< 0.003,< 0.004,< 0.004,< 0.003
TX0700042_EP005_2023-09-19_SE1,.0034,.0061,< 0.003,< 0.004,< 0.004,.0072
TX0700042_EP006_2023-09-19_SE1,< 0.003,< 0.003,< 0.003,< 0.004,< 0.004,< 0.003
TX0700042_EP007_2023-09-19_SE1,.003,.006,< 0.003,< 0.004,< 0.004,.0062
TX0700064_EP_2025-03-10_SE1,< 0.003,< 0.003,< 0.003,< 0.004,< 0.004,< 0.003
TX0700067_TRTTAP_2023-01-17_SE1,< 0.003,< 0.003,< 0.003,< 0.004,< 0.004,< 0.003
TX0710001_TRTTAP_2023-01-18_SE1,< 0.003,< 0.003,< 0.003,< 0.004,< 0.004,< 0.003
TX0710001_TRTTAP_2023-03-15_SE1,0.0287,0.0073,0.0057,0.0291,0.0331,0.0081
TX0710001_TRTTAP_2023-04-05_SE1,< 0.003,< 0.003,< 0.003,< 0.004,< 0.004,< 0.003
TX0710002_EP001MC1_2023-07-13_SE1,< 0.003,< 0.003,< 0.003,< 0.004,< 0.004,< 0.003
TX0710002_EP003MC2_2023-07-11_SE1,< 0.003,< 0.003,< 0.003,< 0.004,< 0.004,< 0.003
TX0710002_EP004MC3_2023-07-11_SE1,< 0.003,< 0.003,< 0.003,< 0.004,< 0.004,< 0.003
TX0710002_EP005MC4_2023-07-11_SE1,< 0.003,< 0.003,< 0.003,< 0.004,< 0.004,< 0.003
TX0710002_EP007MC6_2023-10-19_SE1,< 0.003,< 0.003,< 0.003,< 0.004,< 0.004,< 0.003
TX0710002_EP008MC7_2023-10-26_SE1,< 0.003,< 0.003,< 0.003,< 0.004,< 0.004,< 0.003
TX0710002_EP009MC8_2023-07-11_SE1,< 0.003,< 0.003,< 0.003,< 0.004,< 0.004,< 0.003
TX0710002_EP010MC9_2023-07-11_SE1,< 0.003,< 0.003,< 0.003,< 0.004,< 0.004,< 0.003
TX0710002_EP012MC10_2024-07-23_SE1,.0046,.0045,< 0.003,< 0.004,< 0.004,.0052
TX0710002_EP013_2023-10-31_SE1,< 0.003,< 0.003,< 0.003,< 0.004,< 0.004,< 0.003
TX0710002_EP020_2024-07-23_SE1,< 0.003,< 0.003,.0047,< 0.004,< 0.004,< 0.003
TX0710002_EP022MC13_2023-10-19_SE1,< 0.003,< 0.003,< 0.003,< 0.004,< 0.004,< 0.003
TX0710002_EP023_2024-07-23_SE1,< 0.003,< 0.003,< 0.003,< 0.004,< 0.004,< 0.003
TX0710002_EP024_2023-10-17_SE1,< 0.003,< 0.003,< 0.003,< 0.004,< 0.004,< 0.003
TX0710002_EP026MC15_2024-07-25_SE1,< 0.003,< 0.003,< 0.003,< 0.004,< 0.004,< 0.003
TX0710002_EP028_2023-10-19_SE1,< 0.003,< 0.003,< 0.003,< 0.004,< 0.004,< 0.003
TX0710002_EP030_2023-10-17_SE1,< 0.003,< 0.003,< 0.003,< 0.004,< 0.004,< 0.003
TX0710002_EP033_2024-01-03_SE1,< 0.003,< 0.003,< 0.003,< 0.004,< 0.004,< 0.003
TX0710002_EP038_2024-07-29_SE1,.0085,< 0.003,.0055,< 0.004,.0085,< 0.003
TX0710002_EP040MC16_2024-01-03_SE1,< 0.003,< 0.003,< 0.003,< 0.004,< 0.004,< 0.003
TX0710002_EP041MC17_2024-01-03_SE1,< 0.003,< 0.003,< 0.003,< 0.004,< 0.004,< 0.003
TX0710002_EP042MC18_2024-01-31_SE1,< 0.003,< 0.003,< 0.003,< 0.004,< 0.004,< 0.003
TX0710002_EP043MC19_2024-07-24_SE1,< 0.003,< 0.003,< 0.003,< 0.004,< 0.004,< 0.003
TX0710002_EP044MC20_2024-06-10_SE1,< 0.003,.0031,< 0.003,< 0.004,< 0.004,.0034
TX0710002_EP045MC21_2023-10-26_SE1,< 0.003,< 0.003,< 0.003,< 0.004,< 0.004,< 0.003
TX0710002_EP047_2024-03-18_SE1,< 0.003,< 0.003,< 0.003,< 0.004,< 0.004,< 0.003
TX0710002_EP049_2023-07-18_SE1,< 0.003,< 0.003,< 0.003,< 0.004,< 0.004,< 0.003
TX0710005_EP1_2023-09-19_SE1,< 0.003,< 0.003,< 0.003,< 0.004,< 0.004,< 0.003
TX0710018_TRTTAP_2023-05-09_SE1,< 0.003,< 0.003,< 0.003,< 0.004,< 0.004,< 0.003
TX0710019_ATP1_2023-03-07_SE1,< 0.003,< 0.003,< 0.003,< 0.004,< 0.004,< 0.003
TX0710020_3695_2024-01-29_SE1,< 0.003,< 0.003,< 0.003,< 0.004,< 0.004,< 0.003
TX0710020_PIKE_2024-01-29_SE1,< 0.003,< 0.003,< 0.003,< 0.004,< 0.004,< 0.003
TX0710078_TRTTAP_2023-02-21_SE1,< 0.003,< 0.003,< 0.003,< 0.004,< 0.004,< 0.003
TX0710154_EP001_2023-12-27_SE1,< 0.003,< 0.003,< 0.003,< 0.004,< 0.004,< 0.003
TX0710154_EP002_2023-12-27_SE1,< 0.003,< 0.003,< 0.003,< 0.004,< 0.004,< 0.003
TX0710178_TRTTAP_2023-01-17_SE1,< 0.003,< 0.003,< 0.003,< 0.004,< 0.004,< 0.003
TX0710186_EP001_2025-05-21_SE1,< 0.003,< 0.003,< 0.003,< 0.004,< 0.004,< 0.003
TX0710187_BLDG18535_2024-01-29_SE1,< 0.003,< 0.003,< 0.003,< 0.004,< 0.004,< 0.003
TX0710187_BLDG20588_2024-01-29_SE1,< 0.003,< 0.003,< 0.003,< 0.004,< 0.004,< 0.003
TX0720001_TRTTAP_2023-03-13_SE1,< 0.003,< 0.003,< 0.003,< 0.004,< 0.004,< 0.003
TX0720002_EP001MC_2025-03-24_SE1,< 0.003,< 0.003,< 0.003,< 0.004,< 0.004,< 0.003
TX0720002_EP002MC_2025-03-24_SE1,< 0.003,< 0.003,< 0.003,< 0.004,< 0.004,< 0.003
TX0720002_EP003MC_2025-03-24_SE1,< 0.003,< 0.003,< 0.003,< 0.004,< 0.004,< 0.003
TX0720002_EP004MC_2025-03-24_SE1,< 0.003,< 0.003,< 0.003,< 0.004,< 0.004,< 0.003
TX0730002_EP001_2025-03-12_SE1,< 0.003,< 0.003,< 0.003,< 0.004,< 0.004,< 0.003
TX0730004_TRTTAP_2023-04-03_SE1,< 0.003,< 0.003,< 0.003,< 0.004,< 0.004,< 0.003
TX0740001_EP001_2023-04-03_SE1,< 0.003,< 0.003,< 0.003,< 0.004,< 0.004,< 0.003
TX0740031_EP001_2024-02-06_SE1,< 0.003,< 0.003,< 0.003,< 0.004,< 0.004,< 0.003
TX0740031_EP002_2024-02-06_SE1,< 0.003,< 0.003,< 0.003,< 0.004,< 0.004,< 0.003
TX0740031_EP003_2024-02-06_SE1,< 0.003,< 0.003,< 0.003,< 0.004,< 0.004,< 0.003
TX0740031_EP004_2024-02-06_SE1,< 0.003,< 0.003,< 0.003,< 0.004,< 0.004,< 0.003
TX0740031_EP005_2024-02-06_SE1,< 0.003,< 0.003,< 0.003,< 0.004,< 0.004,< 0.003
TX0740031_EP006_2024-02-06_SE1,< 0.003,< 0.003,< 0.003,< 0.004,< 0.004,< 0.003
TX0740031_EP007_2024-02-06_SE1,< 0.003,< 0.003,< 0.003,< 0.004,< 0.004,< 0.003
TX0740031_EP008_2024-02-06_SE1,< 0.003,< 0.003,< 0.003,< 0.004,< 0.004,< 0.003
TX0740044_EP002_2025-01-13_SE1,< 0.003,< 0.003,< 0.003,< 0.004,< 0.004,< 0.003
TX0740044_EP003_2025-01-13_SE1,< 0.003,< 0.003,< 0.003,< 0.004,< 0.004,< 0.003
TX0740044_EP005_2025-01-13_SE1,< 0.003,< 0.003,< 0.003,< 0.004,< 0.004,< 0.003
TX0750003_TRTTAP_2024-05-06_SE1,< 0.003,< 0.003,< 0.003,< 0.004,< 0.004,< 0.003
TX0750022_TRTTAP_2023-04-04_SE1,< 0.003,< 0.003,< 0.003,< 0.004,< 0.004,< 0.003
TX0750022_TRTTAP_2023-05-01_SE1,< 0.003,< 0.003,< 0.003,< 0.004,< 0.004,< 0.003
TX0790001_01_2024-04-15_SE1,< 0.003,< 0.003,< 0.003,< 0.004,< 0.004,< 0.003
TX0790001_02_2024-04-15_SE1,< 0.003,< 0.003,< 0.003,< 0.004,< 0.004,< 0.003
TX0790001_03_2024-04-15_SE1,< 0.003,< 0.003,< 0.003,< 0.004,< 0.004,< 0.003
TX0790003_EP002MC_2024-11-04_SE1,< 0.003,< 0.003,< 0.003,< 0.004,< 0.004,< 0.003
TX0790003_EP003MC_2024-11-04_SE1,< 0.003,< 0.003,< 0.003,< 0.004,< 0.004,< 0.003
TX0790003_EP004MC_2024-11-04_SE1,< 0.003,< 0.003,< 0.003,< 0.004,< 0.004,< 0.003
TX0790003_EP005MC_2024-11-04_SE1,< 0.003,< 0.003,< 0.003,< 0.004,< 0.004,< 0.003
TX0790003_EP006MC_2024-11-04_SE1,< 0.003,< 0.003,< 0.003,< 0.004,< 0.004,< 0.003
TX0790003_EP007_2024-11-04_SE1,.0041,.0045,< 0.003,< 0.004,< 0.004,.132
TX0790004_EP002MC_2025-06-23_SE1,< 0.003,< 0.003,< 0.003,< 0.004,< 0.004,< 0.003
TX0790004_EP003MC_2025-06-23_SE1,< 0.003,< 0.003,< 0.003,< 0.004,< 0.004,< 0.003
TX0790004_EP004MC_2025-06-23_SE1,< 0.003,.003,< 0.003,< 0.004,< 0.004,.0221
TX0790004_EP005MC_2025-06-23_SE1,< 0.003,< 0.003,< 0.003,< 0.004,< 0.004,.0041
TX0790004_EP006_2025-06-23_SE1,< 0.003,< 0.003,< 0.003,< 0.004,< 0.004,< 0.003
TX0790004_SWTP2_2025-03-17_SE1,< 0.003,.0039,< 0.003,< 0.004,< 0.004,.0339
TX0790005_EP001MC_2023-02-14_SE1,< 0.003,< 0.003,< 0.003,< 0.004,< 0.004,< 0.003
TX0790005_EP003MC_2023-02-14_SE1,< 0.003,< 0.003,< 0.003,< 0.004,< 0.004,0.0049
TX0790005_EP004MC_2023-02-14_SE1,< 0.003,< 0.003,< 0.003,< 0.004,< 0.004,< 0.003
TX0790005_EP005MC_2023-02-14_SE1,< 0.003,< 0.003,< 0.003,< 0.004,< 0.004,< 0.003
TX0790005_EP006MC_2023-02-14_SE1,< 0.003,< 0.003,< 0.003,< 0.004,< 0.004,0.0088
TX0790005_EP008_2023-02-14_SE1,< 0.003,< 0.003,< 0.003,< 0.004,< 0.004,0.0099
TX0790005_EP009_2023-02-14_SE1,< 0.003,< 0.003,< 0.003,< 0.004,< 0.004,0.0062
TX0790023_EP001MC_2024-07-25_SE1,< 0.003,< 0.003,< 0.003,< 0.004,< 0.004,< 0.003
TX0790023_EP002MC_2024-08-23_SE1,< 0.003,< 0.003,< 0.003,< 0.004,< 0.004,< 0.003
TX0790023_EP003MC_2024-07-25_SE1,< 0.003,< 0.003,< 0.003,< 0.004,< 0.004,< 0.003
TX0790023_EP004MC_2024-07-25_SE1,< 0.003,< 0.003,< 0.003,< 0.004,< 0.004,< 0.003
TX0790023_EP005MC_2024-07-25_SE1,< 0.003,< 0.003,< 0.003,< 0.004,< 0.004,< 0.003
TX0790023_EP006MC_2024-07-25_SE1,< 0.003,< 0.003,< 0.003,< 0.004,< 0.004,0.0098
TX0790025_TRTTAP_2024-04-17_SE1,< 0.003,< 0.003,< 0.003,< 0.004,< 0.004,< 0.003
TX0790028_EP001MC_2024-11-26_SE1,< 0.003,< 0.003,< 0.003,< 0.004,< 0.004,< 0.003
TX0790028_EP002MC_2024-11-26_SE1,< 0.003,< 0.003,< 0.003,< 0.004,< 0.004,< 0.003
TX0790028_EP003MC_2024-11-26_SE1,< 0.003,< 0.003,< 0.003,< 0.004,< 0.004,< 0.003
TX0790033_TRTTAP_2024-04-16_SE1,< 0.003,< 0.003,< 0.003,< 0.004,< 0.004,< 0.003
TX0790038_EP001_2025-03-11_SE1,< 0.003,< 0.003,< 0.003,< 0.004,< 0.004,0.0030
TX0790051_TRTTAP_2023-06-06_SE1,< 0.003,< 0.003,< 0.003,< 0.004,< 0.004,< 0.003
TX0790085_EP001_2025-02-10_SE1,< 0.003,< 0.003,< 0.003,< 0.004,< 0.004,< 0.003
TX0790085_EP002_2025-02-10_SE1,< 0.003,< 0.003,< 0.003,< 0.004,< 0.004,< 0.003
TX0790112_TRTTAP_2024-02-05_SE1,< 0.003,< 0.003,< 0.003,< 0.004,< 0.004,< 0.003
TX0790130_SP002_2023-03-13_SE1,< 0.003,< 0.003,< 0.003,< 0.004,< 0.004,< 0.003
TX0790130_SP003_2023-03-13_SE1,< 0.003,< 0.003,< 0.003,< 0.004,< 0.004,< 0.003
TX0790130_SP004_2023-03-13_SE1,< 0.003,< 0.003,< 0.003,< 0.004,< 0.004,< 0.003
TX0790130_SPW001_2023-03-13_SE1,< 0.003,< 0.003,< 0.003,< 0.004,< 0.004,< 0.003
TX0790132_EP001MC_2024-11-05_SE1,< 0.003,< 0.003,< 0.003,< 0.004,< 0.004,.0303
TX0790132_EP002MC_2024-11-05_SE1,< 0.003,< 0.003,< 0.003,< 0.004,< 0.004,.042
TX0790132_EP003MC_2024-11-05_SE1,< 0.003,.003,< 0.003,< 0.004,< 0.004,.0923
TX0790132_EP004_2024-12-18_SE1,.0045,.0064,.003,< 0.004,< 0.004,.076
TX0790133_TRTTAP_2025-03-11_SE1,< 0.003,< 0.003,< 0.003,< 0.004,< 0.004,< 0.003
TX0790137_TRTTAP_2023-03-14_SE1,< 0.003,< 0.003,< 0.003,< 0.004,< 0.004,< 0.003
TX0790146_TRTTAP_2024-02-16_SE1,< 0.003,0.0042,< 0.003,< 0.004,< 0.004,0.0045
TX0790158_TRTTAP_2023-02-20_SE1,< 0.003,0.0056,< 0.003,< 0.004,< 0.004,0.0064
TX0790174_TRTTAP_2024-04-10_SE1,< 0.003,< 0.003,< 0.003,< 0.004,< 0.004,< 0.003
TX0790200_EP001_2025-02-12_SE1,< 0.003,0.0042,< 0.003,< 0.004,< 0.004,0.0048
TX0790216_EP001_2025-01-13_SE1,< 0.003,< 0.003,< 0.003,< 0.004,< 0.004,< 0.003
TX0790229_TRTTAP_2023-02-21_SE1,0.0039,0.0082,0.0034,< 0.004,0.0040,0.0091
TX0790230_TRTTAP_2023-04-04_SE1,< 0.003,< 0.003,< 0.003,< 0.004,< 0.004,< 0.003
TX0790237_EP001_2024-09-20_SE1,< 0.003,< 0.003,< 0.003,< 0.004,< 0.004,< 0.003
TX0790237_EP002_2024-09-20_SE1,< 0.003,< 0.003,< 0.003,< 0.004,< 0.004,< 0.003
TX0790253_TRTTAP_2023-03-21_SE1,< 0.003,< 0.003,< 0.003,< 0.004,< 0.004,< 0.003
TX0790254_TRTTAP_2024-01-16_SE1,< 0.003,< 0.003,< 0.003,< 0.004,< 0.004,< 0.003
TX0790267_EP001_2024-01-22_SE1,< 0.003,< 0.003,< 0.003,< 0.004,< 0.004,< 0.003
TX0790268_EP001_2025-03-11_SE1,< 0.003,< 0.003,< 0.003,< 0.004,< 0.004,< 0.003
TX0790268_EP002_2025-03-11_SE1,< 0.003,< 0.003,< 0.003,< 0.004,< 0.004,< 0.003
TX0790277_TRTTAP_2023-03-13_SE1,< 0.003,0.0060,< 0.003,< 0.004,< 0.004,0.0065
TX0790296_EP1_2023-03-21_SE1,< 0.003,< 0.003,< 0.003,< 0.004,< 0.004,< 0.003
TX0790296_EP2_2023-03-21_SE1,< 0.003,< 0.003,< 0.003,< 0.004,< 0.004,< 0.003
TX0790306_TRTTAP_2024-03-11_SE1,< 0.003,< 0.003,< 0.003,< 0.004,< 0.004,< 0.003
TX0790307_TRTTAP_2024-05-07_SE1,< 0.003,< 0.003,< 0.003,< 0.004,< 0.004,< 0.003
TX0790324_EP001_2025-02-04_SE1,< 0.003,< 0.003,< 0.003,< 0.004,< 0.004,< 0.003
TX0790332_TRTTAP_2023-03-13_SE1,0.0033,0.0069,0.0032,< 0.004,0.0043,0.0067
TX0790343_EP001_2025-03-12_SE1,< 0.003,< 0.003,< 0.003,< 0.004,< 0.004,< 0.003
TX0790345_EP001_2025-02-03_SE1,< 0.003,< 0.003,< 0.003,< 0.004,< 0.004,0.0375
TX0790347_TRTTAP_2024-01-22_SE1,< 0.003,< 0.003,< 0.003,< 0.004,< 0.004,< 0.003
TX0790354_TRTTAP_2023-03-15_SE1,< 0.003,< 0.003,< 0.003,< 0.004,< 0.004,< 0.003
TX0790366_TRTTAP_2023-03-13_SE1,< 0.003,< 0.003,< 0.003,< 0.004,< 0.004,< 0.003
TX0790367_TRTTAP_2023-02-21_SE1,< 0.003,< 0.003,< 0.003,< 0.004,< 0.004,< 0.003
TX0790376_TRTTAP_2023-02-20_SE1,< 0.003,< 0.003,< 0.003,< 0.004,< 0.004,0.13
TX0790382_EP001_2025-04-09_SE1,< 0.003,< 0.003,< 0.003,< 0.004,< 0.004,0.0030
TX0790388_TRTTAP_2024-04-17_SE1,< 0.003,< 0.003,< 0.003,< 0.004,< 0.004,< 0.003
TX0790393_TRTTAP_2023-03-14_SE1,< 0.003,< 0.003,< 0.003,< 0.004,< 0.004,< 0.003
TX0790412_GST_2023-03-13_SE1,< 0.003,< 0.003,< 0.003,< 0.004,< 0.004,< 0.003
TX0790416_GST001_2024-01-22_SE1,0.0036,0.0069,0.0037,< 0.004,< 0.004,0.0070
TX0790422_TRTTAP_2023-05-08_SE1,< 0.003,< 0.003,< 0.003,< 0.004,< 0.004,< 0.003
TX0790429_TRTTAP_2023-02-21_SE1,0.0037,0.0084,0.0033,< 0.004,0.0042,0.0088
TX0790430_EP001_2025-01-13_SE1,< 0.003,0.0041,< 0.003,< 0.004,< 0.004,0.0051
TX0790430_EP002_2025-01-13_SE1,< 0.003,0.0039,< 0.003,< 0.004,< 0.004,0.0049
TX0790430_EP003_2025-01-13_SE1,< 0.003,0.0042,< 0.003,< 0.004,< 0.004,0.0047
TX0790433_TRTTAP_2024-04-15_SE1,< 0.003,0.0042,< 0.003,< 0.004,< 0.004,0.0037
TX0790435_EP001_2025-03-31_SE1,< 0.003,0.0036,< 0.003,< 0.004,< 0.004,0.0039
TX0790435_EP002_2025-03-31_SE1,< 0.003,0.0035,< 0.003,< 0.004,< 0.004,0.0037
TX0790437_TRTTAP_2024-06-11_SE1,< 0.003,< 0.003,< 0.003,< 0.004,< 0.004,0.0067
TX0790443_TRTTAP_2024-04-15_SE1,< 0.003,< 0.003,< 0.003,< 0.004,< 0.004,< 0.003
TX0790444_EP001_2023-02-21_SE1,0.0039,0.0089,0.0036,< 0.004,0.0046,0.0099
TX0790446_EP001_2025-02-03_SE1,< 0.003,0.0036,< 0.003,< 0.004,< 0.004,0.0042
TX0790452_TRTTAP_2023-04-04_SE1,< 0.003,< 0.003,< 0.003,< 0.004,< 0.004,0.0258
TX0790455_TRTTAP_2023-04-10_SE1,< 0.003,< 0.003,< 0.003,< 0.004,< 0.004,< 0.003
TX0790458_EP001_2025-03-11_SE1,< 0.003,< 0.003,< 0.003,< 0.004,< 0.004,< 0.003
TX0790458_EP002_2025-02-03_SE1,< 0.003,< 0.003,< 0.003,< 0.004,< 0.004,< 0.003
TX0790458_EP003_2025-02-03_SE1,< 0.003,0.0034,< 0.003,< 0.004,< 0.004,0.0033
TX0790462_EP001_2024-06-10_SE1,< 0.003,< 0.003,< 0.003,< 0.004,< 0.004,< 0.003
TX0790472_EP001_2025-03-11_SE1,< 0.003,< 0.003,< 0.003,< 0.004,< 0.004,0.0031
TX0790472_EP002_2025-03-11_SE1,< 0.003,< 0.003,< 0.003,< 0.004,< 0.004,< 0.003
TX0790481_TRTTAP_2024-01-24_SE1,< 0.003,0.0047,< 0.003,< 0.004,< 0.004,0.0052
TX0790521_EP001_2025-01-13_SE1,< 0.003,< 0.003,< 0.003,< 0.004,< 0.004,0.0034
TX0790522_EP001_2025-04-23_SE1,< 0.003,< 0.003,< 0.003,< 0.004,< 0.004,< 0.003
TX0790532_EP001_2025-04-23_SE1,< 0.003,0.0042,< 0.003,< 0.004,< 0.004,0.0045
TX0790533_TRTTAP_2023-03-14_SE1,< 0.003,0.0045,< 0.003,< 0.004,< 0.004,0.0046
TX0800003_EP14808_2024-11-12_SE1,< 0.003,< 0.003,< 0.003,< 0.004,< 0.004,< 0.003
TX0800003_EP17836_2024-11-12_SE1,< 0.003,< 0.003,< 0.003,< 0.004,< 0.004,0.0045
TX0810001_TRTTAPEPA_2023-05-23_SE1,< 0.003,< 0.003,< 0.003,< 0.004,< 0.004,< 0.003
TX0810002_TRTTAP_2023-03-13_SE1,< 0.003,< 0.003,< 0.003,< 0.004,< 0.004,< 0.003
TX0810005_TRTTAP_2023-06-07_SE1,< 0.003,< 0.003,< 0.003,< 0.004,< 0.004,< 0.003
TX0820001_TRTTAP_2023-04-18_SE1,< 0.003,< 0.003,< 0.003,< 0.004,< 0.004,< 0.003
TX0820002_EP002_2024-07-02_SE1,< 0.003,< 0.003,< 0.003,< 0.004,< 0.004,< 0.003
TX0820002_EP003_2024-07-02_SE1,< 0.003,< 0.003,< 0.003,< 0.004,< 0.004,< 0.003
TX0820002_EP004_2024-07-02_SE1,< 0.003,< 0.003,< 0.003,< 0.004,< 0.004,< 0.003
TX0820002_EP005_2024-07-02_SE1,< 0.003,< 0.003,< 0.003,< 0.004,< 0.004,< 0.003
TX0830012_TRTTAP_2024-03-04_SE1,< 0.003,< 0.003,< 0.003,< 0.004,< 0.004,< 0.003
TX0840001_EP001_2023-01-17_SE1,< 0.003,< 0.003,< 0.003,< 0.004,< 0.004,< 0.003
TX0840002_EP001_2024-06-27_SE1,< 0.003,< 0.003,< 0.003,< 0.004,< 0.004,< 0.003
TX0840002_EP002_2024-06-27_SE1,< 0.003,< 0.003,< 0.003,< 0.004,< 0.004,< 0.003
TX0840002_EP003_2024-06-27_SE1,< 0.003,< 0.003,< 0.003,< 0.004,< 0.004,< 0.003
TX0840002_EP004_2024-06-27_SE1,< 0.003,< 0.003,< 0.003,< 0.004,< 0.004,< 0.003
TX0840002_EP005_2024-06-27_SE1,< 0.003,< 0.003,< 0.003,< 0.004,< 0.004,< 0.003
TX0840002_EP006_2024-06-27_SE1,< 0.003,< 0.003,< 0.003,< 0.004,< 0.004,< 0.003
TX0840002_EP007_2024-06-27_SE1,< 0.003,< 0.003,< 0.003,< 0.004,< 0.004,< 0.003
TX0840002_EP008_2024-06-27_SE1,< 0.003,< 0.003,< 0.003,< 0.004,< 0.004,< 0.003
TX0840003_EP001_2025-01-09_SE1,0.0041,0.0041,< 0.003,< 0.004,< 0.004,0.0886
TX0840003_EP002_2025-01-09_SE1,0.0038,0.0041,< 0.003,< 0.004,< 0.004,0.0829
TX0840003_EP003_2025-01-09_SE1,0.0039,0.0040,< 0.003,< 0.004,< 0.004,0.0853
TX0840004_EP001_2025-03-11_SE1,< 0.003,< 0.003,< 0.003,< 0.004,< 0.004,0.0343
TX0840004_EP003_2025-03-12_SE1,< 0.003,< 0.003,< 0.003,< 0.004,< 0.004,0.0345
TX0840006_EP001_2024-06-27_SE1,< 0.003,< 0.003,< 0.003,< 0.004,< 0.004,0.0168
TX0840007_EP001_2024-12-11_SE1,.0037,.0071,.0045,< 0.004,.0048,.0071
TX0840007_EP003_2025-01-08_SE1,.0041,.0052,< 0.003,< 0.004,< 0.004,.102
TX0840007_EP008_2024-12-11_SE1,< 0.003,< 0.003,< 0.003,< 0.004,< 0.004,< 0.003
TX0840007_EP009_2024-12-11_SE1,< 0.003,< 0.003,< 0.003,< 0.004,< 0.004,< 0.003
TX0840008_EP001_2024-11-12_SE1,0.0036,0.0037,< 0.003,< 0.004,< 0.004,0.0825
TX0840009_TRTTAP_2023-02-21_SE1,< 0.003,0.005,< 0.003,< 0.004,< 0.004,0.058
TX0840011_EP001_2025-03-10_SE1,< 0.003,< 0.003,< 0.003,< 0.004,< 0.004,0.0351
TX0840031_EP001_2025-01-13_SE1,0.0036,0.0035,< 0.003,< 0.004,< 0.004,0.0750
TX0840031_EP002_2025-01-13_SE1,< 0.003,< 0.003,< 0.003,< 0.004,< 0.004,< 0.003
TX0840031_EP003_2025-01-13_SE1,0.0039,0.0040,< 0.003,< 0.004,< 0.004,0.0846
TX0840044_EP001_2023-07-14_SE1,< 0.003,< 0.003,< 0.003,< 0.004,< 0.004,< 0.003
TX0840063_SP001_2024-07-26_SE1,< 0.003,< 0.003,< 0.003,< 0.004,< 0.004,0.0128
TX0850001_TRTTAP_2023-01-17_SE1,< 0.003,< 0.003,< 0.003,< 0.004,< 0.004,< 0.003
TX0860001_EP001_2024-02-28_SE1,< 0.003,< 0.003,< 0.003,< 0.004,< 0.004,< 0.003
TX0860001_EP004_2024-02-28_SE1,< 0.003,< 0.003,< 0.003,< 0.004,< 0.004,< 0.003
TX0890001_TRTTAP_2023-02-13_SE1,< 0.003,< 0.003,< 0.003,< 0.004,< 0.004,0.0037
TX0890006_TRTTAP_2023-02-06_SE1,< 0.003,< 0.003,< 0.003,< 0.004,< 0.004,< 0.003
TX0890006_TRTTAP_2023-02-20_SE1,< 0.003,< 0.003,< 0.003,< 0.004,< 0.004,< 0.003
TX0890006_TRTTAP_2023-03-20_SE1,< 0.003,< 0.003,< 0.003,< 0.004,< 0.004,< 0.003
TX0890006_TRTTAP_2023-05-24_SE1,< 0.003,< 0.003,< 0.003,< 0.004,< 0.004,< 0.003
TX0900003_EP001MC_2023-02-27_SE1,< 0.003,< 0.003,< 0.003,< 0.004,< 0.004,< 0.003
TX0900003_EP002MC_2023-02-27_SE1,< 0.003,< 0.003,< 0.003,< 0.004,< 0.004,< 0.003
TX0900003_EP003MC_2023-02-27_SE1,< 0.003,< 0.003,< 0.003,< 0.004,< 0.004,.0032
TX0900003_EP004W213_2023-02-27_SE1,< 0.003,< 0.003,< 0.003,< 0.004,< 0.004,< 0.003
TX0910003_EP001MC_2024-05-07_SE1,< 0.003,< 0.003,< 0.003,< 0.004,< 0.004,< 0.003
TX0910006_EP001MC_2023-05-16_SE1,< 0.003,.0038,< 0.003,< 0.004,< 0.004,.0032
TX0910006_EP002MC_2023-02-08_SE1,< 0.003,< 0.003,< 0.003,< 0.004,< 0.004,< 0.003
TX0910006_EP004MC_2023-02-08_SE1,< 0.003,< 0.003,< 0.003,< 0.004,< 0.004,< 0.003
TX0910006_EP005MC_2023-02-08_SE1,< 0.003,< 0.003,< 0.003,< 0.004,< 0.004,< 0.003
TX0910006_EP006MC_2023-02-08_SE1,< 0.003,< 0.003,< 0.003,< 0.004,< 0.004,< 0.003
TX0910006_EP007MC_2023-02-08_SE1,< 0.003,< 0.003,< 0.003,< 0.004,< 0.004,< 0.003
TX0910006_EP008MC_2023-02-08_SE1,< 0.003,< 0.003,< 0.003,< 0.004,< 0.004,< 0.003
TX0910006_EP009MC_2023-02-08_SE1,< 0.003,< 0.003,< 0.003,< 0.004,< 0.004,< 0.003
TX0910006_EP010MC_2023-08-14_SE1,< 0.003,< 0.003,< 0.003,< 0.004,< 0.004,< 0.003
TX0910006_EP011MC_2023-02-08_SE1,< 0.003,< 0.003,< 0.003,< 0.004,< 0.004,< 0.003
TX0910009_G0910009A_2023-04-11_SE1,< 0.003,< 0.003,< 0.003,< 0.004,< 0.004,< 0.003
TX0910009_G091009C_2023-04-11_SE1,< 0.003,< 0.003,< 0.003,< 0.004,< 0.004,< 0.003
TX0910009_G091009D_2024-08-21_SE1,< 0.003,< 0.003,< 0.003,< 0.004,< 0.004,< 0.003
TX0910009_G091009E_2023-04-11_SE1,< 0.003,< 0.003,< 0.003,< 0.004,< 0.004,< 0.003
TX0910009_G091009F_2023-12-18_SE1,< 0.003,< 0.003,< 0.003,< 0.004,< 0.004,< 0.003
TX0910010_TRTTAP_2023-05-08_SE1,< 0.003,< 0.003,< 0.003,< 0.004,< 0.004,< 0.003
TX0910022_TRTTAP_2023-04-04_SE1,< 0.003,< 0.003,< 0.003,< 0.004,< 0.004,< 0.003
TX0910022_TRTTAP_2023-04-26_SE1,< 0.003,< 0.003,< 0.003,< 0.004,< 0.004,< 0.003
TX0910032_EP001_2025-02-04_SE1,< 0.003,< 0.003,< 0.003,< 0.004,< 0.004,< 0.003
TX0910032_EP002_2025-02-04_SE1,< 0.003,< 0.003,< 0.003,< 0.004,< 0.004,< 0.003
TX0910032_EP003_2025-02-04_SE1,< 0.003,< 0.003,< 0.003,< 0.004,< 0.004,< 0.003
TX0910032_EP004_2025-02-04_SE1,< 0.003,< 0.003,< 0.003,< 0.004,< 0.004,< 0.003
TX0910032_EP005_2025-02-04_SE1,< 0.003,< 0.003,< 0.003,< 0.004,< 0.004,< 0.003
TX0910032_EP006_2025-02-04_SE1,< 0.003,< 0.003,< 0.003,< 0.004,< 0.004,< 0.003
TX0910032_EP007_2025-02-04_SE1,< 0.003,< 0.003,< 0.003,< 0.004,< 0.004,< 0.003
TX0910032_PUMPHOUSE_2025-02-04_SE1,< 0.003,< 0.003,< 0.003,< 0.004,< 0.004,< 0.003
TX0910052_EP001_2025-01-13_SE1,< 0.003,< 0.003,< 0.003,< 0.004,< 0.004,< 0.003
TX0910052_EP002_2025-01-13_SE1,< 0.003,< 0.003,< 0.003,< 0.004,< 0.004,< 0.003
TX0910052_EP004_2025-01-13_SE1,0.0102,0.0060,0.0279,< 0.004,< 0.004,0.0041
TX0910052_EP005_2025-01-14_SE1,0.0031,< 0.003,0.0090,< 0.004,< 0.004,< 0.003
TX0910064_TRTTAP_2024-01-30_SE1,< 0.003,< 0.003,< 0.003,< 0.004,< 0.004,< 0.003
TX0910081_TRTTAP_2023-05-16_SE1,< 0.003,< 0.003,< 0.003,< 0.004,< 0.004,< 0.003
TX0910081_TRTTAP_2023-07-12_SE1,< 0.003,< 0.003,< 0.003,< 0.004,< 0.004,< 0.003
TX0910081_TRTTAP_2023-07-26_SE1,< 0.003,< 0.003,< 0.003,< 0.004,< 0.004,< 0.003
TX0910081_TRTTAP_2023-09-13_SE1,< 0.003,< 0.003,< 0.003,< 0.004,< 0.004,< 0.003
TX0920001_TRTTAP_2024-06-12_SE1,< 0.003,< 0.003,< 0.003,< 0.004,< 0.004,< 0.003
TX0920003_EP003MC_2024-03-26_SE1,< 0.003,< 0.003,< 0.003,< 0.004,< 0.004,< 0.003
TX0920003_EP004MC_2023-12-27_SE1,< 0.003,< 0.003,< 0.003,< 0.004,< 0.004,< 0.003
TX0920004_EP001MC1_2024-05-10_SE1,< 0.003,< 0.003,< 0.003,< 0.004,< 0.004,< 0.003
TX0920004_EP002MC2_2024-05-10_SE1,< 0.003,< 0.003,< 0.003,< 0.004,< 0.004,< 0.003
TX0920004_EP003MC3_2024-05-10_SE1,< 0.003,< 0.003,< 0.003,< 0.004,< 0.004,< 0.003
TX0920006_TRTTAP_2023-02-22_SE1,< 0.003,< 0.003,< 0.003,< 0.004,< 0.004,< 0.003
TX0920016_EP001_2025-06-17_SE1,< 0.003,< 0.003,< 0.003,< 0.004,< 0.004,< 0.003
TX0920016_EP002_2025-06-17_SE1,< 0.003,< 0.003,< 0.003,< 0.004,< 0.004,< 0.003
TX0920016_EP003_2025-06-17_SE1,< 0.003,< 0.003,< 0.003,< 0.004,< 0.004,< 0.003
TX0920016_EP004_2025-06-17_SE1,< 0.003,< 0.003,< 0.003,< 0.004,< 0.004,< 0.003
TX0920019_EP003_2024-03-26_SE1,< 0.003,< 0.003,< 0.003,< 0.004,< 0.004,< 0.003
TX0920019_EP005_2024-03-26_SE1,< 0.003,< 0.003,< 0.003,< 0.004,< 0.004,< 0.003
TX0920021_EP003_2025-02-03_SE1,< 0.003,< 0.003,< 0.003,< 0.004,< 0.004,< 0.003
TX0920021_EP004_2025-06-03_SE1,< 0.003,< 0.003,< 0.003,< 0.004,< 0.004,< 0.003
TX0920021_EP005_2025-02-03_SE1,< 0.003,< 0.003,< 0.003,< 0.004,< 0.004,< 0.003
TX0920022_TRTTAP_2023-01-10_SE1,< 0.003,< 0.003,< 0.003,< 0.004,< 0.004,< 0.003
TX0930001_TRTTAP_2023-03-06_SE1,< 0.003,< 0.003,< 0.003,< 0.004,< 0.004,< 0.003
TX0930003_TRTTAP_2023-06-20_SE1,< 0.003,< 0.003,< 0.003,< 0.004,< 0.004,< 0.003
TX0940002_EP001MC_2023-12-27_SE1,< 0.003,< 0.003,< 0.003,< 0.004,< 0.004,.0035
TX0940002_EP002MC_2023-12-27_SE1,< 0.003,< 0.003,< 0.003,< 0.004,< 0.004,.0036
TX0940003_00003_2024-06-20_SE1,< 0.003,< 0.003,< 0.003,< 0.004,< 0.004,< 0.003
TX0940003_EP001_2024-06-20_SE1,< 0.003,< 0.003,< 0.003,< 0.004,< 0.004,< 0.003
TX0940003_EP002_2024-06-20_SE1,< 0.003,< 0.003,< 0.003,< 0.004,< 0.004,< 0.003
TX0940015_EP005_2024-08-22_SE1,< 0.003,< 0.003,< 0.003,< 0.004,< 0.004,< 0.003
TX0940015_EP005MC_2024-08-22_SE1,< 0.003,< 0.003,< 0.003,< 0.004,< 0.004,< 0.003
TX0940015_EP010MC_2024-08-22_SE1,< 0.003,< 0.003,< 0.003,< 0.004,< 0.004,.0038
TX0940015_EP011_2024-08-22_SE1,< 0.003,< 0.003,< 0.003,< 0.004,< 0.004,< 0.003
TX0940015_EP012MC_2024-08-22_SE1,< 0.003,< 0.003,< 0.003,< 0.004,< 0.004,.0032
TX0940018_EP001_2023-03-01_SE1,< 0.003,< 0.003,< 0.003,< 0.004,< 0.004,< 0.003
TX0940020_EP001MC_2023-04-21_SE1,< 0.003,< 0.003,< 0.003,< 0.004,< 0.004,< 0.003
TX0940020_EP002MC_2023-04-21_SE1,< 0.003,< 0.003,< 0.003,< 0.004,< 0.004,< 0.003
TX0940020_EP005MC_2023-04-21_SE1,< 0.003,< 0.003,< 0.003,< 0.004,< 0.004,< 0.003
TX0940020_EP006MC_2023-04-21_SE1,< 0.003,< 0.003,< 0.003,< 0.004,< 0.004,< 0.003
TX0940020_EP100_2023-09-06_SE1,< 0.003,< 0.003,< 0.003,< 0.004,< 0.004,.0033
TX0940022_EP01_2023-06-22_SE1,< 0.003,< 0.003,< 0.003,< 0.004,.0044,.0035
TX0940022_EP02_2023-06-22_SE1,< 0.003,< 0.003,< 0.003,< 0.004,< 0.004,< 0.003
TX0940022_EP03_2023-06-22_SE1,< 0.003,< 0.003,< 0.003,< 0.004,< 0.004,< 0.003
TX0950004_EP001_2023-06-14_SE1,< 0.003,< 0.003,< 0.003,< 0.004,< 0.004,< 0.003
TX0950004_EP002_2023-06-14_SE1,< 0.003,< 0.003,< 0.003,< 0.004,< 0.004,< 0.003
TX0950004_EP009_2023-06-14_SE1,< 0.003,< 0.003,< 0.003,< 0.004,< 0.004,< 0.003
TX0950004_EP010_2023-06-14_SE1,< 0.003,< 0.003,< 0.003,< 0.004,< 0.004,< 0.003
TX0950004_EP011_2023-06-14_SE1,< 0.003,< 0.003,< 0.003,< 0.004,< 0.004,< 0.003
TX0980001_EP001_2025-02-04_SE1,< 0.003,< 0.003,< 0.003,< 0.004,< 0.004,< 0.003
TX0980001_EP002_2025-02-04_SE1,< 0.003,< 0.003,< 0.003,< 0.004,< 0.004,< 0.003
TX1000002_EP001_2025-02-04_SE1,< 0.003,< 0.003,< 0.003,< 0.004,< 0.004,< 0.003
TX1000002_EP002_2025-02-04_SE1,< 0.003,< 0.003,< 0.003,< 0.004,< 0.004,< 0.003
TX1000002_EP003_2025-02-04_SE1,< 0.003,< 0.003,< 0.003,< 0.004,< 0.004,< 0.003
TX1000015_TRTTAP_2023-06-12_SE1,< 0.003,< 0.003,< 0.003,< 0.004,< 0.004,< 0.003
TX1000035_EP001MC1_2025-02-27_SE1,< 0.003,< 0.003,< 0.003,< 0.004,< 0.004,< 0.003
TX1000035_EP002MC2_2025-02-27_SE1,< 0.003,< 0.003,< 0.003,< 0.004,< 0.004,< 0.003
TX1000035_EP003MC3_2025-02-27_SE1,< 0.003,< 0.003,< 0.003,< 0.004,< 0.004,< 0.003
TX1000035_EP004MC4_2025-02-27_SE1,< 0.003,< 0.003,< 0.003,< 0.004,< 0.004,< 0.003
TX1000055_EP001_2025-01-29_SE1,< 0.003,< 0.003,< 0.003,< 0.004,< 0.004,< 0.003
TX1000055_EP002_2025-01-29_SE1,< 0.003,< 0.003,< 0.003,< 0.004,< 0.004,< 0.003
TX1000055_EP003_2025-01-29_SE1,< 0.003,< 0.003,< 0.003,< 0.004,< 0.004,< 0.003
TX1010003_EP001_2023-04-19_SE1,.0037,.008,.005,< 0.004,.0059,.0079
TX1010004_EP001MC_2025-05-09_SE1,0.0031,0.0040,< 0.003,< 0.004,< 0.004,0.0042
TX1010004_EP003MC_2025-05-09_SE1,< 0.003,0.0039,< 0.003,< 0.004,< 0.004,0.0044
TX1010004_EP004MC_2024-11-15_SE1,< 0.003,< 0.003,< 0.003,< 0.004,< 0.004,< 0.003
TX1010007_EP001MC_2023-01-17_SE1,< 0.003,< 0.003,< 0.003,< 0.004,< 0.004,< 0.003
TX1010009_EP001_2024-01-26_SE1,0.0043,0.0078,0.0041,< 0.004,< 0.004,0.0079
TX1010009_EP002_2024-01-26_SE1,0.0048,0.0091,0.0047,< 0.004,0.0041,0.0094
TX1010012_TRTTAP_2024-06-12_SE1,< 0.003,< 0.003,< 0.003,< 0.004,< 0.004,< 0.003
TX1010013_EP001MC1_2023-03-06_SE1,< 0.003,< 0.003,< 0.003,< 0.004,< 0.004,< 0.003
TX1010013_EP002MC2_2023-03-13_SE1,< 0.003,0.0036,< 0.003,< 0.004,< 0.004,0.0036
TX1010013_EP003MC3_2023-02-13_SE1,< 0.003,0.0039,< 0.003,< 0.004,< 0.004,0.0037
TX1010013_EP006MC4_2023-03-06_SE1,< 0.003,< 0.003,< 0.003,< 0.004,< 0.004,< 0.003
TX1010013_EP009MC5_2023-03-13_SE1,< 0.003,< 0.003,< 0.003,< 0.004,< 0.004,< 0.003
TX1010013_EP019MC9_2023-02-13_SE1,< 0.003,< 0.003,< 0.003,< 0.004,< 0.004,< 0.003
TX1010013_EP027MC_2023-03-13_SE1,< 0.003,< 0.003,< 0.003,< 0.004,< 0.004,< 0.003
TX1010013_EP032MC12_2023-03-06_SE1,< 0.003,< 0.003,< 0.003,< 0.004,< 0.004,< 0.003
TX1010013_EP035MC20_2023-03-13_SE1,< 0.003,< 0.003,< 0.003,< 0.004,< 0.004,< 0.003
TX1010013_EP042MC14_2023-03-06_SE1,< 0.003,< 0.003,< 0.003,< 0.004,< 0.004,< 0.003
TX1010013_EP044MC15_2023-03-06_SE1,< 0.003,< 0.003,< 0.003,< 0.004,< 0.004,< 0.003
TX1010013_EP048MC19_2023-03-08_SE1,< 0.003,< 0.003,< 0.003,< 0.004,< 0.004,< 0.003
TX1010013_EP055MC24_2023-02-13_SE1,< 0.003,< 0.003,< 0.003,< 0.004,< 0.004,< 0.003
TX1010013_EP063MC25_2023-02-13_SE1,< 0.003,< 0.003,< 0.003,< 0.004,< 0.004,< 0.003
TX1010013_EP067MC27_2023-03-13_SE1,< 0.003,< 0.003,< 0.003,< 0.004,< 0.004,< 0.003
TX1010013_EP069MC40_2023-08-31_SE1,< 0.003,< 0.003,< 0.003,< 0.004,< 0.004,< 0.003
TX1010013_EP070MC28_2023-03-13_SE1,< 0.003,< 0.003,< 0.003,< 0.004,< 0.004,< 0.003
TX1010013_EP071MC29_2023-02-13_SE1,< 0.003,< 0.003,< 0.003,< 0.004,< 0.004,< 0.003
TX1010013_EP075MC30_2023-03-13_SE1,< 0.003,< 0.003,< 0.003,< 0.004,< 0.004,< 0.003
TX1010013_EP078MC32_2023-03-13_SE1,< 0.003,0.0037,< 0.003,< 0.004,< 0.004,< 0.003
TX1010013_EP081MC35_2023-03-06_SE1,< 0.003,0.0043,< 0.003,< 0.004,< 0.004,0.0048
TX1010013_EP082MC36_2023-02-13_SE1,< 0.003,0.0039,< 0.003,< 0.004,< 0.004,0.0038
TX1010013_EP085MC37_2023-02-13_SE1,< 0.003,< 0.003,< 0.003,< 0.004,< 0.004,< 0.003
TX1010013_EP086MC38_2023-03-15_SE1,< 0.003,< 0.003,< 0.003,< 0.004,< 0.004,< 0.003
TX1010013_EP089MC39_2023-02-06_SE1,< 0.003,< 0.003,< 0.003,< 0.004,< 0.004,< 0.003
TX1010013_EP101MC41_2023-03-06_SE1,< 0.003,0.0051,< 0.003,< 0.004,< 0.004,0.0067
TX1010013_EP102MC42_2023-03-06_SE1,< 0.003,< 0.003,< 0.003,< 0.004,< 0.004,< 0.003
TX1010013_EP103MC43_2023-03-06_SE1,< 0.003,< 0.003,< 0.003,< 0.004,< 0.004,< 0.003
TX1010013_EP110MC45_2023-02-13_SE1,< 0.003,< 0.003,< 0.003,< 0.004,< 0.004,< 0.003
TX1010013_EP112MC47_2023-03-13_SE1,< 0.003,< 0.003,< 0.003,< 0.004,< 0.004,< 0.003
TX1010013_EP120MC53_2023-02-06_SE1,< 0.003,< 0.003,< 0.003,< 0.004,< 0.004,< 0.003
TX1010013_EP122MC54_2023-02-06_SE1,< 0.003,< 0.003,< 0.003,< 0.004,< 0.004,< 0.003
TX1010013_EP124MC56_2023-02-06_SE1,< 0.003,< 0.003,< 0.003,< 0.004,< 0.004,< 0.003
TX1010013_EP126MC57_2023-02-06_SE1,< 0.003,< 0.003,< 0.003,< 0.004,< 0.004,< 0.003
TX1010013_EP127MC58_2023-02-13_SE1,< 0.003,< 0.003,< 0.003,< 0.004,< 0.004,< 0.003
TX1010013_EP128MC59_2024-09-20_SE1,< 0.003,< 0.003,< 0.003,< 0.004,< 0.004,< 0.003
TX1010013_EP129MC60_2023-02-13_SE1,< 0.003,< 0.003,< 0.003,< 0.004,< 0.004,< 0.003
TX1010013_EP130MC61_2023-02-13_SE1,< 0.003,< 0.003,< 0.003,< 0.004,< 0.004,< 0.003
TX1010013_EP141MC8_2023-02-06_SE1,< 0.003,< 0.003,< 0.003,< 0.004,< 0.004,< 0.003
TX1010014_EP002MC_2023-05-08_SE1,< 0.003,< 0.003,< 0.003,< 0.004,< 0.004,< 0.003
TX1010014_EP004MC_2023-05-08_SE1,< 0.003,< 0.003,< 0.003,< 0.004,< 0.004,< 0.003
TX1010014_EP006MC_2023-07-31_SE1,< 0.003,< 0.003,< 0.003,< 0.004,< 0.004,0.0030
TX1010014_EP007MC_2023-05-08_SE1,< 0.003,< 0.003,< 0.003,< 0.004,< 0.004,< 0.003
TX1010015_FF1_2025-01-14_SE1,< 0.003,< 0.003,< 0.003,< 0.004,< 0.004,< 0.003
TX1010016_TRTTAP_2023-03-15_SE1,< 0.003,< 0.003,< 0.003,< 0.004,< 0.004,< 0.003
TX1010017_EP002MC_2024-04-12_SE1,< 0.003,< 0.003,< 0.003,< 0.004,< 0.004,< 0.003
TX1010017_EP003MC_2024-04-12_SE1,< 0.003,< 0.003,< 0.003,< 0.004,< 0.004,< 0.003
TX1010017_EP004MC_2024-04-12_SE1,< 0.003,< 0.003,< 0.003,< 0.004,< 0.004,< 0.003
TX1010017_EP005MC_2024-04-12_SE1,< 0.003,< 0.003,< 0.003,< 0.004,< 0.004,< 0.003
TX1010017_EP006MC_2024-04-12_SE1,< 0.003,< 0.003,< 0.003,< 0.004,< 0.004,< 0.003
TX1010017_EP007_2024-04-12_SE1,< 0.003,< 0.003,< 0.003,< 0.004,< 0.004,< 0.003
TX1010018_EP001_2024-05-21_SE1,< 0.003,< 0.003,< 0.003,< 0.004,< 0.004,< 0.003
TX1010018_EP002_2024-05-21_SE1,< 0.003,< 0.003,< 0.003,< 0.004,< 0.004,< 0.003
TX1010018_EP003_2024-05-21_SE1,< 0.003,< 0.003,< 0.003,< 0.004,< 0.004,< 0.003
TX1010018_EP004_2024-06-27_SE1,< 0.003,< 0.003,< 0.003,< 0.004,< 0.004,< 0.003
TX1010018_EP005_2024-05-21_SE1,< 0.003,< 0.003,< 0.003,< 0.004,< 0.004,< 0.003
TX1010018_EP006_2024-05-21_SE1,< 0.003,< 0.003,< 0.003,< 0.004,< 0.004,< 0.003
TX1010018_EP008_2024-05-21_SE1,< 0.003,< 0.003,< 0.003,< 0.004,< 0.004,< 0.003
TX1010022_TRTTAP_2023-01-09_SE1,< 0.003,< 0.003,< 0.003,< 0.004,< 0.004,< 0.003
TX1010022_TRTTAP_2023-03-27_SE1,< 0.003,< 0.003,< 0.003,< 0.004,< 0.004,< 0.003
TX1010026_EP001_2024-02-28_SE1,< 0.003,< 0.003,< 0.003,< 0.004,< 0.004,< 0.003
TX1010026_EP002_2024-02-28_SE1,< 0.003,< 0.003,< 0.003,< 0.004,< 0.004,< 0.003
TX1010027_EP001MC_2023-02-21_SE1,.0045,.0083,.0037,< 0.004,.004,.0076
TX1010027_EP002MC_2023-02-21_SE1,.0051,.0085,.0039,< 0.004,.0044,.0088
TX1010056_EP002MC_2023-04-20_SE1,.0035,.0083,.0054,< 0.004,.0062,.0078
TX1010056_EP003MC_2023-04-20_SE1,.0035,.0087,.0053,< 0.004,.006,.0078
TX1010056_EP004MC_2023-04-20_SE1,.0041,.0083,.005,< 0.004,.0064,.0078
TX1010056_EP007MC_2023-04-20_SE1,< 0.003,< 0.003,< 0.003,< 0.004,< 0.004,< 0.003
TX1010056_EP008MC_2023-04-20_SE1,.0035,.0091,.0051,< 0.004,.0065,.0081
TX1010062_EP001_2023-03-21_SE1,< 0.003,< 0.003,< 0.003,< 0.004,< 0.004,< 0.003
TX1010062_EP002_2023-03-21_SE1,< 0.003,< 0.003,< 0.003,< 0.004,< 0.004,< 0.003
TX1010106_EP001_2025-03-20_SE1,< 0.003,0.0037,< 0.003,< 0.004,< 0.004,0.0040
TX1010106_EP002_2025-03-20_SE1,< 0.003,0.0038,< 0.003,< 0.004,< 0.004,0.0041
TX1010113_EP001_2023-12-18_SE1,< 0.003,< 0.003,< 0.003,< 0.004,< 0.004,< 0.003
TX1010124_EP001_2025-05-12_SE1,< 0.003,< 0.003,< 0.003,< 0.004,< 0.004,< 0.003
TX1010148_EP001_2025-01-14_SE1,< 0.003,< 0.003,< 0.003,< 0.004,< 0.004,0.0032
TX1010148_EP002_2025-01-14_SE1,< 0.003,0.0030,< 0.003,< 0.004,< 0.004,0.0034
TX1010148_EP003_2025-01-14_SE1,< 0.003,< 0.003,< 0.003,< 0.004,< 0.004,0.0031
TX1010152_EP001_2025-06-04_SE1,< 0.003,0.0034,< 0.003,< 0.004,< 0.004,0.0034
TX1010152_EP002_2025-06-04_SE1,< 0.003,< 0.003,< 0.003,< 0.004,< 0.004,< 0.003
TX1010159_TRTTAP_2024-01-17_SE1,< 0.003,< 0.003,< 0.003,< 0.004,< 0.004,< 0.003
TX1010210_TRTTAP_2023-01-09_SE1,< 0.003,< 0.003,< 0.003,< 0.004,< 0.004,< 0.003
TX1010214_TRTTAP_2024-05-06_SE1,< 0.003,< 0.003,< 0.003,< 0.004,< 0.004,< 0.003
TX1010226_WP1_2023-09-18_SE1,.0032,.0077,.0038,< 0.004,.0062,.0076
TX1010233_TRTTAP_2023-04-10_SE1,< 0.003,< 0.003,< 0.003,< 0.004,< 0.004,< 0.003
TX1010237_EP001MC1_2024-01-10_SE1,< 0.003,< 0.003,< 0.003,< 0.004,< 0.004,< 0.003
TX1010237_EP002MC2_2024-01-10_SE1,< 0.003,< 0.003,< 0.003,< 0.004,< 0.004,< 0.003
TX1010237_EP003MC3_2024-01-10_SE1,< 0.003,< 0.003,< 0.003,< 0.004,< 0.004,< 0.003
TX1010237_EP004_2024-01-10_SE1,< 0.003,< 0.003,< 0.003,< 0.004,< 0.004,< 0.003
TX1010238_EP001SW_2025-02-13_SE1,< 0.003,0.0047,< 0.003,< 0.004,< 0.004,0.0053
TX1010238_EP002_2025-05-14_SE1,0.0033,0.0044,< 0.003,< 0.004,< 0.004,0.0045
TX1010239_EP002_2024-04-23_SE1,< 0.003,< 0.003,< 0.003,< 0.004,< 0.004,< 0.003
TX1010239_EP003_2024-04-23_SE1,< 0.003,< 0.003,< 0.003,< 0.004,< 0.004,< 0.003
TX1010239_EP004_2024-04-23_SE1,< 0.003,< 0.003,< 0.003,< 0.004,< 0.004,< 0.003
TX1010250_EP001_2025-01-27_SE1,< 0.003,0.0045,< 0.003,< 0.004,< 0.004,0.0053
TX1010260_TRTTAP_2024-01-17_SE1,< 0.003,0.0033,< 0.003,< 0.004,< 0.004,0.0036
TX1010277_TRTTAP_2023-11-07_SE1,< 0.003,< 0.003,< 0.003,< 0.004,< 0.004,< 0.003
TX1010278_EP001MC_2024-07-29_SE1,< 0.003,< 0.003,< 0.003,< 0.004,< 0.004,< 0.003
TX1010278_EP002MC_2024-07-29_SE1,< 0.003,< 0.003,< 0.003,< 0.004,< 0.004,< 0.003
TX1010278_EP003MC_2024-07-29_SE1,< 0.003,< 0.003,< 0.003,< 0.004,< 0.004,< 0.003
TX1010278_EP004MC_2024-07-29_SE1,< 0.003,< 0.003,< 0.003,< 0.004,< 0.004,< 0.003
TX1010292_EP002_2025-01-24_SE1,< 0.003,< 0.003,< 0.003,< 0.004,< 0.004,< 0.003
TX1010292_EP003_2025-01-24_SE1,< 0.003,< 0.003,< 0.003,< 0.004,< 0.004,0.0031
TX1010293_EP001_2025-09-17_SE1,< 0.003,< 0.003,< 0.003,< 0.004,< 0.004,< 0.003
TX1010293_EP001MC7_2024-03-26_SE1,.0031,.0062,.0032,< 0.004,.0049,.0066
TX1010293_EP002_2024-03-26_SE1,< 0.003,< 0.003,< 0.003,< 0.004,< 0.004,< 0.003
TX1010293_EP003MC1_2024-03-26_SE1,< 0.003,< 0.003,< 0.003,< 0.004,< 0.004,< 0.003
TX1010293_EP004MC2_2024-09-24_SE1,< 0.003,< 0.003,< 0.003,< 0.004,< 0.004,< 0.003
TX1010293_EP005MC3_2024-03-26_SE1,< 0.003,< 0.003,< 0.003,< 0.004,< 0.004,< 0.003
TX1010293_EP006MC4_2024-03-26_SE1,< 0.003,.0033,< 0.003,< 0.004,< 0.004,.0047
TX1010293_EP007MC5_2024-03-26_SE1,< 0.003,.0056,.003,< 0.004,.0048,.0061
TX1010293_EP008MC6_2024-03-26_SE1,.0033,.0068,.0033,< 0.004,.0041,.0084
TX1010294_EP003_2024-02-28_SE1,< 0.003,.0047,< 0.003,< 0.004,.0042,.0045
TX1010317_EP001_2025-03-25_SE1,< 0.003,0.0032,< 0.003,< 0.004,< 0.004,0.0036
TX1010317_EP002_2025-03-25_SE1,< 0.003,< 0.003,< 0.003,< 0.004,< 0.004,< 0.003
TX1010317_EP003_2025-12-03_SE1,< 0.003,< 0.003,< 0.003,< 0.004,< 0.004,0.0036
TX1010331_TRTTAP_2024-01-18_SE1,< 0.003,< 0.003,< 0.003,< 0.004,< 0.004,< 0.003
TX1010337_TRTTAP_2023-04-12_SE1,< 0.003,< 0.003,< 0.003,< 0.004,< 0.004,< 0.003
TX1010340_TRTTAP_2024-01-12_SE1,< 0.003,< 0.003,< 0.003,< 0.004,< 0.004,< 0.003
TX1010348_EP001MC_2023-07-05_SE1,< 0.003,< 0.003,< 0.003,< 0.004,< 0.004,< 0.003
TX1010348_EP002MC_2023-07-05_SE1,< 0.003,< 0.003,< 0.003,< 0.004,< 0.004,< 0.003
TX1010348_EP003MC_2023-12-11_SE1,< 0.003,< 0.003,< 0.003,< 0.004,< 0.004,< 0.003
TX1010348_EP004MC_2023-07-06_SE1,< 0.003,< 0.003,< 0.003,< 0.004,< 0.004,< 0.003
TX1010348_EP005MC_2023-12-11_SE1,< 0.003,< 0.003,< 0.003,< 0.004,< 0.004,< 0.003
TX1010348_EP007MC_2023-07-05_SE1,< 0.003,< 0.003,< 0.003,< 0.004,< 0.004,< 0.003
TX1010359_TRTTAP_2024-03-15_SE1,< 0.003,< 0.003,< 0.003,< 0.004,< 0.004,< 0.003
TX1010359_TRTTAP_2025-02-19_SE1,< 0.003,< 0.003,< 0.003,< 0.004,< 0.004,< 0.003
TX1010362_TRTTAP_2024-01-30_SE1,< 0.003,< 0.003,< 0.003,< 0.004,< 0.004,< 0.003
TX1010362_TRTTAP_2024-02-27_SE1,< 0.003,< 0.003,< 0.003,< 0.004,< 0.004,< 0.003
TX1010379_TRTTAP_2024-04-16_SE1,< 0.003,< 0.003,< 0.003,< 0.004,< 0.004,< 0.003
TX1010384_TRTTAP_2024-02-09_SE1,< 0.003,< 0.003,< 0.003,< 0.004,< 0.004,< 0.003
TX1010386_TRTTAP_2024-04-15_SE1,< 0.003,0.0047,< 0.003,< 0.004,< 0.004,0.0055
TX1010386_TRTTAP_2024-08-06_SE1,< 0.003,< 0.003,< 0.003,< 0.004,< 0.004,< 0.003
TX1010387_TRTTAP_2024-04-15_SE1,< 0.003,< 0.003,< 0.003,< 0.004,< 0.004,< 0.003
TX1010413_TRTTAP_2024-03-15_SE1,< 0.003,< 0.003,< 0.003,< 0.004,< 0.004,< 0.003
TX1010418_EP001_2024-11-12_SE1,.003,.0041,< 0.003,< 0.004,< 0.004,.0045
TX1010418_EP002_2024-11-12_SE1,< 0.003,.0038,< 0.003,< 0.004,< 0.004,.0042
TX1010418_EP003_2024-11-12_SE1,< 0.003,.0037,< 0.003,< 0.004,< 0.004,.0041
TX1010418_EP004_2024-11-12_SE1,< 0.003,.0039,< 0.003,< 0.004,< 0.004,.0039
TX1010426_TRTTAP_2024-04-25_SE1,< 0.003,< 0.003,< 0.003,< 0.004,< 0.004,< 0.003
TX1010429_EP001MC_2024-07-25_SE1,< 0.003,< 0.003,< 0.003,< 0.004,< 0.004,< 0.003
TX1010429_EP002MC_2024-05-23_SE1,< 0.003,< 0.003,< 0.003,< 0.004,< 0.004,< 0.003
TX1010429_EP003MC_2024-05-23_SE1,< 0.003,< 0.003,< 0.003,< 0.004,< 0.004,< 0.003
TX1010431_TRTTAP_2023-02-15_SE1,< 0.003,< 0.003,< 0.003,< 0.004,< 0.004,< 0.003
TX1010432_TRTTAP_2024-03-15_SE1,< 0.003,< 0.003,< 0.003,< 0.004,< 0.004,< 0.003
TX1010435_TRTTAP_2024-02-13_SE1,< 0.003,< 0.003,< 0.003,< 0.004,< 0.004,< 0.003
TX1010435_TRTTAP_2024-02-14_SE1,< 0.003,< 0.003,< 0.003,< 0.004,< 0.004,< 0.003
TX1010467_EP001_2025-04-16_SE1,< 0.003,0.0033,< 0.003,< 0.004,< 0.004,0.0039
TX1010467_EP002_2025-04-16_SE1,< 0.003,< 0.003,< 0.003,< 0.004,< 0.004,< 0.003
TX1010471_TRTTAP_2023-06-14_SE1,< 0.003,< 0.003,< 0.003,< 0.004,< 0.004,< 0.003
TX1010480_TRTTAP_2024-01-26_SE1,< 0.003,< 0.003,< 0.003,< 0.004,< 0.004,< 0.003
TX1010482_TRTTAP_2024-02-09_SE1,< 0.003,< 0.003,< 0.003,< 0.004,< 0.004,< 0.003
TX1010494_EP001_2025-01-28_SE1,< 0.003,0.0037,< 0.003,< 0.004,< 0.004,0.0053
TX1010494_EP002_2025-01-28_SE1,< 0.003,< 0.003,< 0.003,< 0.004,< 0.004,0.0032
TX1010495_TRTTAP_2024-07-19_SE1,< 0.003,< 0.003,< 0.003,< 0.004,< 0.004,< 0.003
TX1010495_TRTTAP_2025-06-06_SE1,< 0.003,< 0.003,< 0.003,< 0.004,< 0.004,< 0.003
TX1010496_TRTTAP_2024-01-17_SE1,0.0037,0.0074,0.0036,< 0.004,< 0.004,0.0081
TX1010500_TRTTAP_2023-03-13_SE1,< 0.003,< 0.003,< 0.003,< 0.004,< 0.004,< 0.003
TX1010501_TRTTAP_2024-12-03_SE1,< 0.003,.0047,< 0.003,< 0.004,< 0.004,.0051
TX1010503_EP001MC_2023-02-15_SE1,< 0.003,< 0.003,< 0.003,< 0.004,< 0.004,< 0.003
TX1010503_EP002MC_2023-02-15_SE1,< 0.003,< 0.003,< 0.003,< 0.004,< 0.004,0.0057
TX1010507_TRTTAP_2023-02-20_SE1,< 0.003,< 0.003,< 0.003,< 0.004,< 0.004,< 0.003
TX1010509_TRTTAP_2023-01-09_SE1,< 0.003,< 0.003,< 0.003,< 0.004,< 0.004,< 0.003
TX1010509_TRTTAP_2023-03-27_SE1,< 0.003,< 0.003,< 0.003,< 0.004,< 0.004,< 0.003
TX1010512_TRTTAP_2024-03-13_SE1,< 0.003,< 0.003,< 0.003,< 0.004,< 0.004,< 0.003
TX1010535_EP001_2024-01-30_SE1,0.0037,0.0070,0.0035,< 0.004,< 0.004,0.0075
TX1010538_TRTTAP_2023-03-14_SE1,< 0.003,< 0.003,< 0.003,< 0.004,< 0.004,< 0.003
TX1010539_TRTTAP_2023-06-14_SE1,< 0.003,< 0.003,< 0.003,< 0.004,< 0.004,< 0.003
TX1010539_TRTTAP_2023-07-07_SE1,< 0.003,< 0.003,< 0.003,< 0.004,< 0.004,< 0.003
TX1010539_TRTTAP_2024-08-02_SE1,< 0.003,< 0.003,< 0.003,< 0.004,< 0.004,< 0.003
TX1010540_TRTTAP_2024-03-12_SE1,< 0.003,< 0.003,< 0.003,< 0.004,< 0.004,< 0.003
TX1010541_EP001_2025-01-27_SE1,< 0.003,0.0030,< 0.003,< 0.004,< 0.004,0.0037
TX1010541_EP002_2025-01-27_SE1,< 0.003,< 0.003,< 0.003,< 0.004,< 0.004,0.0033
TX1010548_TRTTAP_2023-03-14_SE1,< 0.003,< 0.003,< 0.003,< 0.004,< 0.004,< 0.003
TX1010554_TRTTAP_2023-03-13_SE1,< 0.003,< 0.003,< 0.003,< 0.004,< 0.004,< 0.003
TX1010565_TRTTAP_2023-05-17_SE1,< 0.003,< 0.003,< 0.003,< 0.004,< 0.004,< 0.003
TX1010572_EP001_2025-04-17_SE1,< 0.003,< 0.003,< 0.003,< 0.004,< 0.004,< 0.003
TX1010572_EP002_2025-02-07_SE1,< 0.003,< 0.003,< 0.003,< 0.004,< 0.004,< 0.003
TX1010572_EP003_2025-02-07_SE1,< 0.003,< 0.003,< 0.003,< 0.004,< 0.004,< 0.003
TX1010581_EP001_2024-09-20_SE1,< 0.003,< 0.003,< 0.003,< 0.004,< 0.004,< 0.003
TX1010581_EP002_2024-09-20_SE1,< 0.003,< 0.003,< 0.003,< 0.004,< 0.004,< 0.003
TX1010581_EP003_2024-09-20_SE1,< 0.003,< 0.003,< 0.003,< 0.004,< 0.004,< 0.003
TX1010581_EP004_2024-09-20_SE1,< 0.003,< 0.003,< 0.003,< 0.004,< 0.004,< 0.003
TX1010592_EP001_2025-03-11_SE1,< 0.003,< 0.003,< 0.003,< 0.004,< 0.004,< 0.003
TX1010592_EP002_2025-03-12_SE1,< 0.003,< 0.003,< 0.003,< 0.004,< 0.004,< 0.003
TX1010592_EP003_2025-03-12_SE1,< 0.003,< 0.003,< 0.003,< 0.004,< 0.004,< 0.003
TX1010592_EP004_2025-03-11_SE1,< 0.003,< 0.003,< 0.003,< 0.004,< 0.004,< 0.003
TX1010593_EP001MC_2024-11-07_SE1,< 0.003,< 0.003,< 0.003,< 0.004,< 0.004,< 0.003
TX1010593_EP003MC_2024-11-07_SE1,< 0.003,< 0.003,< 0.003,< 0.004,< 0.004,< 0.003
TX1010593_EP004MC_2025-05-26_SE1,< 0.003,< 0.003,< 0.003,< 0.004,< 0.004,< 0.003
TX1010600_EP001_2025-02-11_SE1,< 0.003,< 0.003,< 0.003,< 0.004,< 0.004,< 0.003
TX1010615_TRTTAP_2023-04-14_SE1,< 0.003,< 0.003,< 0.003,< 0.004,< 0.004,< 0.003
TX1010616_TRTTAP_2024-06-12_SE1,< 0.003,< 0.003,< 0.003,< 0.004,< 0.004,< 0.003
TX1010617_TRTTAP_2023-06-13_SE1,< 0.003,< 0.003,< 0.003,< 0.004,< 0.004,< 0.003
TX1010620_TRTTAP_2023-03-14_SE1,< 0.003,< 0.003,< 0.003,< 0.004,< 0.004,< 0.003
TX1010625_EP001_2025-04-15_SE1,< 0.003,< 0.003,< 0.003,< 0.004,< 0.004,< 0.003
TX1010626_TRTTAP_2023-04-27_SE1,< 0.003,< 0.003,< 0.003,0.0040,< 0.004,< 0.003
TX1010630_TRTTAP_2023-02-20_SE1,< 0.003,< 0.003,< 0.003,< 0.004,< 0.004,< 0.003
TX1010631_EP001_2025-07-02_SE1,< 0.003,< 0.003,< 0.003,< 0.004,< 0.004,< 0.003
TX1010632_TRTTAP_2024-02-13_SE1,< 0.003,< 0.003,< 0.003,< 0.004,< 0.004,< 0.003
TX1010634_EP001_2025-06-09_SE1,< 0.003,< 0.003,< 0.003,< 0.004,< 0.004,< 0.003
TX1010634_EP002_2025-06-09_SE1,< 0.003,< 0.003,< 0.003,< 0.004,< 0.004,< 0.003
TX1010635_TRTTAP_2024-01-24_SE1,< 0.003,< 0.003,< 0.003,< 0.004,< 0.004,< 0.003
TX1010649_TRTTAP_2024-02-14_SE1,< 0.003,0.0045,< 0.003,< 0.004,< 0.004,0.0052
TX1010654_TRTTAP_2023-04-17_SE1,0.0037,0.0058,0.0031,< 0.004,< 0.004,0.0060
TX1010678_EP003MC_2024-11-06_SE1,< 0.003,< 0.003,< 0.003,< 0.004,< 0.004,.0138
TX1010678_EP004MC_2024-11-06_SE1,< 0.003,.0038,< 0.003,< 0.004,< 0.004,.0038
TX1010687_EP001_2023-06-12_SE1,< 0.003,< 0.003,< 0.003,< 0.004,< 0.004,< 0.003
TX1010712_TRTTAP_2023-03-15_SE1,< 0.003,0.0037,< 0.003,< 0.004,< 0.004,0.0040
TX1010715_EP001_2024-10-18_SE1,< 0.003,< 0.003,< 0.003,< 0.004,< 0.004,< 0.003
TX1010715_EP002_2025-04-04_SE1,< 0.003,< 0.003,< 0.003,< 0.004,< 0.004,< 0.003
TX1010715_EP003_2025-04-04_SE1,< 0.003,< 0.003,< 0.003,< 0.004,< 0.004,< 0.003
TX1010719_TRTTAP_2023-04-14_SE1,< 0.003,< 0.003,< 0.003,< 0.004,< 0.004,< 0.003
TX1010720_EP001_2023-12-15_SE1,0.0038,0.0070,0.0038,< 0.004,< 0.004,0.0076
TX1010720_EP004_2023-12-15_SE1,0.0035,0.0064,0.0040,< 0.004,< 0.004,0.0078
TX1010721_EP001_2025-05-16_SE1,< 0.003,< 0.003,< 0.003,< 0.004,< 0.004,< 0.003
TX1010728_EP001_2025-02-11_SE1,< 0.003,< 0.003,< 0.003,< 0.004,< 0.004,< 0.003
TX1010728_EP002_2025-02-11_SE1,< 0.003,< 0.003,< 0.003,< 0.004,< 0.004,< 0.003
TX1010745_TRTTAP_2023-06-20_SE1,< 0.003,< 0.003,< 0.003,< 0.004,< 0.004,< 0.003
TX1010750_TRTTAP_2023-03-28_SE1,< 0.003,< 0.003,< 0.003,< 0.004,< 0.004,< 0.003
TX1010758_EP001_2025-02-26_SE1,< 0.003,< 0.003,< 0.003,< 0.004,< 0.004,< 0.003
TX1010758_EP002_2025-02-26_SE1,< 0.003,0.0031,< 0.003,< 0.004,< 0.004,0.0033
TX1010767_EP001_2025-02-12_SE1,< 0.003,< 0.003,< 0.003,< 0.004,< 0.004,< 0.003
TX1010768_EP002_2023-06-19_SE1,< 0.003,< 0.003,< 0.003,< 0.004,< 0.004,< 0.003
TX1010768_EP003_2023-06-19_SE1,< 0.003,< 0.003,< 0.003,< 0.004,< 0.004,< 0.003
TX1010769_TAP_2024-09-27_SE1,< 0.003,< 0.003,< 0.003,< 0.004,< 0.004,< 0.003
TX1010774_EP001_2023-05-03_SE1,< 0.003,< 0.003,< 0.003,< 0.004,< 0.004,< 0.003
TX1010774_EP002_2023-05-03_SE1,< 0.003,< 0.003,< 0.003,< 0.004,< 0.004,< 0.003
TX1010782_TRTTAP_2023-01-10_SE1,< 0.003,< 0.003,< 0.003,< 0.004,< 0.004,< 0.003
TX1010837_TRTTAP_2024-03-15_SE1,< 0.003,< 0.003,< 0.003,< 0.004,< 0.004,< 0.003
TX1010872_TRTTAP_2023-02-15_SE1,< 0.003,< 0.003,< 0.003,< 0.004,< 0.004,< 0.003
TX1010883_EP001_2025-02-11_SE1,< 0.003,< 0.003,< 0.003,< 0.004,< 0.004,< 0.003
TX1010883_EP002_2025-02-11_SE1,< 0.003,< 0.003,< 0.003,< 0.004,< 0.004,< 0.003
TX1010884_EP01_2023-03-13_SE1,< 0.003,< 0.003,< 0.003,< 0.004,< 0.004,< 0.003
TX1010884_EP02_2023-03-13_SE1,< 0.003,< 0.003,< 0.003,< 0.004,< 0.004,< 0.003
TX1010884_EP03_2023-03-13_SE1,< 0.003,< 0.003,< 0.003,< 0.004,< 0.004,< 0.003
TX1010884_EP04_2023-03-13_SE1,< 0.003,< 0.003,< 0.003,< 0.004,< 0.004,< 0.003
TX1010897_TRTTAP_2023-01-09_SE1,< 0.003,< 0.003,< 0.003,< 0.004,< 0.004,< 0.003
TX1010902_TRTTAP_2023-05-09_SE1,< 0.003,< 0.003,< 0.003,< 0.004,< 0.004,< 0.003
TX1010903_TRTTAP_2024-05-06_SE1,< 0.003,< 0.003,< 0.003,< 0.004,< 0.004,< 0.003
TX1010905_TRTTAP_2024-02-13_SE1,< 0.003,< 0.003,< 0.003,< 0.004,< 0.004,< 0.003
TX1010908_TRTTAP_2023-03-20_SE1,< 0.003,< 0.003,< 0.003,< 0.004,< 0.004,< 0.003
TX1010910_EP001_2025-05-21_SE1,< 0.003,< 0.003,< 0.003,< 0.004,< 0.004,< 0.003
TX1010910_EP002_2025-05-21_SE1,< 0.003,0.0040,< 0.003,< 0.004,< 0.004,0.0042
TX1010919_TRTTAP_2024-06-28_SE1,< 0.003,< 0.003,< 0.003,< 0.004,< 0.004,< 0.003
TX1010919_TRTTAP_2024-10-25_SE1,< 0.003,< 0.003,< 0.003,< 0.004,< 0.004,0.0034
TX1010924_EP001_2025-02-04_SE1,< 0.003,< 0.003,< 0.003,< 0.004,< 0.004,< 0.003
TX1010924_EP002_2025-04-22_SE1,< 0.003,0.0037,< 0.003,< 0.004,< 0.004,0.0040
TX1010925_TRTTAP_2023-03-21_SE1,< 0.003,< 0.003,< 0.003,< 0.004,< 0.004,< 0.003
TX1010938_TRTTAP_2023-06-09_SE1,< 0.003,< 0.003,< 0.003,< 0.004,< 0.004,< 0.003
TX1011014_EP001_2023-03-23_SE1,< 0.003,< 0.003,< 0.003,< 0.004,< 0.004,< 0.003
TX1011014_EP003_2023-03-23_SE1,< 0.003,< 0.003,< 0.003,< 0.004,< 0.004,< 0.003
TX1011019_TRTTAP_2023-03-21_SE1,< 0.003,< 0.003,< 0.003,< 0.004,< 0.004,< 0.003
TX1011029_TRTTAP_2023-07-07_SE1,< 0.003,< 0.003,< 0.003,< 0.004,< 0.004,< 0.003
TX1011107_TRTTAP_2023-02-15_SE1,< 0.003,< 0.003,< 0.003,< 0.004,< 0.004,< 0.003
TX1011143_EP001_2025-06-11_SE1,< 0.003,< 0.003,< 0.003,< 0.004,< 0.004,< 0.003
TX1011162_EP001_2025-05-09_SE1,< 0.003,< 0.003,< 0.003,< 0.004,< 0.004,< 0.003
TX1011227_EP002_2025-05-15_SE1,< 0.003,< 0.003,< 0.003,< 0.004,< 0.004,< 0.003
TX1011227_EP003_2025-05-15_SE1,< 0.003,0.0038,< 0.003,< 0.004,< 0.004,0.0041
TX1011227_EP004_2025-05-15_SE1,< 0.003,< 0.003,< 0.003,< 0.004,< 0.004,< 0.003
TX1011242_TRTTAP_2024-04-10_SE1,< 0.003,< 0.003,< 0.003,< 0.004,< 0.004,< 0.003
TX1011249_EP001_2023-12-13_SE1,0.0036,0.0060,0.0031,< 0.004,< 0.004,0.0074
TX1011249_EP002_2023-12-13_SE1,0.0037,0.0061,0.0033,< 0.004,< 0.004,0.0069
TX1011249_EP003_2023-12-13_SE1,0.0034,0.0063,0.0032,< 0.004,< 0.004,0.0073
TX1011250_TRTTAP_2024-01-12_SE1,< 0.003,0.0055,< 0.003,< 0.004,< 0.004,0.0069
TX1011250_TRTTAP_2025-02-28_SE1,< 0.003,< 0.003,< 0.003,< 0.004,< 0.004,0.0032
TX1011256_EP002_2025-04-15_SE1,< 0.003,< 0.003,< 0.003,< 0.004,< 0.004,< 0.003
TX1011256_EP003_2025-04-15_SE1,< 0.003,< 0.003,< 0.003,< 0.004,< 0.004,< 0.003
TX1011258_EP001_2025-01-27_SE1,< 0.003,< 0.003,< 0.003,< 0.004,< 0.004,< 0.003
TX1011296_EP001_2025-04-23_SE1,< 0.003,0.0037,< 0.003,< 0.004,< 0.004,0.0040
TX1011410_TRTTAP_2024-11-05_SE1,< 0.003,< 0.003,< 0.003,< 0.004,< 0.004,< 0.003
TX1011430_EP001_2023-06-14_SE1,< 0.003,< 0.003,< 0.003,< 0.004,< 0.004,< 0.003
TX1011430_EP002_2023-06-14_SE1,< 0.003,0.0035,< 0.003,< 0.004,< 0.004,0.0038
TX1011430_EP003_2023-06-14_SE1,< 0.003,< 0.003,< 0.003,< 0.004,< 0.004,< 0.003
TX1011462_TRTTAP_2024-01-18_SE1,< 0.003,0.0041,< 0.003,< 0.004,< 0.004,0.0050
TX1011513_TRTTAP_2024-06-28_SE1,< 0.003,< 0.003,< 0.003,< 0.004,< 0.004,< 0.003
TX1011522_TRTTAP_2024-02-14_SE1,< 0.003,< 0.003,< 0.003,< 0.004,< 0.004,< 0.003
TX1011534_TRTTAP_2024-02-09_SE1,< 0.003,< 0.003,< 0.003,< 0.004,< 0.004,< 0.003
TX1011550_EP001_2023-10-17_SE1,< 0.003,< 0.003,< 0.003,< 0.004,< 0.004,< 0.003
TX1011550_EP002_2024-08-28_SE1,< 0.003,< 0.003,< 0.003,< 0.004,< 0.004,< 0.003
TX1011550_EP003_2024-05-23_SE1,< 0.003,< 0.003,< 0.003,< 0.004,< 0.004,< 0.003
TX1011562_TRTTAP_2024-03-11_SE1,0.0032,0.0053,< 0.003,< 0.004,< 0.004,0.0048
TX1011585_TRTTAP_2024-06-10_SE1,< 0.003,< 0.003,< 0.003,< 0.004,< 0.004,< 0.003
TX1011593_EP002_2024-02-13_SE1,< 0.003,< 0.003,< 0.003,< 0.004,< 0.004,< 0.003
TX1011599_TRTTAP_2023-03-15_SE1,< 0.003,< 0.003,< 0.003,< 0.004,< 0.004,< 0.003
TX1011600_TRTTAP_2024-01-18_SE1,< 0.003,< 0.003,< 0.003,< 0.004,< 0.004,< 0.003
TX1011602_EP001_2025-06-20_SE1,< 0.003,< 0.003,< 0.003,< 0.004,< 0.004,< 0.003
TX1011602_EP002_2025-06-20_SE1,< 0.003,< 0.003,< 0.003,< 0.004,< 0.004,< 0.003
TX1011613_TRTTAP_2024-02-14_SE1,< 0.003,0.0046,< 0.003,< 0.004,< 0.004,0.0046
TX1011642_TRTTAP_2023-01-09_SE1,< 0.003,< 0.003,< 0.003,< 0.004,< 0.004,< 0.003
TX1011649_EP001_2025-02-12_SE1,< 0.003,< 0.003,< 0.003,< 0.004,< 0.004,< 0.003
TX1011649_EP002_2025-02-12_SE1,< 0.003,< 0.003,< 0.003,< 0.004,< 0.004,< 0.003
TX1011649_EP003_2025-02-12_SE1,< 0.003,< 0.003,< 0.003,< 0.004,< 0.004,< 0.003
TX1011678_TRTTAP_2023-04-10_SE1,< 0.003,< 0.003,< 0.003,< 0.004,< 0.004,< 0.003
TX1011679_TRTTAP_2023-07-25_SE1,< 0.003,< 0.003,< 0.003,< 0.004,< 0.004,< 0.003
TX1011681_TRTTAP_2024-02-16_SE1,< 0.003,0.0043,< 0.003,< 0.004,< 0.004,0.0041
TX1011689_EP001_2025-05-06_SE1,< 0.003,0.0040,< 0.003,< 0.004,< 0.004,0.0046
TX1011690_TRTTAP_2024-01-12_SE1,0.0034,0.0063,0.0032,< 0.004,< 0.004,0.0068
TX1011692_TRTTAP_2023-06-19_SE1,< 0.003,< 0.003,< 0.003,< 0.004,< 0.004,< 0.003
TX1011705_TRTTAP_2024-02-14_SE1,< 0.003,< 0.003,< 0.003,< 0.004,< 0.004,< 0.003
TX1011714_EP001_2024-02-12_SE1,< 0.003,< 0.003,< 0.003,< 0.004,< 0.004,< 0.003
TX1011718_EP001_2025-02-12_SE1,< 0.003,< 0.003,< 0.003,< 0.004,< 0.004,< 0.003
TX1011718_EP002_2025-01-22_SE1,< 0.003,< 0.003,< 0.003,< 0.004,< 0.004,< 0.003
TX1011728_EP001_2025-03-12_SE1,< 0.003,< 0.003,< 0.003,< 0.004,< 0.004,< 0.003
TX1011741_EP001_2025-05-28_SE1,0.0033,0.0048,< 0.003,< 0.004,< 0.004,< 0.003
TX1011746_TRTTAP_2024-03-11_SE1,< 0.003,< 0.003,< 0.003,< 0.004,< 0.004,< 0.003
TX1011778_EP001_2025-04-25_SE1,< 0.003,< 0.003,< 0.003,< 0.004,< 0.004,< 0.003
TX1011783_EP001_2024-04-11_SE1,< 0.003,< 0.003,< 0.003,< 0.004,< 0.004,< 0.003
TX1011783_EP002_2024-04-11_SE1,< 0.003,< 0.003,< 0.003,< 0.004,< 0.004,< 0.003
TX1011783_EP003_2024-04-11_SE1,< 0.003,< 0.003,< 0.003,< 0.004,< 0.004,< 0.003
TX1011785_TRTTAP_2024-03-12_SE1,0.0030,0.0047,< 0.003,< 0.004,< 0.004,0.0047
TX1011785_TRTTAP_2024-04-10_SE1,< 0.003,< 0.003,< 0.003,< 0.004,< 0.004,< 0.003
TX1011798_TRTTAP_2023-06-19_SE1,< 0.003,< 0.003,< 0.003,< 0.004,< 0.004,< 0.003
TX1011799_TRTTAP_2024-02-13_SE1,< 0.003,< 0.003,< 0.003,< 0.004,< 0.004,< 0.003
TX1011809_EP002_2024-06-12_SE1,< 0.003,< 0.003,< 0.003,< 0.004,< 0.004,< 0.003
TX1011823_EP001_2024-01-17_SE1,< 0.003,< 0.003,< 0.003,< 0.004,< 0.004,< 0.003
TX1011823_EP002_2024-01-17_SE1,< 0.003,< 0.003,< 0.003,< 0.004,< 0.004,< 0.003
TX1011823_EP003_2024-01-17_SE1,< 0.003,< 0.003,< 0.003,< 0.004,< 0.004,< 0.003
TX1011824_TRTTAP_2023-03-22_SE1,< 0.003,< 0.003,< 0.003,< 0.004,< 0.004,< 0.003
TX1011826_TRTTAP_2023-03-21_SE1,< 0.003,< 0.003,< 0.003,< 0.004,< 0.004,< 0.003
TX1011826_TRTTAP_2024-04-10_SE1,< 0.003,< 0.003,< 0.003,< 0.004,< 0.004,< 0.003
TX1011834_EP001_2025-05-05_SE1,< 0.003,< 0.003,< 0.003,< 0.004,< 0.004,< 0.003
TX1011848_TRTTAP_2024-01-17_SE1,< 0.003,0.0056,< 0.003,< 0.004,< 0.004,0.0060
TX1011870_TRTTAP_2023-03-22_SE1,< 0.003,< 0.003,< 0.003,< 0.004,< 0.004,< 0.003
TX1011872_TRTTAP_2024-02-14_SE1,< 0.003,< 0.003,< 0.003,< 0.004,< 0.004,< 0.003
TX1011901_TRTTAP_2023-04-10_SE1,< 0.003,< 0.003,< 0.003,< 0.004,< 0.004,< 0.003
TX1011902_EP001_2024-01-09_SE1,< 0.003,< 0.003,< 0.003,< 0.004,< 0.004,< 0.003
TX1011902_EP002_2025-01-10_SE1,< 0.003,< 0.003,< 0.003,< 0.004,< 0.004,< 0.003
TX1011902_EP003_2024-01-08_SE1,< 0.003,< 0.003,< 0.003,< 0.004,< 0.004,< 0.003
TX1011902_EP004_2024-01-08_SE1,< 0.003,< 0.003,< 0.003,< 0.004,< 0.004,< 0.003
TX1011908_TRTTAP_2024-06-28_SE1,< 0.003,< 0.003,< 0.003,< 0.004,< 0.004,< 0.003
TX1011914_TRTTAP_2023-03-21_SE1,< 0.003,< 0.003,< 0.003,< 0.004,< 0.004,< 0.003
TX1011928_TRTTAP_2024-01-12_SE1,< 0.003,< 0.003,< 0.003,< 0.004,< 0.004,< 0.003
TX1011957_EP001_2025-10-27_SE1,< 0.003,< 0.003,< 0.003,< 0.004,< 0.004,< 0.003
TX1011982_TRTTAP_2024-02-13_SE1,< 0.003,0.0046,< 0.003,< 0.004,< 0.004,0.0047
TX1011998_TRTTAP_2024-03-15_SE1,< 0.003,< 0.003,< 0.003,< 0.004,< 0.004,< 0.003
TX1012007_EP001_2024-07-19_SE1,< 0.003,< 0.003,< 0.003,< 0.004,< 0.004,< 0.003
TX1012007_EP002_2024-07-19_SE1,< 0.003,< 0.003,< 0.003,< 0.004,< 0.004,< 0.003
TX1012007_EP003_2024-07-19_SE1,< 0.003,< 0.003,< 0.003,< 0.004,< 0.004,< 0.003
TX1012068_TRTTAP_2024-04-15_SE1,< 0.003,< 0.003,< 0.003,< 0.004,< 0.004,< 0.003
TX1012097_TRTTAP_2024-02-16_SE1,0.0030,0.0045,< 0.003,< 0.004,< 0.004,0.0050
TX1012133_EP001_2025-03-21_SE1,< 0.003,< 0.003,< 0.003,< 0.004,< 0.004,< 0.003
TX1012133_EP002_2025-03-21_SE1,< 0.003,< 0.003,< 0.003,< 0.004,< 0.004,< 0.003
TX1012187_EP001_2024-07-17_SE1,< 0.003,< 0.003,< 0.003,< 0.004,< 0.004,< 0.003
TX1012187_EP002_2024-07-17_SE1,< 0.003,< 0.003,< 0.003,< 0.004,< 0.004,< 0.003
TX1012187_EP003_2024-07-17_SE1,< 0.003,< 0.003,< 0.003,< 0.004,< 0.004,< 0.003
TX1012187_EP004_2024-07-17_SE1,< 0.003,< 0.003,< 0.003,< 0.004,< 0.004,< 0.003
TX1012187_EP005_2024-07-17_SE1,< 0.003,< 0.003,< 0.003,< 0.004,< 0.004,< 0.003
TX1012213_EP001_2025-03-12_SE1,< 0.003,0.0031,< 0.003,< 0.004,< 0.004,0.0034
TX1012214_TRTTAP_2023-03-20_SE1,< 0.003,< 0.003,< 0.003,< 0.004,< 0.004,< 0.003
TX1012227_TRTTAP_2023-02-27_SE1,< 0.003,< 0.003,< 0.003,< 0.004,< 0.004,< 0.003
TX1012228_TRTTAP_2024-04-25_SE1,< 0.003,< 0.003,< 0.003,< 0.004,< 0.004,< 0.003
TX1012229_EP001_2025-03-12_SE1,< 0.003,< 0.003,< 0.003,< 0.004,< 0.004,0.0033
TX1012264_TRTTAP_2023-04-11_SE1,< 0.003,< 0.003,< 0.003,< 0.004,< 0.004,< 0.003
TX1012297_TRTTAP_2024-05-23_SE1,< 0.003,< 0.003,< 0.003,< 0.004,< 0.004,< 0.003
TX1012315_TRTTAP_2024-06-18_SE1,< 0.003,< 0.003,< 0.003,< 0.004,< 0.004,< 0.003
TX1012330_EP001_2025-03-12_SE1,< 0.003,0.0031,< 0.003,< 0.004,< 0.004,0.0031
TX1012361_TRTTAP_2024-03-12_SE1,< 0.003,< 0.003,< 0.003,< 0.004,< 0.004,< 0.003
TX1012370_TRTTAP_2024-02-13_SE1,< 0.003,< 0.003,< 0.003,< 0.004,< 0.004,< 0.003
TX1012378_TRTTAP_2023-08-04_SE1,< 0.003,< 0.003,< 0.003,< 0.004,< 0.004,< 0.003
TX1012378_TRTTAP_2023-08-24_SE1,< 0.003,< 0.003,< 0.003,< 0.004,< 0.004,< 0.003
TX1012392_TRTTAP_2023-01-09_SE1,< 0.003,< 0.003,< 0.003,< 0.004,< 0.004,< 0.003
TX1012419_TRTTAP_2024-02-13_SE1,< 0.003,0.0044,< 0.003,< 0.004,< 0.004,0.0049
TX1012542_TRTTAP_2024-06-26_SE1,< 0.003,< 0.003,< 0.003,< 0.004,< 0.004,< 0.003
TX1012677_EP001_2023-12-14_SE1,0.0042,0.0072,0.0039,< 0.004,< 0.004,0.0079
TX1012677_EP002_2023-12-14_SE1,0.0040,0.0068,0.0040,< 0.004,< 0.004,0.0082
TX1012740_TRTTAP_2023-07-19_SE1,< 0.003,0.0042,< 0.003,< 0.004,< 0.004,0.0056
TX1012768_TRTTAP_2023-04-11_SE1,< 0.003,< 0.003,< 0.003,< 0.004,< 0.004,< 0.003
TX1012835_TRTTAP_2024-04-10_SE1,< 0.003,< 0.003,< 0.003,< 0.004,< 0.004,0.0034
TX1012842_13563_2023-10-17_SE1,< 0.003,< 0.003,< 0.003,< 0.004,< 0.004,< 0.003
TX1012842_13564_2023-10-17_SE1,< 0.003,< 0.003,< 0.003,< 0.004,< 0.004,< 0.003
TX1012858_EP001_2025-06-18_SE1,< 0.003,< 0.003,< 0.003,< 0.004,< 0.004,< 0.003
TX1012858_EP003_2025-06-18_SE1,< 0.003,< 0.003,< 0.003,< 0.004,< 0.004,< 0.003
TX1012865_EP001_2025-01-27_SE1,< 0.003,< 0.003,< 0.003,< 0.004,< 0.004,< 0.003
TX1012897_TRTTAP_2023-03-22_SE1,< 0.003,< 0.003,< 0.003,< 0.004,< 0.004,< 0.003
TX1012941_TRTTAP_2024-02-13_SE1,< 0.003,< 0.003,< 0.003,< 0.004,< 0.004,< 0.003
TX1012942_TRTTAP_2024-03-12_SE1,< 0.003,0.0049,< 0.003,< 0.004,< 0.004,0.0049
TX1012953_TRTTAP_2024-02-13_SE1,< 0.003,< 0.003,< 0.003,< 0.004,< 0.004,< 0.003
TX1012965_EP001_2025-04-22_SE1,< 0.003,< 0.003,< 0.003,< 0.004,< 0.004,< 0.003
TX1012970_EP001_2025-03-11_SE1,< 0.003,< 0.003,< 0.003,< 0.004,< 0.004,0.0031
TX1012970_EP002_2025-03-11_SE1,< 0.003,< 0.003,< 0.003,< 0.004,< 0.004,0.0034
TX1012971_EP001_2025-02-11_SE1,< 0.003,< 0.003,< 0.003,< 0.004,< 0.004,< 0.003
TX1012972_TRTTAP_2025-02-10_SE1,< 0.003,< 0.003,< 0.003,< 0.004,< 0.004,< 0.003
TX1012973_EP001_2025-02-12_SE1,< 0.003,< 0.003,< 0.003,< 0.004,< 0.004,< 0.003
TX1012981_TRTTAPRWA_2025-02-18_SE1,< 0.003,< 0.003,< 0.003,< 0.004,< 0.004,< 0.003
TX1012985_WP1_2025-03-11_SE1,< 0.003,0.0032,< 0.003,< 0.004,< 0.004,0.0034
TX1013002_TRTTAP_2023-03-22_SE1,< 0.003,< 0.003,< 0.003,< 0.004,< 0.004,< 0.003
TX1013009_EP001_2025-05-07_SE1,< 0.003,< 0.003,< 0.003,< 0.004,< 0.004,< 0.003
TX1013009_EP003_2025-05-07_SE1,< 0.003,< 0.003,< 0.003,< 0.004,< 0.004,< 0.003
TX1013017_EP001_2023-02-23_SE1,< 0.003,< 0.003,< 0.003,< 0.004,< 0.004,< 0.003
TX1013017_EP002_2023-02-15_SE1,< 0.003,< 0.003,< 0.003,< 0.004,< 0.004,< 0.003
TX1013034_TRTTAP_2023-06-14_SE1,< 0.003,< 0.003,< 0.003,< 0.004,< 0.004,< 0.003
TX1013040_TRTTAP_2023-03-22_SE1,< 0.003,< 0.003,< 0.003,< 0.004,< 0.004,< 0.003
TX1013050_EP001_2023-04-25_SE1,0.0032,0.0051,0.0031,< 0.004,< 0.004,0.0063
TX1013050_EP002_2023-04-25_SE1,< 0.003,< 0.003,< 0.003,< 0.004,< 0.004,< 0.003
TX1013054_EP001_2025-03-13_SE1,< 0.003,< 0.003,< 0.003,< 0.004,< 0.004,< 0.003
TX1013074_EP001_2024-12-17_SE1,< 0.003,.0053,.003,< 0.004,< 0.004,.0057
TX1013074_EP002_2024-12-17_SE1,< 0.003,.0045,< 0.003,< 0.004,< 0.004,.0049
TX1013077_EP001_2024-04-16_SE1,< 0.003,< 0.003,< 0.003,< 0.004,< 0.004,< 0.003
TX1013078_TRTTAP_2023-03-22_SE1,< 0.003,< 0.003,< 0.003,< 0.004,< 0.004,< 0.003
TX1013084_EP001_2025-04-23_SE1,< 0.003,< 0.003,< 0.003,< 0.004,< 0.004,< 0.003
TX1013113_TRTTAP_2023-03-08_SE1,< 0.003,< 0.003,< 0.003,< 0.004,< 0.004,< 0.003
TX1013123_TRTTAP_2023-03-15_SE1,< 0.003,< 0.003,< 0.003,< 0.004,< 0.004,< 0.003
TX1013132_EP001_2025-10-10_SE1,< 0.003,< 0.003,< 0.003,< 0.004,< 0.004,< 0.003
TX1013132_EP003_2025-10-10_SE1,< 0.003,< 0.003,< 0.003,< 0.004,< 0.004,< 0.003
TX1013156_TRTTAP_2023-05-16_SE1,< 0.003,< 0.003,< 0.003,< 0.004,< 0.004,< 0.003
TX1013160_TRTTAP_2024-03-11_SE1,< 0.003,< 0.003,< 0.003,< 0.004,< 0.004,< 0.003
TX1013175_EP001_2025-03-19_SE1,< 0.003,< 0.003,< 0.003,< 0.004,< 0.004,0.0033
TX1013178_TRTTAP_2024-03-13_SE1,< 0.003,< 0.003,< 0.003,< 0.004,< 0.004,< 0.003
TX1013213_EP001_2025-04-25_SE1,< 0.003,< 0.003,< 0.003,< 0.004,< 0.004,< 0.003
TX1013213_EP002_2025-04-25_SE1,< 0.003,0.0036,< 0.003,< 0.004,< 0.004,0.0042
TX1013253_EP001_2025-02-11_SE1,< 0.003,< 0.003,< 0.003,< 0.004,< 0.004,< 0.003
TX1013253_EP002_2025-02-11_SE1,< 0.003,< 0.003,< 0.003,< 0.004,< 0.004,< 0.003
TX1013261_TRTTAP_2024-03-13_SE1,0.0031,0.0049,< 0.003,< 0.004,< 0.004,0.0049
TX1013289_EP001_2023-01-09_SE1,< 0.003,< 0.003,< 0.003,< 0.004,< 0.004,< 0.003
TX1013294_TRTTAP_2023-03-22_SE1,< 0.003,< 0.003,< 0.003,< 0.004,< 0.004,< 0.003
TX1013295_TRTTAP_2023-07-25_SE1,< 0.003,< 0.003,< 0.003,< 0.004,< 0.004,< 0.003
TX1013305_EP01_2024-09-20_SE1,< 0.003,< 0.003,< 0.003,< 0.004,< 0.004,< 0.003
TX1013305_EP02_2024-09-20_SE1,< 0.003,< 0.003,< 0.003,< 0.004,< 0.004,< 0.003
TX1013305_EP03_2024-09-20_SE1,< 0.003,< 0.003,< 0.003,< 0.004,< 0.004,< 0.003
TX1013310_EP001_2025-02-10_SE1,< 0.003,< 0.003,< 0.003,< 0.004,< 0.004,< 0.003
TX1013335_EP001_2025-04-22_SE1,< 0.003,0.0041,< 0.003,< 0.004,< 0.004,0.0044
TX1013339_TRTTAP_2025-03-25_SE1,< 0.003,0.0042,< 0.003,< 0.004,< 0.004,0.0045
TX1013343_TRTTAP_2024-02-09_SE1,< 0.003,< 0.003,< 0.003,< 0.004,< 0.004,< 0.003
TX1013354_TRTTAP_2024-01-17_SE1,0.0030,0.0067,< 0.003,< 0.004,< 0.004,0.0077
TX1013365_TRTTAP_2024-05-23_SE1,< 0.003,< 0.003,< 0.003,< 0.004,< 0.004,< 0.003
TX1013369_EP001_2025-02-12_SE1,< 0.003,< 0.003,< 0.003,< 0.004,< 0.004,< 0.003
TX1013385_DBP202_2024-05-23_SE1,< 0.003,< 0.003,< 0.003,< 0.004,< 0.004,< 0.003
TX1013448_EP001_2025-03-21_SE1,< 0.003,< 0.003,< 0.003,< 0.004,< 0.004,< 0.003
TX1013448_EP002_2025-03-21_SE1,< 0.003,< 0.003,< 0.003,< 0.004,< 0.004,< 0.003
TX1013450_EP001_2024-03-12_SE1,< 0.003,0.0046,< 0.003,< 0.004,< 0.004,0.0043
TX1013450_EP002_2024-03-12_SE1,< 0.003,0.0043,< 0.003,< 0.004,< 0.004,0.0043
TX1013479_TRTTAP_2024-11-12_SE1,< 0.003,< 0.003,< 0.003,< 0.004,< 0.004,< 0.003
TX1013532_EP001_2024-06-17_SE1,< 0.003,< 0.003,< 0.003,< 0.004,< 0.004,< 0.003
TX1013612_CC001_2023-03-21_SE1,< 0.003,< 0.003,< 0.003,< 0.004,< 0.004,< 0.003
TX1020002_EP001MC_2024-07-23_SE1,< 0.003,< 0.003,< 0.003,< 0.004,< 0.004,< 0.003
TX1020004_EP003_2024-01-17_SE1,< 0.003,< 0.003,< 0.003,< 0.004,< 0.004,< 0.003
TX1020022_EP_2025-05-20_SE1,< 0.003,< 0.003,< 0.003,< 0.004,< 0.004,< 0.003
TX1020074_EP001_2023-03-15_SE1,< 0.003,< 0.003,< 0.003,< 0.004,< 0.004,< 0.003
TX1020074_TRTTAP_2023-02-13_SE1,< 0.003,< 0.003,< 0.003,< 0.004,< 0.004,< 0.003
TX1020081_TRTTAP_2025-02-18_SE1,< 0.003,< 0.003,< 0.003,< 0.004,< 0.004,< 0.003
TX1040001_TRTTAP_2024-02-12_SE1,< 0.003,< 0.003,< 0.003,< 0.004,< 0.004,< 0.003
TX1050001_EP001MC_2023-11-14_SE1,< 0.003,< 0.003,< 0.003,< 0.004,< 0.004,.0042
TX1050001_EP002MC_2023-11-14_SE1,< 0.003,< 0.003,< 0.003,< 0.004,< 0.004,< 0.003
TX1050001_EP003MC_2023-11-14_SE1,< 0.003,< 0.003,< 0.003,< 0.004,< 0.004,< 0.003
TX1050001_EP005MC_2023-11-14_SE1,< 0.003,< 0.003,.003,< 0.004,< 0.004,< 0.003
TX1050001_EP007MC_2023-11-14_SE1,< 0.003,< 0.003,< 0.003,< 0.004,< 0.004,.0042
TX1050001_EP008MC_2023-11-14_SE1,< 0.003,< 0.003,< 0.003,< 0.004,< 0.004,< 0.003
TX1050001_ST5655_2023-11-14_SE1,< 0.003,< 0.003,< 0.003,< 0.004,< 0.004,< 0.003
TX1050002_EP001MC_2023-08-25_SE1,< 0.003,< 0.003,< 0.003,< 0.004,< 0.004,< 0.003
TX1050002_EP002_2023-08-25_SE1,< 0.003,< 0.003,< 0.003,< 0.004,< 0.004,.0045
TX1050002_EP002MC_2023-08-25_SE1,< 0.003,< 0.003,< 0.003,< 0.004,< 0.004,< 0.003
TX1050002_EP004_2023-08-25_SE1,< 0.003,< 0.003,< 0.003,< 0.004,< 0.004,< 0.003
TX1050003_EP001_2024-10-17_SE1,< 0.003,< 0.003,< 0.003,< 0.004,< 0.004,< 0.003
TX1050012_TRTTAP_2023-11-17_SE1,< 0.003,< 0.003,< 0.003,< 0.004,< 0.004,< 0.003
TX1050013_TRTTAP_2023-05-30_SE1,< 0.003,< 0.003,< 0.003,< 0.004,< 0.004,< 0.003
TX1050018_EP001_2025-04-22_SE1,< 0.003,< 0.003,< 0.003,< 0.004,< 0.004,< 0.003
TX1050018_EP002_2025-04-22_SE1,< 0.003,< 0.003,< 0.003,< 0.004,< 0.004,< 0.003
TX1050018_EP003_2025-04-22_SE1,< 0.003,< 0.003,< 0.003,< 0.004,< 0.004,< 0.003
TX1050019_EP001_2023-04-25_SE1,.0072,< 0.003,< 0.003,< 0.004,< 0.004,< 0.003
TX1050019_EP002_2023-04-25_SE1,< 0.003,< 0.003,< 0.003,< 0.004,< 0.004,< 0.003
TX1050019_EP004_2023-04-25_SE1,.0033,.0041,< 0.003,< 0.004,< 0.004,.0047
TX1050019_EP005_2024-07-16_SE1,< 0.003,< 0.003,< 0.003,< 0.004,< 0.004,< 0.003
TX1050028_TRTTAP_2024-03-18_SE1,< 0.003,< 0.003,< 0.003,< 0.004,< 0.004,< 0.003
TX1050038_EP001_2025-03-19_SE1,< 0.003,< 0.003,< 0.003,< 0.004,< 0.004,0.0030
TX1050038_EP003_2025-03-19_SE1,< 0.003,< 0.003,< 0.003,< 0.004,< 0.004,< 0.003
TX1050051_TRTTAP_2024-10-23_SE1,< 0.003,< 0.003,< 0.003,< 0.004,< 0.004,< 0.003
TX1050131_001_2025-05-20_SE1,< 0.003,< 0.003,< 0.003,< 0.004,< 0.004,< 0.003
TX1070004_EP001_2023-05-24_SE1,< 0.003,< 0.003,< 0.003,< 0.004,< 0.004,< 0.003
TX1070005_EP001MC_2025-04-30_SE1,< 0.003,< 0.003,< 0.003,< 0.004,< 0.004,< 0.003
TX1070005_EP002MC_2025-04-30_SE1,< 0.003,< 0.003,< 0.003,< 0.004,< 0.004,< 0.003
TX1070005_EP003MC_2025-04-30_SE1,< 0.003,< 0.003,< 0.003,< 0.004,< 0.004,< 0.003
TX1070006_EP001_2025-09-10_SE1,< 0.003,< 0.003,< 0.003,< 0.004,< 0.004,< 0.003
TX1070006_EP002_2025-09-10_SE1,< 0.003,< 0.003,< 0.003,< 0.004,< 0.004,< 0.003
TX1070006_EP004_2025-09-10_SE1,< 0.003,< 0.003,< 0.003,< 0.004,< 0.004,< 0.003
TX1070006_EP006_2025-09-10_SE1,< 0.003,< 0.003,< 0.003,< 0.004,< 0.004,< 0.003
TX1070019_TRTTAP_2023-02-22_SE1,< 0.003,< 0.003,< 0.003,< 0.004,< 0.004,< 0.003
TX1070106_EP001_2023-01-10_SE1,< 0.003,< 0.003,< 0.003,< 0.004,< 0.004,< 0.003
TX1070167_EP001MC_2023-05-30_SE1,< 0.003,< 0.003,< 0.003,< 0.004,< 0.004,< 0.003
TX1070190_EP001MC_2023-11-21_SE1,< 0.003,< 0.003,< 0.003,< 0.004,< 0.004,< 0.003
TX1070190_EP002MC_2023-11-21_SE1,< 0.003,< 0.003,< 0.003,< 0.004,< 0.004,< 0.003
TX1070200_EP001_2025-03-18_SE1,< 0.003,< 0.003,< 0.003,< 0.004,< 0.004,< 0.003
TX1070200_EP002_2025-03-18_SE1,< 0.003,< 0.003,< 0.003,< 0.004,< 0.004,< 0.003
TX1070200_EP003_2025-03-18_SE1,< 0.003,< 0.003,< 0.003,< 0.004,< 0.004,< 0.003
TX1070240_EP001_2025-02-10_SE1,< 0.003,< 0.003,< 0.003,< 0.004,< 0.004,< 0.003
TX1080001_EP003MC_2024-05-21_SE1,< 0.003,< 0.003,< 0.003,< 0.004,< 0.004,< 0.003
TX1080002_EP001_2023-09-19_SE1,< 0.003,< 0.003,< 0.003,< 0.004,< 0.004,< 0.003
TX1080004_EP001MC1_2023-05-30_SE1,< 0.003,< 0.003,< 0.003,< 0.004,< 0.004,< 0.003
TX1080004_EP004MC4_2023-05-30_SE1,.0034,< 0.003,< 0.003,< 0.004,.0045,< 0.003
TX1080005_TPTAP_2023-02-27_SE1,< 0.003,< 0.003,< 0.003,< 0.004,< 0.004,< 0.003
TX1080006_EP002MC1_2023-06-06_SE1,< 0.003,< 0.003,< 0.003,< 0.004,< 0.004,< 0.003
TX1080006_EP003MC2_2023-06-06_SE1,< 0.003,< 0.003,< 0.003,< 0.004,< 0.004,< 0.003
TX1080007_EP001_2023-01-25_SE1,< 0.003,.0033,< 0.003,< 0.004,< 0.004,< 0.003
TX1080008_EP001MC_2023-11-15_SE1,< 0.003,< 0.003,< 0.003,< 0.004,< 0.004,< 0.003
TX1080008_EP002MC_2023-11-15_SE1,< 0.003,< 0.003,< 0.003,< 0.004,< 0.004,< 0.003
TX1080009_EP001_2023-03-07_SE1,< 0.003,< 0.003,< 0.003,< 0.004,< 0.004,< 0.003
TX1080010_EP001MC_2024-11-12_SE1,< 0.003,.006,< 0.003,< 0.004,< 0.004,.0063
TX1080010_EP002MC_2024-11-12_SE1,< 0.003,.006,< 0.003,< 0.004,< 0.004,.0068
TX1080011_EP001MC_2025-02-19_SE1,< 0.003,.0086,.0058,< 0.004,.0059,.0084
TX1080021_EP001_2024-08-27_SE1,< 0.003,< 0.003,< 0.003,< 0.004,< 0.004,< 0.003
TX1080021_EP003_2024-08-27_SE1,< 0.003,< 0.003,< 0.003,< 0.004,< 0.004,< 0.003
TX1080022_EP001MC_2023-12-13_SE1,< 0.003,< 0.003,< 0.003,< 0.004,< 0.004,< 0.003
TX1080022_EP003MC_2023-12-13_SE1,< 0.003,< 0.003,< 0.003,< 0.004,< 0.004,< 0.003
TX1080029_EP001MC1_2023-02-15_SE1,< 0.003,< 0.003,< 0.003,< 0.004,< 0.004,< 0.003
TX1080029_EP002MC2_2023-02-15_SE1,< 0.003,< 0.003,< 0.003,< 0.004,< 0.004,< 0.003
TX1080029_EP004MC4_2023-02-15_SE1,< 0.003,< 0.003,< 0.003,< 0.004,< 0.004,< 0.003
TX1080029_EP005MC5_2023-02-15_SE1,< 0.003,< 0.003,< 0.003,< 0.004,< 0.004,< 0.003
TX1080029_EP008MC6_2023-12-12_SE1,< 0.003,.0035,< 0.003,< 0.004,< 0.004,.0038
TX1080029_EP009MC7_2023-02-15_SE1,< 0.003,< 0.003,< 0.003,< 0.004,< 0.004,< 0.003
TX1080029_EP010MC7_2023-02-15_SE1,< 0.003,.0032,< 0.003,< 0.004,< 0.004,< 0.003
TX1080033_EP001MC1_2024-07-23_SE1,< 0.003,< 0.003,< 0.003,< 0.004,< 0.004,< 0.003
TX1080033_EP002MC2_2024-07-23_SE1,< 0.003,< 0.003,< 0.003,< 0.004,< 0.004,< 0.003
TX1080033_EP003MC3_2024-07-23_SE1,< 0.003,< 0.003,< 0.003,< 0.004,< 0.004,< 0.003
TX1080067_TP41084EPEPA_2023-02-16_SE1,< 0.003,< 0.003,< 0.003,< 0.004,< 0.004,< 0.003
TX1080067_TP7606EPEPA_2023-02-16_SE1,< 0.003,< 0.003,< 0.003,< 0.004,< 0.004,< 0.003
TX1080088_EP002_2025-02-18_SE1,< 0.003,0.0040,< 0.003,< 0.004,< 0.004,0.0040
TX1080234_TRTTAPEPA_2024-11-19_SE1,< 0.003,< 0.003,< 0.003,< 0.004,< 0.004,< 0.003
TX1090001_TRTTAP_2023-02-27_SE1,< 0.003,< 0.003,< 0.003,< 0.004,< 0.004,< 0.003
TX1090012_TRTTAP_2023-01-25_SE1,< 0.003,< 0.003,< 0.003,< 0.004,< 0.004,< 0.003
TX1090035_EP001_2024-04-15_SE1,0.0030,< 0.003,< 0.003,< 0.004,< 0.004,< 0.003
TX1090041_TRTTAP_2023-02-06_SE1,< 0.003,< 0.003,< 0.003,< 0.004,< 0.004,< 0.003
TX1100002_EP001MC_2023-12-12_SE1,< 0.003,< 0.003,< 0.003,< 0.004,< 0.004,< 0.003
TX1100002_EP003MC_2024-03-18_SE1,< 0.003,< 0.003,< 0.003,< 0.004,< 0.004,< 0.003
TX1100002_EP004MC_2023-12-12_SE1,< 0.003,< 0.003,< 0.003,< 0.004,< 0.004,< 0.003
TX1110001_10053_2023-05-16_SE1,< 0.003,< 0.003,< 0.003,< 0.004,< 0.004,< 0.003
TX1110001_EP001_2023-05-16_SE1,< 0.003,< 0.003,< 0.003,< 0.004,< 0.004,< 0.003
TX1110001_EP008_2023-05-16_SE1,< 0.003,< 0.003,< 0.003,< 0.004,< 0.004,< 0.003
TX1110001_EP010_2023-05-16_SE1,< 0.003,< 0.003,< 0.003,< 0.004,< 0.004,< 0.003
TX1110001_EP011_2023-05-16_SE1,< 0.003,< 0.003,< 0.003,< 0.004,< 0.004,< 0.003
TX1110001_EP014_2023-12-11_SE1,< 0.003,< 0.003,< 0.003,< 0.004,< 0.004,< 0.003
TX1110001_EP016_2023-05-16_SE1,< 0.003,< 0.003,< 0.003,< 0.004,< 0.004,< 0.003
TX1110001_EP017_2023-05-16_SE1,< 0.003,< 0.003,< 0.003,< 0.004,< 0.004,< 0.003
TX1110001_EP018_2023-05-16_SE1,< 0.003,< 0.003,< 0.003,< 0.004,< 0.004,< 0.003
TX1110004_TRTTAP_2024-02-07_SE1,< 0.003,< 0.003,< 0.003,< 0.004,< 0.004,< 0.003
TX1110007_EP001MC_2023-11-13_SE1,< 0.003,< 0.003,< 0.003,< 0.004,< 0.004,< 0.003
TX1110007_EP002MC_2023-11-13_SE1,< 0.003,< 0.003,< 0.003,< 0.004,< 0.004,< 0.003
TX1110007_EP003MC_2023-11-13_SE1,< 0.003,< 0.003,< 0.003,< 0.004,< 0.004,< 0.003
TX1110007_EP004MC_2023-11-13_SE1,< 0.003,< 0.003,< 0.003,< 0.004,< 0.004,< 0.003
TX1110007_EP005_2023-11-13_SE1,< 0.003,< 0.003,< 0.003,< 0.004,< 0.004,< 0.003
TX1110007_EP006MC_2023-11-13_SE1,< 0.003,< 0.003,< 0.003,< 0.004,< 0.004,< 0.003
TX1110007_EP007MC_2023-11-13_SE1,< 0.003,< 0.003,< 0.003,< 0.004,< 0.004,< 0.003
TX1110007_EP008MC_2024-05-28_SE1,< 0.003,< 0.003,< 0.003,< 0.004,< 0.004,< 0.003
TX1110007_EP009MC_2023-11-13_SE1,< 0.003,< 0.003,< 0.003,< 0.004,< 0.004,< 0.003
TX1110007_EP010MC_2023-11-13_SE1,< 0.003,< 0.003,< 0.003,< 0.004,< 0.004,< 0.003
TX1110007_EP011MC_2023-11-13_SE1,< 0.003,< 0.003,< 0.003,< 0.004,< 0.004,< 0.003
TX1110007_EP012MC_2023-11-13_SE1,< 0.003,< 0.003,< 0.003,< 0.004,< 0.004,< 0.003
TX1110007_EP014MC_2023-11-13_SE1,< 0.003,< 0.003,< 0.003,< 0.004,< 0.004,< 0.003
TX1110007_EP016MC_2023-11-13_SE1,< 0.003,< 0.003,< 0.003,< 0.004,< 0.004,< 0.003
TX1110007_EP017MC_2023-11-13_SE1,< 0.003,< 0.003,< 0.003,< 0.004,< 0.004,< 0.003
TX1110007_EP018MC_2023-11-13_SE1,< 0.003,< 0.003,< 0.003,< 0.004,< 0.004,< 0.003
TX1110007_EP019_2023-11-13_SE1,< 0.003,< 0.003,< 0.003,< 0.004,< 0.004,< 0.003
TX1110007_EP020_2023-11-13_SE1,< 0.003,< 0.003,< 0.003,< 0.004,< 0.004,< 0.003
TX1110007_EP021_2023-11-13_SE1,< 0.003,< 0.003,< 0.003,< 0.004,< 0.004,< 0.003
TX1110007_EP15_2023-11-13_SE1,< 0.003,< 0.003,< 0.003,< 0.004,< 0.004,< 0.003
TX1110116_EP001_2023-05-16_SE1,< 0.003,< 0.003,< 0.003,< 0.004,< 0.004,< 0.003
TX1120001_EP001_2024-10-01_SE1,< 0.003,< 0.003,< 0.003,< 0.004,< 0.004,< 0.003
TX1120002_EP001MC_2023-04-04_SE1,< 0.003,< 0.003,< 0.003,< 0.004,< 0.004,< 0.003
TX1120015_EP001_2025-01-22_SE1,< 0.003,< 0.003,< 0.003,< 0.004,< 0.004,< 0.003
TX1120015_EP002_2025-01-22_SE1,< 0.003,< 0.003,< 0.003,< 0.004,< 0.004,< 0.003
TX1120015_EP003_2025-01-22_SE1,< 0.003,< 0.003,< 0.003,< 0.004,< 0.004,< 0.003
TX1120015_EP004_2025-01-22_SE1,< 0.003,< 0.003,< 0.003,< 0.004,< 0.004,< 0.003
TX1120017_EP001_2025-03-19_SE1,< 0.003,< 0.003,< 0.003,< 0.004,< 0.004,< 0.003
TX1130001_TRTTAP_2023-01-10_SE1,< 0.003,< 0.003,< 0.003,< 0.004,< 0.004,< 0.003
TX1130010_TPF001_2025-02-10_SE1,< 0.003,< 0.003,< 0.003,< 0.004,< 0.004,< 0.003
TX1130031_EP002_2024-02-12_SE1,< 0.003,< 0.003,< 0.003,< 0.004,< 0.004,< 0.003
TX1130031_EP011_2024-08-14_SE1,< 0.003,< 0.003,< 0.003,< 0.004,< 0.004,< 0.003
TX1130033_EP001_2025-05-14_SE1,< 0.003,< 0.003,< 0.003,< 0.004,< 0.004,< 0.003
TX1130033_EP002_2025-05-13_SE1,< 0.003,< 0.003,< 0.003,< 0.004,< 0.004,< 0.003
TX1130033_EP003_2025-05-13_SE1,< 0.003,< 0.003,< 0.003,< 0.004,< 0.004,< 0.003
TX1130033_EP004_2025-05-13_SE1,< 0.003,< 0.003,< 0.003,< 0.004,< 0.004,< 0.003
TX1130033_EP005_2025-06-17_SE1,< 0.003,< 0.003,< 0.003,< 0.004,< 0.004,< 0.003
TX1130033_EP006_2025-05-13_SE1,< 0.003,< 0.003,< 0.003,< 0.004,< 0.004,< 0.003
TX1130033_EP007_2025-05-13_SE1,< 0.003,< 0.003,< 0.003,< 0.004,< 0.004,< 0.003
TX1130033_EP008_2025-05-14_SE1,< 0.003,< 0.003,< 0.003,< 0.004,< 0.004,< 0.003
TX1130033_EP009_2025-05-14_SE1,< 0.003,< 0.003,< 0.003,< 0.004,< 0.004,< 0.003
TX1130033_EP010_2025-05-14_SE1,< 0.003,< 0.003,< 0.003,< 0.004,< 0.004,< 0.003
TX1140001_EP001MC_2023-06-14_SE1,.0058,.0041,.0111,< 0.004,.0044,< 0.003
TX1140002_EP002_2025-05-06_SE1,< 0.003,< 0.003,< 0.003,< 0.004,< 0.004,< 0.003
TX1160003_EP001_2025-03-17_SE1,< 0.003,< 0.003,< 0.003,< 0.004,< 0.004,< 0.003
TX1160003_EP002_2025-03-17_SE1,< 0.003,< 0.003,< 0.003,< 0.004,< 0.004,< 0.003
TX1160004_EP001MC_2023-06-13_SE1,< 0.003,0.0035,0.0036,< 0.004,0.0061,0.0034
TX1160008_EP001_2023-02-13_SE1,< 0.003,< 0.003,< 0.003,< 0.004,< 0.004,< 0.003
TX1160008_EP002_2023-02-13_SE1,< 0.003,< 0.003,< 0.003,< 0.004,< 0.004,< 0.003
TX1160015_TRTTAP_2023-01-09_SE1,< 0.003,< 0.003,< 0.003,< 0.004,< 0.004,< 0.003
TX1160018_EP001MC_2024-03-25_SE1,< 0.003,.0031,.0047,< 0.004,.0081,< 0.003
TX1160018_EP002MC_2024-03-25_SE1,.0042,.0066,< 0.003,< 0.004,< 0.004,.0075
TX1160028_EP001_2024-04-16_SE1,< 0.003,0.0036,0.0037,< 0.004,0.0040,0.0031
TX1160029_EP002_2023-02-06_SE1,.0039,.0075,< 0.003,< 0.004,< 0.004,.0082
TX1160029_EP004_2023-02-06_SE1,.0039,.0072,< 0.003,< 0.004,< 0.004,.0072
TX1160039_TRTTAP_2023-01-25_SE1,< 0.003,< 0.003,< 0.003,< 0.004,< 0.004,< 0.003
TX1160052_TRTTAP_2024-02-13_SE1,< 0.003,< 0.003,< 0.003,< 0.004,< 0.004,< 0.003
TX1160062_TRTTAP_2024-04-17_SE1,< 0.003,< 0.003,< 0.003,< 0.004,< 0.004,< 0.003
TX1170001_EP001MC_2023-04-20_SE1,< 0.003,< 0.003,< 0.003,< 0.004,< 0.004,< 0.003
TX1170001_EP002MC_2023-04-20_SE1,< 0.003,< 0.003,< 0.003,< 0.004,< 0.004,< 0.003
TX1170001_EP006MC_2023-04-20_SE1,< 0.003,< 0.003,< 0.003,< 0.004,< 0.004,< 0.003
TX1170001_EP007MC_2023-04-20_SE1,< 0.003,< 0.003,< 0.003,< 0.004,< 0.004,< 0.003
TX1170004_EP001_2025-05-20_SE1,< 0.003,< 0.003,< 0.003,< 0.004,< 0.004,< 0.003
TX1170004_EP002_2025-05-20_SE1,< 0.003,< 0.003,< 0.003,< 0.004,< 0.004,< 0.003
TX1190002_TRTTAP_2024-01-16_SE1,< 0.003,< 0.003,< 0.003,< 0.004,< 0.004,< 0.003
TX1200001_EP001_2025-03-17_SE1,< 0.003,< 0.003,< 0.003,< 0.004,< 0.004,< 0.003
TX1200001_EP002_2025-03-17_SE1,< 0.003,< 0.003,< 0.003,< 0.004,< 0.004,< 0.003
TX1210001_EP001_2024-05-23_SE1,< 0.003,< 0.003,< 0.003,< 0.004,< 0.004,< 0.003
TX1210001_EP002_2024-05-23_SE1,< 0.003,< 0.003,< 0.003,< 0.004,< 0.004,< 0.003
TX1210001_EP003_2024-05-23_SE1,< 0.003,< 0.003,< 0.003,< 0.004,< 0.004,< 0.003
TX1210001_EP004_2024-05-23_SE1,< 0.003,< 0.003,< 0.003,< 0.004,< 0.004,< 0.003
TX1210003_EP001_2023-04-17_SE1,< 0.003,< 0.003,< 0.003,< 0.004,< 0.004,< 0.003
TX1210050_EP001_2023-06-19_SE1,< 0.003,< 0.003,< 0.003,< 0.004,< 0.004,< 0.003
TX1210060_EP001_2024-02-13_SE1,< 0.003,< 0.003,< 0.003,< 0.004,< 0.004,< 0.003
TX1210060_EP002_2024-01-23_SE1,< 0.003,< 0.003,< 0.003,< 0.004,< 0.004,< 0.003
TX1210060_EP003_2024-01-23_SE1,< 0.003,< 0.003,< 0.003,< 0.004,< 0.004,< 0.003
TX1230001_EP001MC1_2023-01-11_SE1,< 0.003,< 0.003,< 0.003,< 0.004,< 0.004,< 0.003
TX1230001_EP002MC2_2023-01-11_SE1,< 0.003,< 0.003,< 0.003,< 0.004,< 0.004,< 0.003
TX1230003_TRTTAP_2024-01-16_SE1,< 0.003,< 0.003,< 0.003,< 0.004,< 0.004,< 0.003
TX1230006_EP001MC_2025-03-24_SE1,< 0.003,< 0.003,< 0.003,< 0.004,< 0.004,< 0.003
TX1230010_EP001MC1_2023-01-11_SE1,< 0.003,< 0.003,< 0.003,< 0.004,< 0.004,< 0.003
TX1230012_EP001MC_2025-10-17_SE1,< 0.003,< 0.003,< 0.003,< 0.004,< 0.004,< 0.003
TX1230021_TRTTAP_2023-01-11_SE1,< 0.003,< 0.003,< 0.003,< 0.004,< 0.004,< 0.003
TX1230092_EP001_2025-02-12_SE1,< 0.003,< 0.003,< 0.003,< 0.004,< 0.004,< 0.003
TX1240001_TRTTAP_2024-01-23_SE1,< 0.003,< 0.003,< 0.003,< 0.004,< 0.004,< 0.003
TX1240001_TRTTAP_2024-02-13_SE1,< 0.003,< 0.003,< 0.003,< 0.004,< 0.004,< 0.003
TX1240001_TRTTAP_2024-03-20_SE1,< 0.003,< 0.003,< 0.003,< 0.004,< 0.004,< 0.003
TX1250001_EP001MC_2024-02-12_SE1,< 0.003,< 0.003,< 0.003,< 0.004,< 0.004,< 0.003
TX1260001_TRTTAP_2023-03-20_SE1,< 0.003,< 0.003,< 0.003,< 0.004,< 0.004,< 0.003
TX1260002_EP001_2023-10-23_SE1,< 0.003,.0035,< 0.003,< 0.004,< 0.004,.0034
TX1260003_EP001MC_2023-06-14_SE1,< 0.003,< 0.003,< 0.003,< 0.004,< 0.004,< 0.003
TX1260006_ENTRYPOINTA_2024-03-26_SE1,< 0.003,0.0036,< 0.003,< 0.004,< 0.004,0.0042
TX1260008_EP001_2025-03-11_SE1,< 0.003,< 0.003,< 0.003,< 0.004,< 0.004,< 0.003
TX1260008_EP002_2025-03-11_SE1,< 0.003,< 0.003,< 0.003,< 0.004,< 0.004,< 0.003
TX1260008_EP004_2025-03-11_SE1,< 0.003,< 0.003,< 0.003,< 0.004,< 0.004,< 0.003
TX1260008_EP005_2025-03-11_SE1,< 0.003,< 0.003,< 0.003,< 0.004,< 0.004,< 0.003
TX1260008_EP007_2025-03-11_SE1,< 0.003,< 0.003,< 0.003,< 0.004,< 0.004,< 0.003
TX1260008_EP008_2025-03-11_SE1,< 0.003,< 0.003,< 0.003,< 0.004,< 0.004,< 0.003
TX1260008_EP009_2025-03-11_SE1,< 0.003,< 0.003,< 0.003,< 0.004,< 0.004,< 0.003
TX1260016_TRTTAP_2024-01-24_SE1,< 0.003,< 0.003,< 0.003,< 0.004,< 0.004,< 0.003
TX1260017_EP003MC_2025-02-12_SE1,< 0.003,< 0.003,< 0.003,< 0.004,< 0.004,< 0.003
TX1260017_EP004MC_2025-02-12_SE1,< 0.003,< 0.003,< 0.003,< 0.004,< 0.004,< 0.003
TX1260017_EP007MC_2025-02-12_SE1,< 0.003,< 0.003,< 0.003,< 0.004,< 0.004,< 0.003
TX1260017_EP011MC_2025-02-12_SE1,< 0.003,< 0.003,< 0.003,< 0.004,< 0.004,< 0.003
TX1260017_EP013MC_2025-02-12_SE1,< 0.003,< 0.003,< 0.003,< 0.004,< 0.004,< 0.003
TX1260017_EP014MC_2025-02-12_SE1,< 0.003,< 0.003,< 0.003,< 0.004,< 0.004,< 0.003
TX1260017_EP015MC_2025-02-12_SE1,< 0.003,< 0.003,< 0.003,< 0.004,< 0.004,< 0.003
TX1260017_EP016MC_2025-02-12_SE1,< 0.003,< 0.003,< 0.003,< 0.004,< 0.004,< 0.003
TX1260017_EP020MC_2025-02-12_SE1,< 0.003,< 0.003,< 0.003,< 0.004,< 0.004,< 0.003
TX1260017_EP026_2025-02-12_SE1,< 0.003,< 0.003,< 0.003,< 0.004,< 0.004,< 0.003
TX1260018_EP001MC_2024-01-17_SE1,< 0.003,.003,< 0.003,< 0.004,< 0.004,.0032
TX1260018_EP003MC_2024-08-28_SE1,< 0.003,< 0.003,< 0.003,< 0.004,< 0.004,< 0.003
TX1260018_EP005MC_2024-01-17_SE1,< 0.003,< 0.003,< 0.003,< 0.004,< 0.004,< 0.003
TX1260018_EP009MC_2024-01-17_SE1,< 0.003,< 0.003,< 0.003,< 0.004,< 0.004,< 0.003
TX1260018_EP013MC_2024-01-17_SE1,< 0.003,< 0.003,< 0.003,< 0.004,< 0.004,< 0.003
TX1260018_EP014MC_2024-01-17_SE1,< 0.003,< 0.003,< 0.003,< 0.004,< 0.004,< 0.003
TX1260018_EP015MC_2024-03-13_SE1,< 0.003,< 0.003,< 0.003,< 0.004,< 0.004,< 0.003
TX1260018_EP016MC_2024-01-17_SE1,< 0.003,.0032,< 0.003,< 0.004,< 0.004,.0033
TX1260018_EP017MC_2024-01-17_SE1,< 0.003,< 0.003,< 0.003,< 0.004,< 0.004,< 0.003
TX1260018_EP018MC_2024-01-17_SE1,< 0.003,< 0.003,< 0.003,< 0.004,< 0.004,< 0.003
TX1260018_EP021MC_2024-01-17_SE1,< 0.003,< 0.003,< 0.003,< 0.004,< 0.004,< 0.003
TX1260018_EP023MC_2024-01-17_SE1,< 0.003,< 0.003,< 0.003,< 0.004,< 0.004,< 0.003
TX1260018_EP024MC_2024-01-17_SE1,< 0.003,< 0.003,< 0.003,< 0.004,< 0.004,< 0.003
TX1260018_EP025MC_2024-01-17_SE1,< 0.003,.0036,< 0.003,< 0.004,< 0.004,.004
TX1260018_EP027MC_2024-01-17_SE1,.003,.0038,< 0.003,< 0.004,< 0.004,.0043
TX1260074_EP001_2025-04-23_SE1,< 0.003,< 0.003,< 0.003,< 0.004,< 0.004,< 0.003
TX1260074_EP002_2025-04-23_SE1,< 0.003,< 0.003,< 0.003,< 0.004,< 0.004,< 0.003
TX1260074_EP003_2025-04-23_SE1,< 0.003,< 0.003,< 0.003,< 0.004,< 0.004,< 0.003
TX1260074_EP005_2025-04-23_SE1,< 0.003,< 0.003,< 0.003,< 0.004,< 0.004,< 0.003
TX1270006_TRTTAP_2024-01-17_SE1,< 0.003,< 0.003,< 0.003,< 0.004,< 0.004,< 0.003
TX1280001_TRTTAP_2024-02-12_SE1,< 0.003,< 0.003,< 0.003,< 0.004,< 0.004,< 0.003
TX1280002_TRTTAP_2024-07-17_SE1,< 0.003,< 0.003,< 0.003,< 0.004,< 0.004,< 0.003
TX1280007_TRTTAP_2024-02-12_SE1,< 0.003,< 0.003,< 0.003,< 0.004,< 0.004,< 0.003
TX1280007_TRTTAP_2024-03-25_SE1,< 0.003,< 0.003,< 0.003,< 0.004,< 0.004,< 0.003
TX1290002_EP001_2024-04-15_SE1,.0033,.0059,< 0.003,< 0.004,< 0.004,.0055
TX1290002_PS2_2023-12-05_SE1,< 0.003,.0036,.0039,< 0.004,.0047,< 0.003
TX1290003_EP001_2025-03-18_SE1,< 0.003,< 0.003,< 0.003,< 0.004,< 0.004,< 0.003
TX1290005_EP001MC1_2024-03-27_SE1,< 0.003,< 0.003,< 0.003,< 0.004,< 0.004,< 0.003
TX1290006_EP001_2023-09-20_SE1,< 0.003,.0038,.004,< 0.004,.0104,.003
TX1290010_EP003_2025-03-17_SE1,< 0.003,< 0.003,< 0.003,< 0.004,< 0.004,< 0.003
TX1290011_EP002_2025-01-22_SE1,< 0.003,< 0.003,< 0.003,< 0.004,< 0.004,< 0.003
TX1290012_TRTTAP_2023-02-15_SE1,< 0.003,< 0.003,< 0.003,< 0.004,< 0.004,< 0.003
TX1290014_TRTTAP_2024-05-13_SE1,0.0033,0.0044,< 0.003,< 0.004,< 0.004,0.0044
TX1290015_TRTTAP_2023-01-10_SE1,< 0.003,< 0.003,< 0.003,< 0.004,< 0.004,< 0.003
TX1290016_TRTTAP_2023-03-21_SE1,< 0.003,< 0.003,< 0.003,< 0.004,< 0.004,< 0.003
TX1290023_EP002_2025-02-10_SE1,< 0.003,< 0.003,< 0.003,< 0.004,< 0.004,< 0.003
TX1290025_EP001_2024-02-19_SE1,.0044,.0067,< 0.003,< 0.004,< 0.004,.0092
TX1290025_EP1_2024-02-19_SE1,.0049,.0072,< 0.003,< 0.004,< 0.004,.0091
TX1290038_EP001_2025-02-24_SE1,< 0.003,< 0.003,< 0.003,< 0.004,< 0.004,< 0.003
TX1290043_EP001_2025-03-18_SE1,< 0.003,< 0.003,< 0.003,< 0.004,< 0.004,< 0.003
TX1290046_EP001_2025-02-17_SE1,0.0034,0.0041,< 0.003,< 0.004,< 0.004,0.0044
TX1290053_EP001_2023-03-21_SE1,< 0.003,< 0.003,< 0.003,< 0.004,< 0.004,< 0.003
TX1300001_EP001_2024-07-10_SE1,< 0.003,< 0.003,< 0.003,< 0.004,< 0.004,< 0.003
TX1300001_EP002_2024-07-10_SE1,.009,.0038,.0081,< 0.004,.0071,.0033
TX1300001_EP003_2024-07-10_SE1,< 0.003,< 0.003,< 0.003,< 0.004,< 0.004,< 0.003
TX1300001_EP004_2024-07-10_SE1,< 0.003,< 0.003,< 0.003,< 0.004,< 0.004,< 0.003
TX1300001_EP005_2024-07-10_SE1,< 0.003,< 0.003,< 0.003,< 0.004,< 0.004,< 0.003
TX1300001_EP006_2024-07-10_SE1,< 0.003,< 0.003,< 0.003,< 0.004,< 0.004,< 0.003
TX1300001_EP007_2024-07-10_SE1,< 0.003,< 0.003,< 0.003,< 0.004,< 0.004,< 0.003
TX1300001_EP008_2024-07-10_SE1,< 0.003,< 0.003,< 0.003,< 0.004,< 0.004,< 0.003
TX1330001_EP001_2023-01-25_SE1,< 0.003,< 0.003,< 0.003,< 0.004,< 0.004,< 0.003
TX1330001_EP003_2023-01-25_SE1,< 0.003,< 0.003,< 0.003,< 0.004,< 0.004,< 0.003
TX1330001_EP006_2023-01-25_SE1,< 0.003,< 0.003,< 0.003,< 0.004,< 0.004,< 0.003
TX1330001_EP007_2023-01-25_SE1,< 0.003,< 0.003,< 0.003,< 0.004,< 0.004,< 0.003
TX1330001_EP008_2023-01-25_SE1,< 0.003,< 0.003,< 0.003,< 0.004,< 0.004,< 0.003
TX1330001_EP009_2023-01-25_SE1,< 0.003,< 0.003,< 0.003,< 0.004,< 0.004,< 0.003
TX1330001_EP011_2023-01-25_SE1,< 0.003,< 0.003,< 0.003,< 0.004,< 0.004,< 0.003
TX1330001_EP013_2023-01-25_SE1,< 0.003,< 0.003,< 0.003,< 0.004,< 0.004,< 0.003
TX1330011_EP002_2025-06-17_SE1,< 0.003,< 0.003,< 0.003,< 0.004,< 0.004,< 0.003
TX1330011_EP003_2025-04-15_SE1,< 0.003,< 0.003,< 0.003,< 0.004,< 0.004,< 0.003
TX1330011_EP004_2025-04-14_SE1,< 0.003,< 0.003,< 0.003,< 0.004,< 0.004,< 0.003
TX1330011_EP005_2025-06-17_SE1,< 0.003,< 0.003,< 0.003,< 0.004,< 0.004,< 0.003
TX1330011_EP006_2025-04-15_SE1,< 0.003,< 0.003,< 0.003,< 0.004,< 0.004,< 0.003
TX1330011_EP007_2025-04-14_SE1,< 0.003,< 0.003,< 0.003,< 0.004,< 0.004,< 0.003
TX1330011_EP008_2025-06-17_SE1,< 0.003,< 0.003,< 0.003,< 0.004,< 0.004,< 0.003
TX1330027_EP001_2024-06-19_SE1,< 0.003,< 0.003,< 0.003,< 0.004,< 0.004,< 0.003
TX1330041_EP001_2025-06-17_SE1,< 0.003,< 0.003,< 0.003,< 0.004,< 0.004,< 0.003
TX1330041_EP002_2025-06-17_SE1,< 0.003,< 0.003,< 0.003,< 0.004,< 0.004,< 0.003
TX1330041_EP003_2025-09-17_SE1,< 0.003,< 0.003,< 0.003,< 0.004,< 0.004,< 0.003
TX1330041_EP004_2025-06-17_SE1,< 0.003,< 0.003,< 0.003,< 0.004,< 0.004,< 0.003
TX1370001_EP002_2023-03-28_SE1,< 0.003,< 0.003,< 0.003,< 0.004,< 0.004,< 0.003
TX1370001_EP004_2023-03-28_SE1,< 0.003,< 0.003,< 0.003,< 0.004,< 0.004,< 0.003
TX1370001_EP006_2023-03-28_SE1,< 0.003,< 0.003,< 0.003,< 0.004,< 0.004,< 0.003
TX1370001_EP007_2023-03-28_SE1,< 0.003,< 0.003,< 0.003,< 0.004,< 0.004,< 0.003
TX1370001_EP008_2023-03-28_SE1,.004,.0048,< 0.003,< 0.004,< 0.004,.0057
TX1370001_EP009_2023-03-28_SE1,< 0.003,< 0.003,< 0.003,< 0.004,< 0.004,< 0.003
TX1370001_EP010_2024-03-26_SE1,< 0.003,< 0.003,< 0.003,< 0.004,< 0.004,< 0.003
TX1370001_EP011_2023-03-28_SE1,< 0.003,< 0.003,< 0.003,< 0.004,< 0.004,< 0.003
TX1370003_EP003_2024-03-11_SE1,< 0.003,< 0.003,< 0.003,< 0.004,< 0.004,< 0.003
TX1390002_EP001MC_2024-09-04_SE1,< 0.003,< 0.003,< 0.003,< 0.004,< 0.004,< 0.003
TX1390015_EP001_2023-02-22_SE1,< 0.003,< 0.003,< 0.003,< 0.004,< 0.004,< 0.003
TX1400003_EP001_2025-04-21_SE1,< 0.003,< 0.003,< 0.003,< 0.004,< 0.004,< 0.003
TX1410001_EP001_2025-01-22_SE1,< 0.003,< 0.003,< 0.003,< 0.004,< 0.004,< 0.003
TX1410028_EP001_2024-05-29_SE1,< 0.003,< 0.003,< 0.003,< 0.004,< 0.004,< 0.003
TX1420001_TRTTAP_2023-02-07_SE1,< 0.003,< 0.003,< 0.003,< 0.004,< 0.004,< 0.003
TX1440001_TRTTAP_2024-06-24_SE1,< 0.003,< 0.003,< 0.003,< 0.004,< 0.004,< 0.003
TX1440005_EP002_2023-10-24_SE1,< 0.003,< 0.003,< 0.003,< 0.004,< 0.004,< 0.003
TX1440005_EP004_2023-10-24_SE1,< 0.003,< 0.003,< 0.003,< 0.004,< 0.004,< 0.003
TX1440005_EP005_2023-10-24_SE1,< 0.003,< 0.003,< 0.003,< 0.004,< 0.004,< 0.003
TX1440005_EP009_2023-10-24_SE1,< 0.003,< 0.003,< 0.003,< 0.004,< 0.004,< 0.003
TX1440005_EP010_2023-10-24_SE1,< 0.003,< 0.003,< 0.003,< 0.004,< 0.004,< 0.003
TX1440005_EP011_2023-10-24_SE1,< 0.003,< 0.003,< 0.003,< 0.004,< 0.004,< 0.003
TX1440005_EP012_2023-10-24_SE1,< 0.003,< 0.003,< 0.003,< 0.004,< 0.004,< 0.003
TX1440005_EP013_2023-10-24_SE1,< 0.003,< 0.003,< 0.003,< 0.004,< 0.004,< 0.003
TX1450015_TRTTAP_2024-05-13_SE1,< 0.003,< 0.003,< 0.003,< 0.004,< 0.004,< 0.003
TX1450015_TRTTAP_2024-05-14_SE1,< 0.003,< 0.003,< 0.003,< 0.004,< 0.004,< 0.003
TX1450015_TRTTAP_2024-05-21_SE1,< 0.003,< 0.003,< 0.003,< 0.004,< 0.004,< 0.003
TX1450018_TRTTAP_2024-04-23_SE1,< 0.003,< 0.003,< 0.003,< 0.004,< 0.004,< 0.003
TX1460001_TRTTAP_2023-08-09_SE1,< 0.003,< 0.003,< 0.003,< 0.004,< 0.004,< 0.003
TX1460001_TRTTAP_2023-09-11_SE1,< 0.003,< 0.003,< 0.003,< 0.004,< 0.004,< 0.003
TX1460002_TRTTAP_2023-06-21_SE1,< 0.003,< 0.003,< 0.003,< 0.004,< 0.004,< 0.003
TX1460003_EP001_2025-01-27_SE1,< 0.003,< 0.003,< 0.003,< 0.004,< 0.004,< 0.003
TX1460003_EP003_2025-01-27_SE1,< 0.003,< 0.003,< 0.003,< 0.004,< 0.004,< 0.003
TX1460009_TRTTAP_2024-04-22_SE1,< 0.003,< 0.003,< 0.003,< 0.004,< 0.004,< 0.003
TX1460055_EP001_2025-01-22_SE1,< 0.003,< 0.003,< 0.003,< 0.004,< 0.004,< 0.003
TX1460055_EP002_2025-01-22_SE1,< 0.003,< 0.003,< 0.003,< 0.004,< 0.004,< 0.003
TX1470002_TRTTAP_2024-01-23_SE1,< 0.003,< 0.003,< 0.003,< 0.004,< 0.004,< 0.003
TX1470004_EP001_2025-05-12_SE1,< 0.003,< 0.003,< 0.003,< 0.004,< 0.004,< 0.003
TX1470004_EP002_2025-05-12_SE1,< 0.003,< 0.003,< 0.003,< 0.004,< 0.004,< 0.003
TX1470005_EP001_2025-02-05_SE1,< 0.003,< 0.003,< 0.003,< 0.004,< 0.004,< 0.003
TX1490002_TRTTAP_2023-02-14_SE1,< 0.003,< 0.003,< 0.003,< 0.004,< 0.004,< 0.003
TX1490029_EP001_2025-07-15_SE1,< 0.003,< 0.003,< 0.003,< 0.004,< 0.004,< 0.003
TX1490029_EP002_2025-07-15_SE1,< 0.003,< 0.003,< 0.003,< 0.004,< 0.004,< 0.003
TX1500001_TRTTAP_2023-03-27_SE1,< 0.003,< 0.003,< 0.003,< 0.004,< 0.004,< 0.003
TX1500012_EP1_2023-04-25_SE1,< 0.003,< 0.003,< 0.003,< 0.004,< 0.004,< 0.003
TX1500015_EP001_2024-03-25_SE1,< 0.003,< 0.003,< 0.003,< 0.004,< 0.004,< 0.003
TX1500015_EP002_2024-03-25_SE1,< 0.003,< 0.003,< 0.003,< 0.004,< 0.004,< 0.003
TX1520002_EP001MC1_2023-09-19_SE1,< 0.003,< 0.003,< 0.003,< 0.004,< 0.004,< 0.003
TX1520002_EP006MC1_2023-09-19_SE1,< 0.003,< 0.003,< 0.003,< 0.004,< 0.004,< 0.003
TX1520002_EP009_2023-09-19_SE1,< 0.003,< 0.003,< 0.003,< 0.004,< 0.004,< 0.003
TX1520004_TRTTAP_2023-05-30_SE1,< 0.003,< 0.003,< 0.003,< 0.004,< 0.004,< 0.003
TX1520005_TRTTAP_2023-04-17_SE1,< 0.003,< 0.003,< 0.003,< 0.004,< 0.004,< 0.003
TX1520046_EP002_2023-10-11_SE1,< 0.003,< 0.003,< 0.003,< 0.004,< 0.004,< 0.003
TX1540001_EP007_2025-06-02_SE1,< 0.003,< 0.003,< 0.003,< 0.004,< 0.004,< 0.003
TX1550001_EP001MC_2023-04-12_SE1,< 0.003,< 0.003,< 0.003,< 0.004,< 0.004,< 0.003
TX1550001_EP002MC_2023-04-12_SE1,< 0.003,< 0.003,< 0.003,< 0.004,< 0.004,< 0.003
TX1550001_EP003MC_2023-04-12_SE1,< 0.003,< 0.003,< 0.003,< 0.004,< 0.004,< 0.003
TX1550001_EP004MC_2023-04-12_SE1,< 0.003,< 0.003,< 0.003,< 0.004,< 0.004,< 0.003
TX1550001_EP005MC_2023-05-31_SE1,< 0.003,< 0.003,< 0.003,< 0.004,< 0.004,< 0.003
TX1550004_TRTTAP_2024-01-24_SE1,< 0.003,< 0.003,< 0.003,< 0.004,< 0.004,< 0.003
TX1550008_EP001MC1_2023-10-26_SE1,< 0.003,< 0.003,< 0.003,< 0.004,< 0.004,< 0.003
TX1550008_EP002MC2_2023-10-26_SE1,< 0.003,< 0.003,< 0.003,< 0.004,< 0.004,< 0.003
TX1550010_EP001_2023-07-12_SE1,< 0.003,< 0.003,< 0.003,< 0.004,< 0.004,< 0.003
TX1550010_EP002_2023-07-12_SE1,< 0.003,< 0.003,< 0.003,< 0.004,< 0.004,< 0.003
TX1550010_EP003_2023-10-17_SE1,< 0.003,< 0.003,< 0.003,< 0.004,< 0.004,< 0.003
TX1550010_EP004_2023-08-07_SE1,< 0.003,< 0.003,< 0.003,< 0.004,< 0.004,< 0.003
TX1550010_EP005_2023-08-07_SE1,< 0.003,< 0.003,< 0.003,< 0.004,< 0.004,< 0.003
TX1550010_EP006_2023-10-17_SE1,< 0.003,< 0.003,< 0.003,< 0.004,< 0.004,< 0.003
TX1550020_TRTTAP_2023-02-22_SE1,< 0.003,< 0.003,< 0.003,< 0.004,< 0.004,< 0.003
TX1550024_EP001_2025-02-19_SE1,< 0.003,< 0.003,< 0.003,< 0.004,< 0.004,< 0.003
TX1550024_EP002_2025-02-19_SE1,< 0.003,< 0.003,< 0.003,< 0.004,< 0.004,< 0.003
TX1550024_EP003_2025-02-19_SE1,< 0.003,< 0.003,< 0.003,< 0.004,< 0.004,< 0.003
TX1550024_EP004_2025-02-19_SE1,< 0.003,< 0.003,< 0.003,< 0.004,< 0.004,< 0.003
TX1550026_TRTTAP_2023-01-17_SE1,< 0.003,< 0.003,< 0.003,< 0.004,< 0.004,< 0.003
TX1550031_EP001_2023-01-30_SE1,< 0.003,< 0.003,< 0.003,< 0.004,< 0.004,< 0.003
TX1550031_EP001MC1_2023-01-30_SE1,< 0.003,< 0.003,< 0.003,< 0.004,< 0.004,< 0.003
TX1550031_EP002MC2_2023-01-30_SE1,< 0.003,< 0.003,< 0.003,< 0.004,< 0.004,< 0.003
TX1550033_TRTTAP_2024-07-17_SE1,< 0.003,< 0.003,< 0.003,< 0.004,< 0.004,< 0.003
TX1550037_EP001_2023-05-30_SE1,< 0.003,< 0.003,< 0.003,< 0.004,< 0.004,< 0.003
TX1550037_EP002_2023-05-30_SE1,< 0.003,< 0.003,< 0.003,< 0.004,< 0.004,< 0.003
TX1550048_G1550048B_2024-01-23_SE1,< 0.003,< 0.003,< 0.003,< 0.004,< 0.004,< 0.003
TX1550048_G1550048C_2024-01-24_SE1,< 0.003,< 0.003,< 0.003,< 0.004,< 0.004,< 0.003
TX1550048_G1550048D_2024-01-22_SE1,< 0.003,< 0.003,< 0.003,< 0.004,< 0.004,< 0.003
TX1550048_G1550048E_2024-01-24_SE1,< 0.003,< 0.003,< 0.003,< 0.004,< 0.004,< 0.003
TX1550048_G1550048G_2024-05-14_SE1,< 0.003,< 0.003,< 0.003,< 0.004,< 0.004,< 0.003
TX1550048_G1550048H_2024-01-24_SE1,< 0.003,< 0.003,< 0.003,< 0.004,< 0.004,< 0.003
TX1550059_EP001_2023-03-20_SE1,< 0.003,< 0.003,< 0.003,< 0.004,< 0.004,< 0.003
TX1550059_EP002_2023-03-20_SE1,< 0.003,< 0.003,< 0.003,< 0.004,< 0.004,< 0.003
TX1550059_EP004_2023-03-20_SE1,< 0.003,< 0.003,< 0.003,< 0.004,< 0.004,< 0.003
TX1550059_EP005_2023-03-20_SE1,< 0.003,< 0.003,< 0.003,< 0.004,< 0.004,< 0.003
TX1550138_TRTTAP_2024-03-19_SE1,< 0.003,< 0.003,< 0.003,< 0.004,< 0.004,< 0.003
TX1570001_TRTTAP_2023-05-15_SE1,< 0.003,< 0.003,< 0.003,< 0.004,< 0.004,< 0.003
TX1570001_TRTTAP_2023-08-15_SE1,< 0.003,< 0.003,< 0.003,< 0.004,< 0.004,< 0.003
TX1580023_EP2_2023-12-06_SE1,< 0.003,< 0.003,< 0.003,< 0.004,< 0.004,< 0.003
TX1610001_EP001MC_2023-09-22_SE1,< 0.003,< 0.003,< 0.003,< 0.004,< 0.004,< 0.003
TX1610001_EP002MC_2023-09-22_SE1,< 0.003,< 0.003,< 0.003,< 0.004,< 0.004,< 0.003
TX1610001_EP003MC_2023-09-22_SE1,< 0.003,< 0.003,< 0.003,< 0.004,< 0.004,< 0.003
TX1610001_EP005MC_2023-09-22_SE1,< 0.003,< 0.003,< 0.003,< 0.004,< 0.004,< 0.003
TX1610004_EP001_2025-07-09_SE1,< 0.003,< 0.003,< 0.003,< 0.004,< 0.004,< 0.003
TX1610004_EP005_2025-07-09_SE1,< 0.003,< 0.003,< 0.003,< 0.004,< 0.004,< 0.003
TX1610102_EP001_2023-05-22_SE1,< 0.003,< 0.003,< 0.003,< 0.004,< 0.004,< 0.003
TX1620001_1620001_2024-09-17_SE1,< 0.003,< 0.003,< 0.003,< 0.004,< 0.004,< 0.003
TX1630002_EO002_2024-02-20_SE1,< 0.003,< 0.003,< 0.003,< 0.004,< 0.004,< 0.003
TX1630002_EO003_2024-02-20_SE1,< 0.003,< 0.003,< 0.003,< 0.004,< 0.004,< 0.003
TX1630002_EO004_2024-02-20_SE1,< 0.003,< 0.003,< 0.003,< 0.004,< 0.004,< 0.003
TX1630006_TRTTAP_2023-04-19_SE1,< 0.003,< 0.003,< 0.003,< 0.004,< 0.004,< 0.003
TX1630006_TRTTAP_2023-11-14_SE1,< 0.003,< 0.003,< 0.003,< 0.004,< 0.004,< 0.003
TX1630006_TRTTAP_2024-11-19_SE1,< 0.003,< 0.003,< 0.003,< 0.004,< 0.004,< 0.003
TX1630010_TRTTAP_2023-10-24_SE1,< 0.003,< 0.003,< 0.003,< 0.004,< 0.004,< 0.003
TX1630021_TRTTAP_2023-10-18_SE1,< 0.003,< 0.003,< 0.003,< 0.004,< 0.004,< 0.003
TX1630034_TP002_2023-06-09_SE1,< 0.003,< 0.003,< 0.003,< 0.004,< 0.004,< 0.003
TX1640001_EP001_2025-03-11_SE1,< 0.003,< 0.003,< 0.003,< 0.004,< 0.004,< 0.003
TX1650001_EP001MC_2023-08-09_SE1,.0078,.0033,.0105,< 0.004,< 0.004,< 0.003
TX1650001_EP003MC_2023-08-09_SE1,< 0.003,< 0.003,< 0.003,< 0.004,< 0.004,< 0.003
TX1650003_EP001_2024-06-18_SE1,< 0.003,< 0.003,< 0.003,< 0.004,< 0.004,< 0.003
TX1650003_EP002_2024-06-18_SE1,< 0.003,< 0.003,< 0.003,< 0.004,< 0.004,< 0.003
TX1650003_EP003_2024-06-18_SE1,< 0.003,< 0.003,< 0.003,< 0.004,< 0.004,< 0.003
TX1660001_TRTTAP_2024-02-14_SE1,0.0065,0.0061,< 0.003,< 0.004,< 0.004,0.252
TX1660002_TRTTAP_2024-03-18_SE1,< 0.003,< 0.003,< 0.003,< 0.004,< 0.004,< 0.003
TX1660009_TRTTAP_2024-03-18_SE1,0.0033,< 0.003,< 0.003,< 0.004,< 0.004,< 0.003
TX1660015_TRTTAP_2023-04-11_SE1,< 0.003,< 0.003,< 0.003,< 0.004,< 0.004,< 0.003
TX1680001_TRTTAP_2023-01-18_SE1,< 0.003,< 0.003,< 0.003,< 0.004,< 0.004,< 0.003
TX1680004_EP001_2024-07-08_SE1,< 0.003,< 0.003,< 0.003,< 0.004,< 0.004,< 0.003
TX1690001_TRTTAP_2024-02-13_SE1,< 0.003,< 0.003,< 0.003,< 0.004,< 0.004,< 0.003
TX1690006_EP001_2024-06-26_SE1,< 0.003,< 0.003,< 0.003,< 0.004,< 0.004,< 0.003
TX1690006_EP002_2024-05-15_SE1,< 0.003,< 0.003,< 0.003,< 0.004,< 0.004,< 0.003
TX1690006_EP003_2024-06-26_SE1,< 0.003,< 0.003,< 0.003,< 0.004,< 0.004,< 0.003
TX1700001_EP001MC_2025-01-02_SE1,< 0.003,< 0.003,< 0.003,< 0.004,< 0.004,< 0.003
TX1700001_EP002MC_2025-01-02_SE1,< 0.003,< 0.003,< 0.003,< 0.004,< 0.004,< 0.003
TX1700001_EP003MC_2025-01-02_SE1,< 0.003,< 0.003,< 0.003,< 0.004,< 0.004,< 0.003
TX1700001_EP004MC_2025-01-02_SE1,< 0.003,< 0.003,< 0.003,< 0.004,< 0.004,< 0.003
TX1700001_EP007MC_2025-01-02_SE1,< 0.003,< 0.003,< 0.003,< 0.004,< 0.004,< 0.003
TX1700001_EP008MC_2025-02-13_SE1,< 0.003,< 0.003,< 0.003,< 0.004,< 0.004,< 0.003
TX1700001_EP009MC_2025-01-02_SE1,< 0.003,< 0.003,< 0.003,< 0.004,< 0.004,< 0.003
TX1700001_EP010MC_2025-01-02_SE1,< 0.003,< 0.003,< 0.003,< 0.004,< 0.004,< 0.003
TX1700001_EP011MC_2025-01-02_SE1,< 0.003,< 0.003,< 0.003,< 0.004,< 0.004,< 0.003
TX1700001_EP012MC_2025-01-02_SE1,< 0.003,< 0.003,< 0.003,< 0.004,< 0.004,< 0.003
TX1700001_EP015MC_2025-02-13_SE1,< 0.003,< 0.003,< 0.003,< 0.004,< 0.004,< 0.003
TX1700001_EP016MC_2025-02-13_SE1,< 0.003,< 0.003,< 0.003,< 0.004,< 0.004,< 0.003
TX1700001_EP018_2025-01-02_SE1,< 0.003,< 0.003,< 0.003,< 0.004,< 0.004,< 0.003
TX1700001_EP019_2025-01-02_SE1,< 0.003,< 0.003,< 0.003,< 0.004,< 0.004,< 0.003
TX1700001_EP020_2025-01-02_SE1,< 0.003,< 0.003,< 0.003,< 0.004,< 0.004,< 0.003
TX1700003_EP001_2025-06-30_SE1,< 0.003,< 0.003,< 0.003,< 0.004,< 0.004,< 0.003
TX1700003_EP002_2025-06-30_SE1,< 0.003,< 0.003,< 0.003,< 0.004,< 0.004,< 0.003
TX1700003_EP003_2025-06-30_SE1,< 0.003,< 0.003,< 0.003,< 0.004,< 0.004,< 0.003
TX1700025_TRTTAP_2024-01-29_SE1,< 0.003,< 0.003,< 0.003,< 0.004,< 0.004,< 0.003
TX1700068_EP001MC_2024-04-29_SE1,< 0.003,< 0.003,< 0.003,< 0.004,< 0.004,< 0.003
TX1700068_EP005MC_2024-06-27_SE1,< 0.003,< 0.003,< 0.003,< 0.004,< 0.004,< 0.003
TX1700068_EP007MC_2024-04-29_SE1,< 0.003,< 0.003,< 0.003,< 0.004,< 0.004,< 0.003
TX1700068_EP009MC_2024-04-29_SE1,< 0.003,< 0.003,< 0.003,< 0.004,< 0.004,< 0.003
TX1700073_EP001_2024-04-19_SE1,< 0.003,< 0.003,< 0.003,< 0.004,< 0.004,< 0.003
TX1700073_EP002_2024-01-12_SE1,< 0.003,< 0.003,< 0.003,< 0.004,< 0.004,< 0.003
TX1700073_EP003_2024-01-12_SE1,< 0.003,< 0.003,< 0.003,< 0.004,< 0.004,< 0.003
TX1700087_TRTTAP_2023-03-20_SE1,< 0.003,< 0.003,< 0.003,< 0.004,< 0.004,< 0.003
TX1700090_EP001_2025-01-16_SE1,< 0.003,< 0.003,< 0.003,< 0.004,< 0.004,< 0.003
TX1700097_TRTTAP_2024-05-15_SE1,< 0.003,< 0.003,< 0.003,< 0.004,< 0.004,< 0.003
TX1700097_TRTTAP_2024-06-17_SE1,< 0.003,< 0.003,< 0.003,< 0.004,< 0.004,< 0.003
TX1700101_EP001_2024-04-26_SE1,< 0.003,< 0.003,< 0.003,< 0.004,< 0.004,< 0.003
TX1700101_EP002_2024-08-02_SE1,< 0.003,< 0.003,< 0.003,< 0.004,< 0.004,< 0.003
TX1700101_EP003_2024-04-26_SE1,< 0.003,< 0.003,< 0.003,< 0.004,< 0.004,< 0.003
TX1700116_EP001_2025-03-18_SE1,< 0.003,< 0.003,< 0.003,< 0.004,< 0.004,< 0.003
TX1700116_EP002_2025-03-17_SE1,< 0.003,< 0.003,< 0.003,< 0.004,< 0.004,< 0.003
TX1700118_TRTTAP_2023-05-19_SE1,< 0.003,< 0.003,< 0.003,< 0.004,< 0.004,< 0.003
TX1700119_TRTTAP_2024-03-19_SE1,< 0.003,< 0.003,< 0.003,< 0.004,< 0.004,< 0.003
TX1700133_TRTTAP_2023-11-15_SE1,< 0.003,< 0.003,< 0.003,< 0.004,< 0.004,< 0.003
TX1700139_EP001_2025-02-19_SE1,< 0.003,< 0.003,< 0.003,< 0.004,< 0.004,< 0.003
TX1700169_EP001_2023-01-17_SE1,< 0.003,< 0.003,< 0.003,< 0.004,< 0.004,< 0.003
TX1700176_EP001_2025-05-20_SE1,< 0.003,< 0.003,< 0.003,< 0.004,< 0.004,< 0.003
TX1700176_EP002_2025-05-20_SE1,< 0.003,< 0.003,< 0.003,< 0.004,< 0.004,< 0.003
TX1700176_EP003_2025-05-20_SE1,< 0.003,< 0.003,< 0.003,< 0.004,< 0.004,< 0.003
TX1700178_EP001_2025-07-14_SE1,< 0.003,< 0.003,< 0.003,< 0.004,< 0.004,< 0.003
TX1700178_EP002_2025-06-16_SE1,< 0.003,< 0.003,< 0.003,< 0.004,< 0.004,< 0.003
TX1700178_EP003_2025-09-09_SE1,< 0.003,< 0.003,< 0.003,< 0.004,< 0.004,< 0.003
TX1700207_EP001_2024-02-14_SE1,< 0.003,< 0.003,< 0.003,< 0.004,< 0.004,< 0.003
TX1700220_TRTTAP_2023-03-21_SE1,< 0.003,< 0.003,< 0.003,< 0.004,< 0.004,< 0.003
TX1700279_EP001_2024-01-23_SE1,< 0.003,< 0.003,< 0.003,< 0.004,< 0.004,< 0.003
TX1700279_EP002_2024-01-23_SE1,< 0.003,< 0.003,< 0.003,< 0.004,< 0.004,< 0.003
TX1700286_EP001_2025-03-18_SE1,< 0.003,< 0.003,< 0.003,< 0.004,< 0.004,< 0.003
TX1700286_EP002_2025-03-17_SE1,< 0.003,< 0.003,< 0.003,< 0.004,< 0.004,< 0.003
TX1700319_EP001_2024-04-16_SE1,< 0.003,< 0.003,< 0.003,< 0.004,< 0.004,< 0.003
TX1700319_EP002_2024-04-16_SE1,< 0.003,< 0.003,< 0.003,< 0.004,< 0.004,< 0.003
TX1700319_EP003_2024-04-16_SE1,< 0.003,< 0.003,< 0.003,< 0.004,< 0.004,< 0.003
TX1700332_EP001_2025-01-16_SE1,< 0.003,< 0.003,< 0.003,< 0.004,< 0.004,< 0.003
TX1700334_EP001_2024-12-13_SE1,< 0.003,< 0.003,< 0.003,< 0.004,< 0.004,< 0.003
TX1700334_EP002_2024-12-13_SE1,< 0.003,< 0.003,< 0.003,< 0.004,< 0.004,< 0.003
TX1700348_EP001_2025-03-06_SE1,< 0.003,< 0.003,< 0.003,< 0.004,< 0.004,< 0.003
TX1700386_EP001_2024-06-25_SE1,< 0.003,< 0.003,< 0.003,< 0.004,< 0.004,< 0.003
TX1700386_EP002_2024-06-25_SE1,< 0.003,< 0.003,< 0.003,< 0.004,< 0.004,< 0.003
TX1700386_EP003_2024-06-25_SE1,< 0.003,< 0.003,< 0.003,< 0.004,< 0.004,< 0.003
TX1700386_EP004_2024-06-25_SE1,< 0.003,< 0.003,< 0.003,< 0.004,< 0.004,< 0.003
TX1700458_EP1_2023-08-24_SE1,< 0.003,< 0.003,< 0.003,< 0.004,< 0.004,< 0.003
TX1700470_EP001_2023-08-24_SE1,< 0.003,< 0.003,< 0.003,< 0.004,< 0.004,< 0.003
TX1700471_EP001_2025-02-19_SE1,< 0.003,< 0.003,< 0.003,< 0.004,< 0.004,< 0.003
TX1700546_TRTTAP_2023-02-22_SE1,< 0.003,< 0.003,< 0.003,< 0.004,< 0.004,< 0.003
TX1700554_TRTTAP_2023-03-22_SE1,< 0.003,< 0.003,< 0.003,< 0.004,< 0.004,< 0.003
TX1700583_TRTTAP_2024-01-23_SE1,< 0.003,< 0.003,< 0.003,< 0.004,< 0.004,< 0.003
TX1700592_TRTTAP_2023-02-20_SE1,< 0.003,< 0.003,< 0.003,< 0.004,< 0.004,< 0.003
TX1700638_EP010_2025-02-25_SE1,< 0.003,< 0.003,< 0.003,< 0.004,< 0.004,< 0.003
TX1700638_MISDST_2025-02-25_SE1,< 0.003,< 0.003,< 0.003,< 0.004,< 0.004,< 0.003
TX1700638_TP01_2025-05-05_SE1,< 0.003,< 0.003,< 0.003,< 0.004,< 0.004,< 0.003
TX1700638_TP02_2025-02-25_SE1,< 0.003,< 0.003,< 0.003,< 0.004,< 0.004,< 0.003
TX1700638_TP03_2025-02-25_SE1,< 0.003,< 0.003,< 0.003,< 0.004,< 0.004,< 0.003
TX1700638_TP04_2025-02-25_SE1,< 0.003,< 0.003,< 0.003,< 0.004,< 0.004,< 0.003
TX1700638_TP05_2025-02-25_SE1,< 0.003,< 0.003,< 0.003,< 0.004,< 0.004,< 0.003
TX1700638_TP07_2025-02-25_SE1,< 0.003,< 0.003,< 0.003,< 0.004,< 0.004,< 0.003
TX1700638_TP08_2025-02-25_SE1,< 0.003,< 0.003,< 0.003,< 0.004,< 0.004,< 0.003
TX1700648_EP_2025-05-21_SE1,< 0.003,< 0.003,< 0.003,< 0.004,< 0.004,< 0.003
TX1700666_EP001_2024-03-12_SE1,< 0.003,< 0.003,< 0.003,< 0.004,< 0.004,< 0.003
TX1700666_EP002_2024-03-12_SE1,< 0.003,< 0.003,< 0.003,< 0.004,< 0.004,< 0.003
TX1700666_EP003_2024-03-12_SE1,< 0.003,< 0.003,< 0.003,< 0.004,< 0.004,< 0.003
TX1700666_EP006_2024-03-12_SE1,< 0.003,< 0.003,< 0.003,< 0.004,< 0.004,< 0.003
TX1700678_EP001_2024-06-18_SE1,< 0.003,< 0.003,< 0.003,< 0.004,< 0.004,< 0.003
TX1700678_EP002_2024-06-18_SE1,< 0.003,< 0.003,< 0.003,< 0.004,< 0.004,< 0.003
TX1700678_EP003_2024-06-18_SE1,< 0.003,< 0.003,< 0.003,< 0.004,< 0.004,< 0.003
TX1700716_EP001_2025-06-17_SE1,< 0.003,< 0.003,< 0.003,< 0.004,< 0.004,< 0.003
TX1700717_TRTTAP_2023-05-19_SE1,< 0.003,< 0.003,< 0.003,< 0.004,< 0.004,< 0.003
TX1700752_EP001_2025-03-26_SE1,< 0.003,< 0.003,< 0.003,< 0.004,< 0.004,< 0.003
TX1700762_EP001_2024-04-19_SE1,< 0.003,< 0.003,< 0.003,< 0.004,< 0.004,< 0.003
TX1700773_TRTTAP_2023-03-22_SE1,< 0.003,< 0.003,< 0.003,< 0.004,< 0.004,< 0.003
TX1700859_TRTTAP_2024-01-24_SE1,< 0.003,< 0.003,< 0.003,< 0.004,< 0.004,< 0.003
TX1700886_EP002_2025-03-25_SE1,< 0.003,< 0.003,< 0.003,< 0.004,< 0.004,< 0.003
TX1710001_EP001_2024-06-26_SE1,< 0.003,< 0.003,< 0.003,< 0.004,< 0.004,< 0.003
TX1710003_TRTTAP_2023-07-24_SE1,< 0.003,< 0.003,< 0.003,< 0.004,< 0.004,< 0.003
TX1710003_TRTTAP_2023-11-20_SE1,< 0.003,< 0.003,< 0.003,< 0.004,< 0.004,< 0.003
TX1710003_TRTTAP_2024-01-16_SE1,< 0.003,< 0.003,< 0.003,< 0.004,< 0.004,< 0.003
TX1720001_EP001_2024-02-14_SE1,< 0.003,< 0.003,< 0.003,< 0.004,< 0.004,< 0.003
TX1740003_EP001MC_2024-04-29_SE1,< 0.003,< 0.003,< 0.003,< 0.004,< 0.004,< 0.003
TX1740003_EP003MC_2024-04-29_SE1,< 0.003,< 0.003,< 0.003,< 0.004,< 0.004,< 0.003
TX1740005_EP001_2025-06-09_SE1,< 0.003,< 0.003,< 0.003,< 0.004,< 0.004,< 0.003
TX1740005_EP002_2025-08-11_SE1,< 0.003,< 0.003,< 0.003,< 0.004,< 0.004,< 0.003
TX1740005_EP003_2025-06-09_SE1,< 0.003,< 0.003,< 0.003,< 0.004,< 0.004,< 0.003
TX1740005_EP005_2025-06-09_SE1,< 0.003,< 0.003,< 0.003,< 0.004,< 0.004,< 0.003
TX1740005_EP006_2025-06-09_SE1,< 0.003,< 0.003,< 0.003,< 0.004,< 0.004,< 0.003
TX1740005_EP007_2025-08-26_SE1,< 0.003,< 0.003,< 0.003,< 0.004,< 0.004,< 0.003
TX1740005_EP008_2025-06-09_SE1,< 0.003,< 0.003,< 0.003,< 0.004,< 0.004,< 0.003
TX1740005_TRTTAP004_2025-08-26_SE1,< 0.003,< 0.003,< 0.003,< 0.004,< 0.004,< 0.003
TX1740010_EP001_2025-03-17_SE1,< 0.003,< 0.003,< 0.003,< 0.004,< 0.004,< 0.003
TX1740010_EP002_2025-01-22_SE1,< 0.003,< 0.003,< 0.003,< 0.004,< 0.004,< 0.003
TX1740010_EP003_2025-01-22_SE1,< 0.003,< 0.003,< 0.003,< 0.004,< 0.004,< 0.003
TX1740010_EP004_2025-01-22_SE1,< 0.003,< 0.003,< 0.003,< 0.004,< 0.004,< 0.003
TX1740010_EP005_2025-01-22_SE1,< 0.003,< 0.003,< 0.003,< 0.004,< 0.004,< 0.003
TX1750002_EP0001MC_2023-06-05_SE1,< 0.003,< 0.003,< 0.003,< 0.004,< 0.004,< 0.003
TX1750002_EP0002MC_2023-06-05_SE1,< 0.003,0.0048,< 0.003,< 0.004,< 0.004,0.0055
TX1750012_TRTTAP_2023-05-24_SE1,< 0.003,< 0.003,< 0.003,< 0.004,< 0.004,0.0033
TX1750014_EP001_2024-04-16_SE1,< 0.003,< 0.003,< 0.003,< 0.004,< 0.004,< 0.003
TX1750014_EP002_2024-04-16_SE1,< 0.003,< 0.003,< 0.003,< 0.004,< 0.004,< 0.003
TX1750014_EP003_2024-04-16_SE1,< 0.003,< 0.003,< 0.003,< 0.004,< 0.004,< 0.003
TX1750015_TRTTAP_2023-01-18_SE1,< 0.003,< 0.003,< 0.003,< 0.004,< 0.004,< 0.003
TX1750019_EP003_2024-02-26_SE1,0.0050,0.0055,< 0.003,< 0.004,< 0.004,0.0072
TX1750019_TRTTAP_2024-02-26_SE1,< 0.003,< 0.003,< 0.003,< 0.004,< 0.004,< 0.003
TX1750023_EP003_2024-02-20_SE1,< 0.003,0.0033,< 0.003,< 0.004,< 0.004,0.0039
TX1750024_TRTTAP_2024-02-21_SE1,< 0.003,< 0.003,< 0.003,< 0.004,< 0.004,< 0.003
TX1760022_TRTTAP_2024-05-15_SE1,< 0.003,< 0.003,< 0.003,< 0.004,< 0.004,< 0.003
TX1770002_EP001MC_2024-12-18_SE1,< 0.003,< 0.003,< 0.003,< 0.004,< 0.004,< 0.003
TX1780002_TRTTAP_2023-01-18_SE1,< 0.003,< 0.003,< 0.003,< 0.004,< 0.004,< 0.003
TX1780003_EP001MC1_2023-01-18_SE1,< 0.003,< 0.003,< 0.003,< 0.004,< 0.004,< 0.003
TX1780005_EP001_2023-01-30_SE1,< 0.003,< 0.003,< 0.003,< 0.004,< 0.004,< 0.003
TX1780006_EP00001_2023-06-26_SE1,< 0.003,< 0.003,< 0.003,< 0.004,< 0.004,< 0.003
TX1780006_EP00002_2023-06-26_SE1,< 0.003,< 0.003,< 0.003,< 0.004,< 0.004,< 0.003
TX1780017_TRTTAP_2024-02-21_SE1,< 0.003,< 0.003,< 0.003,< 0.004,< 0.004,< 0.003
TX1790001_TRTTAP_2023-12-12_SE1,< 0.003,< 0.003,< 0.003,< 0.004,< 0.004,< 0.003
TX1810001_EP001_2025-03-17_SE1,< 0.003,< 0.003,< 0.003,< 0.004,< 0.004,< 0.003
TX1810001_EP003_2025-03-17_SE1,< 0.003,< 0.003,< 0.003,< 0.004,< 0.004,< 0.003
TX1810001_EP004_2025-03-17_SE1,< 0.003,< 0.003,< 0.003,< 0.004,< 0.004,< 0.003
TX1810004_001_2023-03-08_SE1,< 0.003,< 0.003,< 0.003,< 0.004,< 0.004,< 0.003
TX1810004_002_2023-03-08_SE1,< 0.003,< 0.003,< 0.003,< 0.004,< 0.004,< 0.003
TX1810004_003_2023-03-08_SE1,< 0.003,< 0.003,< 0.003,< 0.004,< 0.004,< 0.003
TX1810005_EP002_2024-03-22_SE1,< 0.003,< 0.003,< 0.003,< 0.004,< 0.004,< 0.003
TX1810005_EP003_2024-03-22_SE1,< 0.003,< 0.003,< 0.003,< 0.004,< 0.004,< 0.003
TX1810005_EP005_2024-03-22_SE1,< 0.003,< 0.003,< 0.003,< 0.004,< 0.004,< 0.003
TX1810006_EP001_2025-02-17_SE1,< 0.003,< 0.003,< 0.003,< 0.004,< 0.004,< 0.003
TX1810006_EP002_2025-09-08_SE1,< 0.003,< 0.003,< 0.003,< 0.004,< 0.004,< 0.003
TX1810006_EP003_2025-02-17_SE1,< 0.003,< 0.003,< 0.003,< 0.004,< 0.004,< 0.003
TX1810144_EP001_2025-03-19_SE1,< 0.003,< 0.003,< 0.003,< 0.004,< 0.004,< 0.003
TX1810144_EP002_2025-03-19_SE1,< 0.003,< 0.003,< 0.003,< 0.004,< 0.004,< 0.003
TX1810144_EP003_2025-03-19_SE1,< 0.003,< 0.003,< 0.003,< 0.004,< 0.004,< 0.003
TX1810144_EP004_2025-03-19_SE1,< 0.003,< 0.003,< 0.003,< 0.004,< 0.004,< 0.003
TX1810144_EP005_2025-03-19_SE1,< 0.003,< 0.003,< 0.003,< 0.004,< 0.004,< 0.003
TX1810186_EP001_2025-02-18_SE1,< 0.003,< 0.003,< 0.003,< 0.004,< 0.004,< 0.003
TX1810186_EP002_2025-02-18_SE1,< 0.003,< 0.003,< 0.003,< 0.004,< 0.004,< 0.003
TX1820001_EP001MC_2024-11-14_SE1,< 0.003,< 0.003,< 0.003,< 0.004,< 0.004,< 0.003
TX1820076_TRTTAP_2024-01-24_SE1,< 0.003,< 0.003,< 0.003,< 0.004,< 0.004,< 0.003
TX1830001_TRTTAP_2024-01-23_SE1,< 0.003,< 0.003,< 0.003,< 0.004,< 0.004,< 0.003
TX1840001_EP1_2023-03-29_SE1,< 0.003,< 0.003,< 0.003,< 0.004,< 0.004,< 0.003
TX1840001_EP2_2023-03-29_SE1,< 0.003,0.0033,< 0.003,< 0.004,< 0.004,0.0036
TX1840001_EP3_2023-03-29_SE1,< 0.003,0.0033,< 0.003,< 0.004,< 0.004,0.0035
TX1840001_EP4_2023-03-29_SE1,< 0.003,< 0.003,< 0.003,< 0.004,< 0.004,< 0.003
TX1840003_EP001_2025-02-19_SE1,< 0.003,< 0.003,< 0.003,< 0.004,< 0.004,< 0.003
TX1840003_EP002_2025-02-19_SE1,< 0.003,< 0.003,< 0.003,< 0.004,< 0.004,< 0.003
TX1840005_EP002MC_2023-06-14_SE1,.0047,.0039,< 0.003,< 0.004,.0054,.0034
TX1840006_EP001_2023-03-15_SE1,< 0.003,< 0.003,< 0.003,< 0.004,< 0.004,< 0.003
TX1840006_EP002_2023-03-15_SE1,< 0.003,< 0.003,0.015,< 0.004,< 0.004,< 0.003
TX1840006_EP004_2023-03-15_SE1,0.0061,< 0.003,< 0.003,< 0.004,< 0.004,< 0.003
TX1840006_EP005_2023-04-05_SE1,0.007,< 0.003,0.0036,< 0.004,< 0.004,< 0.003
TX1840006_EP006_2023-03-15_SE1,< 0.003,< 0.003,< 0.003,< 0.004,< 0.004,< 0.003
TX1840008_EP006MC_2023-02-06_SE1,< 0.003,< 0.003,< 0.003,< 0.004,< 0.004,< 0.003
TX1840027_TRTTAP_2024-05-20_SE1,< 0.003,< 0.003,< 0.003,< 0.004,< 0.004,< 0.003
TX1840079_EP001_2025-05-05_SE1,< 0.003,< 0.003,< 0.003,< 0.004,< 0.004,< 0.003
TX1840079_EP002_2025-02-17_SE1,< 0.003,< 0.003,< 0.003,< 0.004,< 0.004,< 0.003
TX1840111_EP001_2025-01-22_SE1,< 0.003,< 0.003,< 0.003,< 0.004,< 0.004,< 0.003
TX1840111_EP002_2025-01-22_SE1,< 0.003,< 0.003,< 0.003,< 0.004,< 0.004,< 0.003
TX1840111_EP003_2025-01-22_SE1,< 0.003,< 0.003,< 0.003,< 0.004,< 0.004,< 0.003
TX1840111_EP004_2025-01-22_SE1,< 0.003,< 0.003,< 0.003,< 0.004,< 0.004,< 0.003
TX1840111_EP005_2025-01-22_SE1,< 0.003,< 0.003,< 0.003,< 0.004,< 0.004,< 0.003
TX1840111_EP006_2025-01-22_SE1,< 0.003,< 0.003,< 0.003,< 0.004,< 0.004,< 0.003
TX1840111_EP007_2025-01-22_SE1,< 0.003,< 0.003,< 0.003,< 0.004,< 0.004,< 0.003
TX1840111_EP008_2025-01-22_SE1,< 0.003,< 0.003,< 0.003,< 0.004,< 0.004,< 0.003
TX1850003_TRTTAP_2023-07-19_SE1,< 0.003,< 0.003,< 0.003,< 0.004,< 0.004,< 0.003
TX1850003_TRTTAP_2023-10-25_SE1,< 0.003,< 0.003,< 0.003,< 0.004,< 0.004,< 0.003
TX1860001_TRTTAP_2024-01-23_SE1,< 0.003,< 0.003,< 0.003,< 0.004,< 0.004,< 0.003
TX1860026_EP001_2024-04-16_SE1,< 0.003,< 0.003,< 0.003,< 0.004,< 0.004,< 0.003
TX1870002_003_2023-12-27_SE1,.0058,.0121,.0055,.0047,.0062,.0131
TX1870009_TRTTAP_2023-06-12_SE1,< 0.003,< 0.003,< 0.003,< 0.004,< 0.004,< 0.003
TX1870017_EP001_2025-01-20_SE1,< 0.003,< 0.003,< 0.003,< 0.004,< 0.004,< 0.003
TX1870017_EP002_2025-01-20_SE1,< 0.003,< 0.003,< 0.003,< 0.004,< 0.004,< 0.003
TX1870034_EP001_2024-06-19_SE1,< 0.003,< 0.003,< 0.003,< 0.004,< 0.004,< 0.003
TX1870156_EP001_2023-03-14_SE1,< 0.003,< 0.003,< 0.003,< 0.004,< 0.004,< 0.003
TX1870166_EP001_2025-04-08_SE1,< 0.003,0.0044,< 0.003,< 0.004,< 0.004,0.0050
TX1870166_EP002_2024-04-10_SE1,< 0.003,< 0.003,< 0.003,< 0.004,< 0.004,< 0.003
TX1880001_EP001MC1_2023-12-13_SE1,< 0.003,< 0.003,< 0.003,< 0.004,< 0.004,< 0.003
TX1880001_EP002MC2_2023-11-07_SE1,< 0.003,< 0.003,< 0.003,< 0.004,< 0.004,< 0.003
TX1880001_EP004MC3_2023-12-13_SE1,< 0.003,< 0.003,< 0.003,< 0.004,< 0.004,< 0.003
TX1880001_EP005MC4_2023-12-13_SE1,< 0.003,< 0.003,< 0.003,< 0.004,< 0.004,< 0.003
TX1880001_EP006_2023-11-07_SE1,< 0.003,< 0.003,< 0.003,< 0.004,< 0.004,< 0.003
TX1880001_EP007_2023-12-13_SE1,< 0.003,< 0.003,< 0.003,< 0.004,< 0.004,< 0.003
TX1890002_TRTTAP_2023-02-21_SE1,< 0.003,< 0.003,< 0.003,< 0.004,< 0.004,< 0.003
TX1900001_EP001_2024-01-22_SE1,< 0.003,< 0.003,0.0033,< 0.004,< 0.004,< 0.003
TX1910001_EP001_2023-12-13_SE1,< 0.003,< 0.003,< 0.003,< 0.004,< 0.004,< 0.003
TX1910001_EP002_2023-11-07_SE1,< 0.003,< 0.003,< 0.003,< 0.004,< 0.004,< 0.003
TX1910001_EP003_2023-11-07_SE1,< 0.003,< 0.003,< 0.003,< 0.004,< 0.004,< 0.003
TX1910001_EP004_2023-11-07_SE1,< 0.003,< 0.003,< 0.003,< 0.004,< 0.004,< 0.003
TX1940008_EP004_2025-06-17_SE1,< 0.003,< 0.003,< 0.003,< 0.004,< 0.004,< 0.003
TX1940008_EP005_2025-06-17_SE1,< 0.003,< 0.003,< 0.003,< 0.004,< 0.004,< 0.003
TX1940008_EP007_2025-05-19_SE1,< 0.003,< 0.003,< 0.003,< 0.004,< 0.004,< 0.003
TX1940008_EP008_2025-05-19_SE1,< 0.003,< 0.003,< 0.003,< 0.004,< 0.004,< 0.003
TX1950001_EP001_2023-02-27_SE1,< 0.003,< 0.003,< 0.003,< 0.004,< 0.004,< 0.003
TX1950006_EP002_2024-03-19_SE1,< 0.003,< 0.003,< 0.003,< 0.004,< 0.004,< 0.003
TX1950006_EP003_2024-03-19_SE1,< 0.003,< 0.003,< 0.003,< 0.004,< 0.004,< 0.003
TX1950006_EP005_2024-03-19_SE1,< 0.003,< 0.003,< 0.003,< 0.004,< 0.004,< 0.003
TX1980002_001_2025-04-15_SE1,< 0.003,< 0.003,< 0.003,< 0.004,< 0.004,< 0.003
TX1980004_TRTTAP_2024-02-21_SE1,< 0.003,< 0.003,< 0.003,< 0.004,< 0.004,< 0.003
TX1990001_EP001_2024-12-11_SE1,.0044,.0063,< 0.003,< 0.004,< 0.004,.007
TX1990002_EP001_2024-05-21_SE1,.0041,.0056,< 0.003,< 0.004,< 0.004,.0056
TX1990004_TRTTAP_2023-01-18_SE1,< 0.003,0.0032,< 0.003,< 0.004,< 0.004,0.0040
TX1990006_1738707_2023-09-20_SE1,.0043,.0068,< 0.003,< 0.004,< 0.004,.0079
TX1990012_TRTTAP_2023-06-21_SE1,0.0033,0.0042,< 0.003,< 0.004,< 0.004,0.0046
TX1990014_TRTTAP_2023-05-30_SE1,< 0.003,< 0.003,< 0.003,< 0.004,< 0.004,< 0.003
TX2010001_EP001MC_2023-02-21_SE1,< 0.003,< 0.003,< 0.003,< 0.004,< 0.004,< 0.003
TX2010001_EP003MC_2023-02-21_SE1,< 0.003,< 0.003,< 0.003,< 0.004,< 0.004,< 0.003
TX2010001_EP004MC_2023-02-21_SE1,< 0.003,< 0.003,< 0.003,< 0.004,< 0.004,< 0.003
TX2010001_EP005_2023-05-17_SE1,< 0.003,< 0.003,< 0.003,< 0.004,< 0.004,< 0.003
TX2010001_EP006MC_2023-05-17_SE1,< 0.003,< 0.003,< 0.003,< 0.004,< 0.004,< 0.003
TX2010001_EP007MC_2023-02-21_SE1,< 0.003,< 0.003,< 0.003,< 0.004,< 0.004,< 0.003
TX2010001_EP008_2025-03-12_SE1,< 0.003,< 0.003,< 0.003,< 0.004,< 0.004,< 0.003
TX2010001_EP009MC_2023-02-21_SE1,< 0.003,< 0.003,< 0.003,< 0.004,< 0.004,< 0.003
TX2010002_EP_2025-06-23_SE1,< 0.003,< 0.003,< 0.003,< 0.004,< 0.004,< 0.003
TX2010004_EP001_2024-04-24_SE1,< 0.003,< 0.003,< 0.003,< 0.004,< 0.004,< 0.003
TX2010004_EP002_2024-04-24_SE1,< 0.003,< 0.003,< 0.003,< 0.004,< 0.004,< 0.003
TX2010050_TRTTAP_2024-02-13_SE1,< 0.003,< 0.003,< 0.003,< 0.004,< 0.004,< 0.003
TX2010050_TRTTAP_2024-04-22_SE1,< 0.003,< 0.003,< 0.003,< 0.004,< 0.004,< 0.003
TX2020067_TRTTAP_2023-01-18_SE1,< 0.003,< 0.003,< 0.003,< 0.004,< 0.004,< 0.003
TX2020067_TRTTAP_2023-04-04_SE1,< 0.003,< 0.003,< 0.003,< 0.004,< 0.004,< 0.003
TX2040033_TRTTAP_2023-01-18_SE1,< 0.003,< 0.003,< 0.003,< 0.004,< 0.004,< 0.003
TX2050002_TRTTAP_2024-03-25_SE1,< 0.003,< 0.003,< 0.003,< 0.004,< 0.004,< 0.003
TX2050003_TRTTAP_2023-02-22_SE1,< 0.003,< 0.003,< 0.003,< 0.004,< 0.004,< 0.003
TX2050005_EP001_2023-04-03_SE1,< 0.003,0.0040,< 0.003,< 0.004,< 0.004,0.0051
TX2050006_EP001_2025-04-15_SE1,< 0.003,< 0.003,< 0.003,< 0.004,< 0.004,< 0.003
TX2050006_EP002_2025-04-15_SE1,< 0.003,< 0.003,< 0.003,< 0.004,< 0.004,< 0.003
TX2050007_EP001_2025-01-27_SE1,< 0.003,< 0.003,< 0.003,< 0.004,< 0.004,0.0030
TX2050015_EP001_2025-01-27_SE1,< 0.003,0.0032,< 0.003,< 0.004,< 0.004,0.0038
TX2050078_TRTTAP_2023-03-13_SE1,< 0.003,< 0.003,< 0.003,< 0.004,< 0.004,< 0.003
TX2060012_01_2024-05-21_SE1,< 0.003,< 0.003,< 0.003,< 0.004,< 0.004,< 0.003
TX2060012_02_2024-05-21_SE1,< 0.003,< 0.003,< 0.003,< 0.004,< 0.004,< 0.003
TX2080001_TRTTAP_2023-04-24_SE1,< 0.003,< 0.003,< 0.003,< 0.004,< 0.004,< 0.003
TX2100001_TRTTAP_2024-03-19_SE1,< 0.003,< 0.003,< 0.003,< 0.004,< 0.004,< 0.003
TX2100014_EP001_2024-05-21_SE1,< 0.003,< 0.003,< 0.003,< 0.004,< 0.004,< 0.003
TX2100014_EP002_2024-05-21_SE1,< 0.003,< 0.003,< 0.003,< 0.004,< 0.004,< 0.003
TX2100031_EP001_2025-01-15_SE1,< 0.003,< 0.003,< 0.003,< 0.004,< 0.004,< 0.003
TX2120002_TRTAP_2023-01-17_SE1,< 0.003,< 0.003,< 0.003,< 0.004,< 0.004,< 0.003
TX2120002_TRTTAP_2023-01-17_SE1,< 0.003,< 0.003,< 0.003,< 0.004,< 0.004,< 0.003
TX2120002_TRTTAP_2023-02-27_SE1,< 0.003,< 0.003,< 0.003,< 0.004,< 0.004,< 0.003
TX2120002_TRTTAP_2023-03-28_SE1,< 0.003,< 0.003,< 0.003,< 0.004,< 0.004,< 0.003
TX2120004_EP001MC1_2023-01-23_SE1,< 0.003,< 0.003,< 0.003,< 0.004,< 0.004,< 0.003
TX2120004_EP012MC9_2023-01-23_SE1,< 0.003,.0032,< 0.003,< 0.004,< 0.004,.0046
TX2120006_EP001_2023-01-25_SE1,< 0.003,< 0.003,< 0.003,< 0.004,< 0.004,< 0.003
TX2120006_EP002_2023-01-25_SE1,< 0.003,< 0.003,< 0.003,< 0.004,< 0.004,< 0.003
TX2120006_EP004_2023-01-25_SE1,< 0.003,< 0.003,< 0.003,< 0.004,< 0.004,< 0.003
TX2120006_EP005_2023-01-25_SE1,< 0.003,< 0.003,< 0.003,< 0.004,< 0.004,< 0.003
TX2120009_EP003_2025-01-20_SE1,< 0.003,< 0.003,< 0.003,< 0.004,< 0.004,< 0.003
TX2120009_EP004_2025-01-20_SE1,< 0.003,< 0.003,< 0.003,< 0.004,< 0.004,< 0.003
TX2120009_EP005_2025-01-20_SE1,< 0.003,< 0.003,< 0.003,< 0.004,< 0.004,< 0.003
TX2120012_EP001_2024-01-31_SE1,< 0.003,< 0.003,< 0.003,< 0.004,< 0.004,< 0.003
TX2120012_EP002_2024-01-31_SE1,< 0.003,< 0.003,< 0.003,< 0.004,< 0.004,< 0.003
TX2120012_EP003_2024-01-31_SE1,< 0.003,< 0.003,< 0.003,< 0.004,< 0.004,< 0.003
TX2120012_EP004_2024-01-31_SE1,< 0.003,< 0.003,< 0.003,< 0.004,< 0.004,< 0.003
TX2120015_EP003_2025-04-08_SE1,< 0.003,< 0.003,< 0.003,< 0.004,< 0.004,< 0.003
TX2120015_EP004_2025-01-28_SE1,< 0.003,< 0.003,< 0.003,< 0.004,< 0.004,< 0.003
TX2120015_EP005_2025-01-28_SE1,< 0.003,< 0.003,< 0.003,< 0.004,< 0.004,< 0.003
TX2120015_EP006_2025-01-28_SE1,< 0.003,< 0.003,< 0.003,< 0.004,< 0.004,< 0.003
TX2120016_TRTTAP_2024-06-11_SE1,< 0.003,< 0.003,< 0.003,< 0.004,< 0.004,< 0.003
TX2120017_EP002_2024-09-26_SE1,< 0.003,< 0.003,< 0.003,< 0.004,< 0.004,< 0.003
TX2120017_EP003_2024-09-26_SE1,< 0.003,< 0.003,< 0.003,< 0.004,< 0.004,< 0.003
TX2120017_EP004_2024-09-26_SE1,< 0.003,< 0.003,< 0.003,< 0.004,< 0.004,< 0.003
TX2120020_TRTTAP_2023-05-22_SE1,< 0.003,< 0.003,< 0.003,< 0.004,< 0.004,< 0.003
TX2120024_EP001_2025-01-21_SE1,< 0.003,< 0.003,< 0.003,< 0.004,< 0.004,< 0.003
TX2120024_EP002_2025-01-21_SE1,< 0.003,< 0.003,< 0.003,< 0.004,< 0.004,< 0.003
TX2120024_EP006_2025-02-12_SE1,< 0.003,< 0.003,< 0.003,< 0.004,< 0.004,< 0.003
TX2120025_TRTTAP_2024-02-20_SE1,< 0.003,< 0.003,< 0.003,< 0.004,< 0.004,< 0.003
TX2120063_EP001MC_2024-03-26_SE1,< 0.003,< 0.003,< 0.003,< 0.004,< 0.004,< 0.003
TX2120063_EP002MC_2024-03-26_SE1,< 0.003,< 0.003,< 0.003,< 0.004,< 0.004,< 0.003
TX2120063_EP003MC_2024-06-25_SE1,< 0.003,< 0.003,< 0.003,< 0.004,< 0.004,< 0.003
TX2120063_EP004MC_2024-03-28_SE1,< 0.003,< 0.003,< 0.003,< 0.004,< 0.004,< 0.003
TX2120063_EP005_2024-06-25_SE1,< 0.003,< 0.003,< 0.003,< 0.004,< 0.004,< 0.003
TX2120063_EP006MC_2024-03-28_SE1,< 0.003,< 0.003,< 0.003,< 0.004,< 0.004,< 0.003
TX2120063_EP007MC_2024-03-28_SE1,< 0.003,< 0.003,< 0.003,< 0.004,< 0.004,< 0.003
TX2120063_EP008MC_2024-03-27_SE1,< 0.003,< 0.003,< 0.003,< 0.004,< 0.004,< 0.003
TX2120063_EP009MC_2024-03-27_SE1,< 0.003,< 0.003,< 0.003,< 0.004,< 0.004,< 0.003
TX2120063_EP010MC_2024-03-27_SE1,< 0.003,< 0.003,< 0.003,< 0.004,< 0.004,< 0.003
TX2120063_EP011MC_2024-03-27_SE1,< 0.003,< 0.003,< 0.003,< 0.004,< 0.004,< 0.003
TX2120063_EP012MC_2024-09-23_SE1,< 0.003,< 0.003,< 0.003,< 0.004,< 0.004,< 0.003
TX2120063_EP013MC_2024-03-27_SE1,< 0.003,< 0.003,< 0.003,< 0.004,< 0.004,< 0.003
TX2120063_EP014MC_2024-03-26_SE1,< 0.003,< 0.003,< 0.003,< 0.004,< 0.004,< 0.003
TX2120063_EP015MC_2024-03-26_SE1,< 0.003,< 0.003,< 0.003,< 0.004,< 0.004,< 0.003
TX2120063_EP016MC_2024-03-28_SE1,< 0.003,< 0.003,< 0.003,< 0.004,< 0.004,< 0.003
TX2120063_EP017MC_2024-03-28_SE1,< 0.003,< 0.003,< 0.003,< 0.004,< 0.004,< 0.003
TX2120063_EP018MC_2024-03-28_SE1,< 0.003,< 0.003,< 0.003,< 0.004,< 0.004,< 0.003
TX2120063_EP019MC_2024-03-28_SE1,< 0.003,< 0.003,< 0.003,< 0.004,< 0.004,< 0.003
TX2120063_EP020MC_2024-03-27_SE1,< 0.003,< 0.003,< 0.003,< 0.004,< 0.004,< 0.003
TX2120063_EP021MC_2024-03-27_SE1,< 0.003,< 0.003,< 0.003,< 0.004,< 0.004,< 0.003
TX2120063_EP022MC_2024-03-27_SE1,< 0.003,< 0.003,< 0.003,< 0.004,< 0.004,< 0.003
TX2120063_EP023MC_2024-03-26_SE1,< 0.003,< 0.003,< 0.003,< 0.004,< 0.004,< 0.003
TX2120063_EP024MC_2024-03-26_SE1,< 0.003,< 0.003,< 0.003,< 0.004,< 0.004,< 0.003
TX2120063_EP025_2024-03-27_SE1,< 0.003,< 0.003,< 0.003,< 0.004,< 0.004,< 0.003
TX2120063_EP026MC_2024-03-28_SE1,< 0.003,< 0.003,< 0.003,< 0.004,< 0.004,< 0.003
TX2120063_EPCC_2024-03-26_SE1,< 0.003,< 0.003,< 0.003,< 0.004,< 0.004,< 0.003
TX2120105_EP001_2025-06-18_SE1,< 0.003,< 0.003,< 0.003,< 0.004,< 0.004,< 0.003
TX2140003_PE1_2023-02-27_SE1,< 0.003,< 0.003,< 0.003,< 0.004,< 0.004,< 0.003
TX2140004_TRTTAP_2024-03-19_SE1,< 0.003,< 0.003,< 0.003,< 0.004,< 0.004,< 0.003
TX2140007_EP001_2023-07-25_SE1,< 0.003,< 0.003,< 0.003,< 0.004,< 0.004,< 0.003
TX2140016_TRTTAP_2023-01-23_SE1,< 0.003,< 0.003,< 0.003,< 0.004,< 0.004,< 0.003
TX2140018_PLANT2_2024-01-24_SE1,< 0.003,< 0.003,< 0.003,< 0.004,< 0.004,< 0.003
TX2140028_EP001_2025-02-24_SE1,< 0.003,< 0.003,< 0.003,< 0.004,< 0.004,< 0.003
TX2150001_EP001_2025-01-21_SE1,< 0.003,< 0.003,< 0.003,< 0.004,< 0.004,< 0.003
TX2190003_TRTTAP_2024-01-22_SE1,< 0.003,< 0.003,< 0.003,< 0.004,< 0.004,< 0.003
TX2190003_TRTTAP_2024-05-01_SE1,< 0.003,< 0.003,< 0.003,< 0.004,< 0.004,< 0.003
TX2200001_EP001MC1_2023-06-21_SE1,.0059,.0044,< 0.003,< 0.004,.0042,.0038
TX2200001_EP002MC2_2023-06-21_SE1,< 0.003,.0036,< 0.003,< 0.004,< 0.004,.0034
TX2200002_EP001MC_2024-12-17_SE1,< 0.003,< 0.003,< 0.003,< 0.004,< 0.004,0.0030
TX2200003_TRTTAP_2024-06-24_SE1,< 0.003,< 0.003,< 0.003,< 0.004,< 0.004,< 0.003
TX2200010_TRTTAP_2023-03-14_SE1,< 0.003,< 0.003,< 0.003,< 0.004,< 0.004,< 0.003
TX2200011_EP001_2023-03-15_SE1,< 0.003,.0031,< 0.003,< 0.004,< 0.004,< 0.003
TX2200012_EP001MC1_2023-04-10_SE1,0.0049,0.010,0.0249,0.0079,0.0073,0.0060
TX2200012_EP003MC2_2023-01-23_SE1,0.0035,0.0066,0.0129,0.0042,0.0040,0.0043
TX2200012_EP004MC3_2023-01-23_SE1,< 0.003,< 0.003,< 0.003,< 0.004,< 0.004,0.0033
TX2200012_EP005MC4_2023-01-23_SE1,< 0.003,< 0.003,< 0.003,< 0.004,< 0.004,< 0.003
TX2200012_EP006MC5_2023-01-23_SE1,< 0.003,< 0.003,< 0.003,< 0.004,< 0.004,0.0032
TX2200013_EP001MC_2023-02-07_SE1,< 0.003,.0115,< 0.003,< 0.004,< 0.004,.0101
TX2200013_TRAEAST_2023-02-07_SE1,.0041,.0037,< 0.003,< 0.004,< 0.004,.0033
TX2200014_EP001_2023-06-26_SE1,< 0.003,.0034,< 0.003,< 0.004,< 0.004,< 0.003
TX2200014_EP002_2023-06-26_SE1,.0039,.007,.0155,.0051,.0077,.004
TX2200017_TRTTAP_2023-01-25_SE1,< 0.003,< 0.003,< 0.003,< 0.004,< 0.004,< 0.003
TX2200018_EP001MC_2024-03-13_SE1,< 0.003,< 0.003,< 0.003,< 0.004,< 0.004,< 0.003
TX2200022_TRTTAP_2023-03-15_SE1,< 0.003,< 0.003,< 0.003,< 0.004,< 0.004,< 0.003
TX2200023_EP001_2023-02-22_SE1,< 0.003,< 0.003,< 0.003,< 0.004,< 0.004,< 0.003
TX2200029_EP001MC_2024-06-17_SE1,< 0.003,< 0.003,< 0.003,< 0.004,< 0.004,< 0.003
TX2200029_EP005MC_2024-06-17_SE1,< 0.003,< 0.003,< 0.003,< 0.004,< 0.004,< 0.003
TX2200029_EP007MC_2024-06-17_SE1,< 0.003,< 0.003,< 0.003,< 0.004,< 0.004,< 0.003
TX2200029_EP009MC_2024-06-17_SE1,< 0.003,< 0.003,< 0.003,< 0.004,< 0.004,< 0.003
TX2200029_EP010MC_2024-06-17_SE1,< 0.003,< 0.003,< 0.003,< 0.004,< 0.004,< 0.003
TX2200029_EP011MC_2024-06-17_SE1,< 0.003,< 0.003,< 0.003,< 0.004,< 0.004,< 0.003
TX2200029_EP012MC_2024-06-17_SE1,< 0.003,< 0.003,< 0.003,< 0.004,< 0.004,< 0.003
TX2200029_EP013MC_2024-06-17_SE1,< 0.003,< 0.003,< 0.003,< 0.004,< 0.004,< 0.003
TX2200029_EP014MC_2024-06-17_SE1,< 0.003,< 0.003,< 0.003,< 0.004,< 0.004,< 0.003
TX2200031_EP001MC_2023-01-24_SE1,.0038,.0031,< 0.003,< 0.004,< 0.004,.003
TX2200031_EP003MC_2023-10-18_SE1,< 0.003,< 0.003,< 0.003,< 0.004,< 0.004,< 0.003
TX2200031_EP005MC_2023-04-24_SE1,< 0.003,< 0.003,< 0.003,< 0.004,< 0.004,< 0.003
TX2200034_EP01_2025-04-21_SE1,< 0.003,< 0.003,< 0.003,< 0.004,< 0.004,< 0.003
TX2200043_EP001_2024-08-19_SE1,.0042,.003,< 0.003,< 0.004,< 0.004,.0033
TX2200044_TRTTAP_2024-02-20_SE1,< 0.003,< 0.003,< 0.003,< 0.004,< 0.004,< 0.003
TX2200054_EP001MC_2023-05-09_SE1,< 0.003,< 0.003,< 0.003,< 0.004,< 0.004,0.0031
TX2200054_EP005MC_2023-05-09_SE1,< 0.003,0.0031,< 0.003,< 0.004,< 0.004,0.0032
TX2200054_EP006MC_2023-05-09_SE1,< 0.003,0.0032,< 0.003,< 0.004,< 0.004,0.0032
TX2200054_EP007MC_2023-05-09_SE1,< 0.003,< 0.003,< 0.003,< 0.004,< 0.004,0.0033
TX2200060_EP4_2023-02-06_SE1,< 0.003,< 0.003,< 0.003,< 0.004,< 0.004,< 0.003
TX2200060_TRTTAP001_2023-02-06_SE1,0.0031,0.0048,0.0110,< 0.004,< 0.004,0.0036
TX2200060_TRTTAP003_2023-02-06_SE1,< 0.003,< 0.003,< 0.003,< 0.004,< 0.004,< 0.003
TX2200060_TRTTAP005_2023-02-06_SE1,< 0.003,< 0.003,< 0.003,< 0.004,< 0.004,< 0.003
TX2200063_EP001_2024-01-24_SE1,0.0032,0.0055,0.0095,0.0042,< 0.004,0.0047
TX2200063_EP002_2024-01-24_SE1,0.0043,0.0043,< 0.003,< 0.004,< 0.004,0.0049
TX2200071_TRTTAP_2024-03-19_SE1,< 0.003,< 0.003,< 0.003,< 0.004,< 0.004,< 0.003
TX2200075_PS1_2023-11-20_SE1,.0037,.0057,.0107,< 0.004,.0041,.0053
TX2200081_EP001MC_2024-06-20_SE1,.003,.005,.0091,< 0.004,.0049,.0038
TX2200081_EP005MC_2024-06-20_SE1,< 0.003,< 0.003,< 0.003,< 0.004,< 0.004,< 0.003
TX2200081_EP008MC_2024-06-20_SE1,< 0.003,< 0.003,< 0.003,< 0.004,< 0.004,< 0.003
TX2200081_EP010MC_2024-06-20_SE1,.003,.005,.0083,< 0.004,.0047,.0035
TX2200096_EP001_2024-07-15_SE1,.0033,.0034,.0056,< 0.004,.0041,< 0.003
TX2200328_EP001_2023-09-25_SE1,.0034,.0035,< 0.003,< 0.004,< 0.004,.0042
TX2200328_EP002_2023-09-25_SE1,.0041,.0039,< 0.003,< 0.004,< 0.004,.0041
TX2200332_EP001_2025-02-18_SE1,0.0030,0.0045,0.0093,< 0.004,< 0.004,0.0035
TX2210001_EP002MC2_2023-09-13_SE1,.0074,.0217,.0279,.0075,.03,.0177
TX2210001_EP003MC3_2023-09-13_SE1,.0062,.0176,.0229,.0061,.0238,.014
TX2210001_EP004MC4_2023-09-13_SE1,.0074,.0031,.009,< 0.004,< 0.004,< 0.003
TX2210008_EP001_2025-01-22_SE1,0.0055,0.0157,0.0199,0.0067,0.0199,0.0136
TX2210011_EP1_2023-04-18_SE1,< 0.003,< 0.003,< 0.003,< 0.004,< 0.004,< 0.003
TX2210013_EP001_2025-01-22_SE1,0.0059,0.0150,0.0189,0.0062,0.0182,0.0134
TX2210013_EP002_2025-01-22_SE1,0.0061,0.0150,0.0190,0.0061,0.0193,0.0133
TX2210022_EP001_2024-02-20_SE1,0.0054,< 0.003,0.0047,< 0.004,< 0.004,< 0.003
TX2210022_EP002_2024-02-20_SE1,0.0054,< 0.003,0.0050,< 0.004,< 0.004,< 0.003
TX2230001_TRTTAP_2024-04-17_SE1,< 0.003,< 0.003,< 0.003,< 0.004,< 0.004,< 0.003
TX2250001_EP001MC_2024-02-21_SE1,< 0.003,< 0.003,< 0.003,< 0.004,< 0.004,< 0.003
TX2250004_EP001_2023-07-17_SE1,< 0.003,< 0.003,< 0.003,< 0.004,< 0.004,< 0.003
TX2260001_EP001MC_2023-04-19_SE1,.0071,< 0.003,.0097,< 0.004,< 0.004,< 0.003
TX2260008_TRTTAP_2023-01-25_SE1,< 0.003,< 0.003,< 0.003,< 0.004,< 0.004,< 0.003
TX2260027_TRTTAP_2023-03-15_SE1,0.004,< 0.003,0.007,< 0.004,< 0.004,< 0.003
TX2270001_EP002_2023-10-02_SE1,< 0.003,< 0.003,< 0.003,< 0.004,< 0.004,< 0.003
TX2270001_EP003_2023-10-02_SE1,< 0.003,< 0.003,< 0.003,< 0.004,< 0.004,< 0.003
TX2270001_EP004_2023-10-02_SE1,< 0.003,< 0.003,< 0.003,< 0.004,< 0.004,< 0.003
TX2270002_BELLFARMS_2023-05-08_SE1,< 0.003,< 0.003,< 0.003,< 0.004,< 0.004,< 0.003
TX2270002_CARRIAEG_2023-05-08_SE1,< 0.003,< 0.003,< 0.003,< 0.004,< 0.004,< 0.003
TX2270002_STONEWATER_2023-05-08_SE1,< 0.003,< 0.003,< 0.003,< 0.004,< 0.004,< 0.003
TX2270002_TRTTAP_2023-05-08_SE1,< 0.003,< 0.003,< 0.003,< 0.004,< 0.004,< 0.003
TX2270008_TRTTAP_2024-02-21_SE1,< 0.003,< 0.003,< 0.003,< 0.004,< 0.004,< 0.003
TX2270011_EP001_2025-06-16_SE1,< 0.003,< 0.003,< 0.003,< 0.004,< 0.004,< 0.003
TX2270012_EP002_2023-01-30_SE1,< 0.003,< 0.003,< 0.003,< 0.004,< 0.004,< 0.003
TX2270014_EP003_2025-05-12_SE1,.0095,.0083,.0065,.0061,.0135,.0115
TX2270014_EP004_2025-03-17_SE1,.0097,.0084,.0062,.0063,.0126,.0118
TX2270014_EP007_2025-03-17_SE1,.0037,.0032,.0038,< 0.004,.0055,.0033
TX2270027_EP001MC_2023-01-25_SE1,< 0.003,< 0.003,< 0.003,< 0.004,< 0.004,.0032
TX2270027_EP002MC_2023-01-25_SE1,< 0.003,< 0.003,< 0.003,< 0.004,< 0.004,< 0.003
TX2270033_EP0008MWSC_2023-02-22_SE1,.0044,.0039,.0036,< 0.004,.0041,.0068
TX2270033_EP0009_2023-02-22_SE1,< 0.003,< 0.003,< 0.003,< 0.004,< 0.004,< 0.003
TX2270033_EP001MWSC_2023-02-22_SE1,.01,.0087,.007,.0059,.0124,.0091
TX2270033_EP002MWSC_2023-02-28_SE1,< 0.003,< 0.003,< 0.003,< 0.004,< 0.004,< 0.003
TX2270033_EP003MWSC_2023-02-22_SE1,< 0.003,< 0.003,< 0.003,< 0.004,< 0.004,< 0.003
TX2270033_EP004MC_2023-02-22_SE1,.0047,< 0.003,.0045,< 0.004,.004,< 0.003
TX2270033_EP005_2023-02-22_SE1,< 0.003,< 0.003,< 0.003,< 0.004,< 0.004,< 0.003
TX2270033_EP006MWSC_2023-02-22_SE1,< 0.003,< 0.003,< 0.003,< 0.004,< 0.004,< 0.003
TX2270033_EP007MWSC_2023-02-22_SE1,.0051,.0034,.0039,< 0.004,.0054,.0035
TX2270054_EP001_2025-03-19_SE1,< 0.003,< 0.003,< 0.003,< 0.004,< 0.004,< 0.003
TX2270054_EP002_2025-03-19_SE1,< 0.003,< 0.003,< 0.003,< 0.004,< 0.004,< 0.003
TX2270054_EP003_2025-03-19_SE1,< 0.003,< 0.003,< 0.003,< 0.004,< 0.004,< 0.003
TX2270054_EP004_2025-03-19_SE1,< 0.003,< 0.003,< 0.003,< 0.004,< 0.004,< 0.003
TX2270083_EP001_2025-07-09_SE1,< 0.003,< 0.003,< 0.003,< 0.004,< 0.004,0.0031
TX2270092_TRTTAP_2024-03-19_SE1,< 0.003,< 0.003,< 0.003,< 0.004,< 0.004,< 0.003
TX2270161_EP001MC1_2025-01-07_SE1,.0065,< 0.003,.005,< 0.004,< 0.004,.0034
TX2270161_EP003MC3_2025-05-19_SE1,.0081,.0039,.0061,< 0.004,.007,.0059
TX2270161_EP005_2024-10-03_SE1,.0088,.0033,.0064,< 0.004,.0072,.0041
TX2270161_EP006MC4_2025-05-19_SE1,.0041,< 0.003,.004,< 0.004,< 0.004,.0032
TX2270161_EP008MC6_2024-09-26_SE1,< 0.003,< 0.003,< 0.003,< 0.004,< 0.004,< 0.003
TX2270182_EP001_2025-07-08_SE1,0.0031,< 0.003,0.004,< 0.004,0.0055,0.0034
TX2270196_EP001_2024-02-20_SE1,0.0046,< 0.003,< 0.003,< 0.004,< 0.004,< 0.003
TX2270226_EP1_2023-08-22_SE1,< 0.003,< 0.003,< 0.003,< 0.004,< 0.004,< 0.003
TX2270227_EP001_2024-06-28_SE1,< 0.003,< 0.003,< 0.003,< 0.004,< 0.004,< 0.003
TX2270235_EP001MC_2023-08-10_SE1,< 0.003,< 0.003,< 0.003,< 0.004,< 0.004,< 0.003
TX2270255_EP003_2025-06-23_SE1,< 0.003,< 0.003,< 0.003,< 0.004,< 0.004,< 0.003
TX2270255_EP004_2025-06-23_SE1,0.0037,< 0.003,0.0042,< 0.004,< 0.004,< 0.003
TX2270264_EP002_2024-04-19_SE1,< 0.003,< 0.003,< 0.003,< 0.004,< 0.004,< 0.003
TX2270403_EP001_2025-07-08_SE1,< 0.003,< 0.003,< 0.003,< 0.004,< 0.004,< 0.003
TX2270403_EP002_2025-07-08_SE1,< 0.003,< 0.003,< 0.003,< 0.004,< 0.004,< 0.003
TX2290001_EP002_2024-05-22_SE1,< 0.003,< 0.003,< 0.003,< 0.004,< 0.004,< 0.003
TX2290001_EP003_2024-05-22_SE1,< 0.003,< 0.003,< 0.003,< 0.004,< 0.004,< 0.003
TX2290001_EP004_2024-05-22_SE1,< 0.003,< 0.003,< 0.003,< 0.004,< 0.004,< 0.003
TX2290001_EP005_2024-05-22_SE1,< 0.003,< 0.003,< 0.003,< 0.004,< 0.004,< 0.003
TX2290037_TRTTAP_2024-02-19_SE1,< 0.003,< 0.003,< 0.003,< 0.004,< 0.004,< 0.003
TX2300002_TRTTAP_2023-02-06_SE1,< 0.003,< 0.003,< 0.003,< 0.004,< 0.004,< 0.003
TX2300006_EP001_2025-10-15_SE1,< 0.003,< 0.003,< 0.003,< 0.004,< 0.004,< 0.003
TX2300006_EP004_2025-10-01_SE1,< 0.003,< 0.003,< 0.003,< 0.004,< 0.004,< 0.003
TX2300006_EP007_2025-04-09_SE1,< 0.003,< 0.003,< 0.003,< 0.004,< 0.004,< 0.003
TX2300006_EP008_2025-10-15_SE1,< 0.003,< 0.003,< 0.003,< 0.004,< 0.004,< 0.003
TX2300012_TRTTAP_2024-02-21_SE1,< 0.003,< 0.003,< 0.003,< 0.004,< 0.004,< 0.003
TX2300012_TRTTAP_2024-05-07_SE1,< 0.003,< 0.003,< 0.003,< 0.004,< 0.004,< 0.003
TX2320002_EP001MC_2024-03-14_SE1,< 0.003,< 0.003,< 0.003,< 0.004,< 0.004,< 0.003
TX2320002_EP002MC_2024-03-14_SE1,< 0.003,< 0.003,< 0.003,< 0.004,< 0.004,< 0.003
TX2320002_EP003MC_2024-03-14_SE1,< 0.003,< 0.003,< 0.003,< 0.004,< 0.004,< 0.003
TX2320002_EP004MC_2024-09-16_SE1,< 0.003,< 0.003,< 0.003,< 0.004,< 0.004,< 0.003
TX2320002_EP006MC_2024-03-14_SE1,< 0.003,< 0.003,< 0.003,< 0.004,< 0.004,< 0.003
TX2320002_EP007MC_2024-03-14_SE1,< 0.003,< 0.003,< 0.003,< 0.004,< 0.004,< 0.003
TX2320002_EP009MC_2024-03-14_SE1,< 0.003,< 0.003,< 0.003,< 0.004,< 0.004,< 0.003
TX2320002_EP011MC_2024-03-14_SE1,< 0.003,< 0.003,< 0.003,< 0.004,< 0.004,< 0.003
TX2320004_TP1_2024-04-23_SE1,< 0.003,< 0.003,< 0.003,< 0.004,< 0.004,< 0.003
TX2330001_EP005MC_2024-10-07_SE1,< 0.003,< 0.003,< 0.003,< 0.004,< 0.004,< 0.003
TX2330006_EP001_2025-01-22_SE1,< 0.003,< 0.003,< 0.003,< 0.004,< 0.004,< 0.003
TX2340001_TRTTAP_2023-01-24_SE1,< 0.003,< 0.003,< 0.003,< 0.004,< 0.004,< 0.003
TX2340001_TRTTAP_2023-03-27_SE1,< 0.003,< 0.003,< 0.003,< 0.004,< 0.004,< 0.003
TX2340004_EP001_2024-06-18_SE1,< 0.003,< 0.003,< 0.003,< 0.004,< 0.004,< 0.003
TX2340005_TRTTAP_2023-02-28_SE1,< 0.003,< 0.003,< 0.003,< 0.004,< 0.004,< 0.003
TX2340010_TRTTAP_2024-03-19_SE1,< 0.003,< 0.003,< 0.003,< 0.004,< 0.004,< 0.003
TX2340012_TRTTAP_2024-02-20_SE1,< 0.003,< 0.003,< 0.003,< 0.004,< 0.004,< 0.003
TX2340019_TRTTAP_2024-03-18_SE1,< 0.003,< 0.003,0.0030,< 0.004,< 0.004,0.0036
TX2350002_EP005_2024-03-25_SE1,< 0.003,< 0.003,< 0.003,< 0.004,< 0.004,< 0.003
TX2350060_EP001_2025-04-14_SE1,< 0.003,< 0.003,< 0.003,< 0.004,< 0.004,< 0.003
TX2360001_EP001_2023-05-16_SE1,< 0.003,< 0.003,< 0.003,< 0.004,< 0.004,< 0.003
TX2360001_EP001MC_2023-05-16_SE1,.0039,.0084,.0055,< 0.004,.0067,.0068
TX2360001_EP002MC_2023-05-16_SE1,< 0.003,< 0.003,< 0.003,< 0.004,< 0.004,< 0.003
TX2360001_EP004MC_2023-05-16_SE1,< 0.003,< 0.003,< 0.003,< 0.004,< 0.004,< 0.003
TX2360010_EP001_2025-05-20_SE1,< 0.003,< 0.003,< 0.003,< 0.004,< 0.004,< 0.003
TX2360010_EP002_2025-05-20_SE1,0.0033,< 0.003,< 0.003,< 0.004,< 0.004,0.0066
TX2360010_EP003_2025-05-20_SE1,< 0.003,< 0.003,< 0.003,< 0.004,< 0.004,< 0.003
TX2370001_EP001_2025-01-28_SE1,< 0.003,< 0.003,< 0.003,< 0.004,< 0.004,< 0.003
TX2370001_EP002_2025-01-28_SE1,< 0.003,< 0.003,< 0.003,< 0.004,< 0.004,< 0.003
TX2370002_TRTTAP_2023-04-19_SE1,< 0.003,< 0.003,< 0.003,< 0.004,< 0.004,< 0.003
TX2370003_EP002_2025-01-29_SE1,< 0.003,< 0.003,< 0.003,< 0.004,< 0.004,< 0.003
TX2370003_EP003_2025-01-29_SE1,< 0.003,< 0.003,< 0.003,< 0.004,< 0.004,< 0.003
TX2370003_EP004_2025-01-29_SE1,< 0.003,< 0.003,< 0.003,< 0.004,< 0.004,< 0.003
TX2370004_EP001_2025-03-20_SE1,< 0.003,< 0.003,< 0.003,< 0.004,< 0.004,< 0.003
TX2370004_EP002_2025-03-20_SE1,< 0.003,< 0.003,< 0.003,< 0.004,< 0.004,< 0.003
TX2370005_EP001_2025-02-19_SE1,< 0.003,< 0.003,< 0.003,< 0.004,< 0.004,< 0.003
TX2370005_EP002_2025-02-19_SE1,< 0.003,< 0.003,< 0.003,< 0.004,< 0.004,< 0.003
TX2370063_EP001_2025-04-29_SE1,< 0.003,< 0.003,< 0.003,< 0.004,< 0.004,< 0.003
TX2370063_EP002_2025-04-29_SE1,< 0.003,< 0.003,< 0.003,< 0.004,< 0.004,< 0.003
TX2380001_TRTTAP_2025-06-23_SE1,< 0.003,< 0.003,< 0.003,< 0.004,< 0.004,< 0.003
TX2390001_EP001_2023-02-13_SE1,< 0.003,< 0.003,< 0.003,< 0.004,< 0.004,< 0.003
TX2390002_EP001_2023-03-14_SE1,< 0.003,< 0.003,< 0.003,< 0.004,< 0.004,< 0.003
TX2400001_EP001MC1_2023-06-07_SE1,< 0.003,< 0.003,< 0.003,< 0.004,< 0.004,< 0.003
TX2400001_EP006_2023-06-07_SE1,< 0.003,< 0.003,< 0.003,< 0.004,< 0.004,< 0.003
TX2400022_TRTTAP_2024-04-23_SE1,< 0.003,< 0.003,< 0.003,< 0.004,< 0.004,< 0.003
TX2410002_EP001MC_2025-01-23_SE1,< 0.003,< 0.003,< 0.003,< 0.004,< 0.004,< 0.003
TX2410002_EP002MC_2025-01-23_SE1,< 0.003,< 0.003,< 0.003,< 0.004,< 0.004,< 0.003
TX2410002_EP003MC_2025-01-23_SE1,< 0.003,< 0.003,< 0.003,< 0.004,< 0.004,< 0.003
TX2410002_EP004MC_2025-01-23_SE1,< 0.003,< 0.003,< 0.003,< 0.004,< 0.004,< 0.003
TX2410005_TRTTAP_2024-06-18_SE1,< 0.003,< 0.003,< 0.003,< 0.004,< 0.004,< 0.003
TX2410005_TRTTAP_2024-12-18_SE1,< 0.003,< 0.003,< 0.003,< 0.004,< 0.004,< 0.003
TX2430001_EP001_2023-03-06_SE1,< 0.003,< 0.003,< 0.003,< 0.004,< 0.004,0.0049
TX2430001_EP002_2023-03-06_SE1,< 0.003,< 0.003,< 0.003,< 0.004,< 0.004,0.0049
TX2430003_EP001_2025-02-24_SE1,< 0.003,< 0.003,< 0.003,< 0.004,< 0.004,0.0043
TX2430005_EP001_2024-05-08_SE1,< 0.003,< 0.003,< 0.003,< 0.004,< 0.004,< 0.003
TX2430005_EP002MC_2024-05-08_SE1,< 0.003,< 0.003,< 0.003,< 0.004,< 0.004,< 0.003
TX2430006_EP001_2025-06-16_SE1,< 0.003,< 0.003,< 0.003,< 0.004,< 0.004,< 0.003
TX2430006_EP002_2025-06-16_SE1,< 0.003,< 0.003,< 0.003,< 0.004,< 0.004,< 0.003
TX2430006_EP005_2025-06-16_SE1,< 0.003,< 0.003,< 0.003,< 0.004,< 0.004,0.0048
TX2430007_EP001_2023-03-14_SE1,< 0.003,< 0.003,< 0.003,< 0.004,< 0.004,0.0036
TX2440001_EP001MC_2023-04-04_SE1,< 0.003,< 0.003,< 0.003,< 0.004,< 0.004,< 0.003
TX2450001_EPOO1_2023-08-22_SE1,< 0.003,< 0.003,< 0.003,< 0.004,< 0.004,< 0.003
TX2450006_EP001_2024-01-24_SE1,< 0.003,< 0.003,< 0.003,< 0.004,< 0.004,< 0.003
TX2450006_EP002_2024-01-24_SE1,< 0.003,< 0.003,< 0.003,< 0.004,< 0.004,0.0032
TX2450006_EP003_2024-01-24_SE1,< 0.003,< 0.003,< 0.003,< 0.004,< 0.004,0.0030
TX2460001_005_2023-06-14_SE1,.0065,< 0.003,< 0.003,< 0.004,< 0.004,< 0.003
TX2460001_008_2023-06-14_SE1,.0044,.0031,.0037,< 0.004,< 0.004,.0046
TX2460001_010_2023-06-14_SE1,.0045,.0036,.0047,< 0.004,< 0.004,.0048
TX2460001_EP001MC1_2023-06-14_SE1,.0037,.0033,.0043,< 0.004,< 0.004,.0043
TX2460001_EP002MC2_2023-06-14_SE1,.0096,.0034,.0036,< 0.004,.0046,.005
TX2460001_EP004MC4_2024-03-14_SE1,.0068,< 0.003,< 0.003,< 0.004,< 0.004,.0046
TX2460003_EP001MC1_2024-10-23_SE1,< 0.003,< 0.003,< 0.003,< 0.004,< 0.004,< 0.003
TX2460003_EP002MC2_2024-10-23_SE1,0.0049,0.0037,< 0.003,< 0.004,< 0.004,0.0067
TX2460003_TRTTAP_2024-10-23_SE1,< 0.003,< 0.003,< 0.003,< 0.004,< 0.004,< 0.003
TX2460004_EP001_2023-10-26_SE1,.0094,.0089,< 0.003,.005,< 0.004,.0188
TX2460006_01_2024-04-22_SE1,< 0.003,< 0.003,< 0.003,< 0.004,< 0.004,< 0.003
TX2460007_EP001_2023-10-10_SE1,< 0.003,< 0.003,< 0.003,< 0.004,< 0.004,< 0.003
TX2460007_EP002_2024-03-20_SE1,< 0.003,< 0.003,< 0.003,< 0.004,< 0.004,< 0.003
TX2460009_EP001MC_2024-05-13_SE1,< 0.003,< 0.003,< 0.003,< 0.004,< 0.004,< 0.003
TX2460009_EP003MC_2024-05-13_SE1,< 0.003,< 0.003,< 0.003,< 0.004,< 0.004,< 0.003
TX2460011_EP001_2025-02-19_SE1,< 0.003,< 0.003,< 0.003,< 0.004,< 0.004,< 0.003
TX2460011_EP002_2025-02-19_SE1,< 0.003,< 0.003,< 0.003,< 0.004,< 0.004,< 0.003
TX2460011_EP004_2025-02-19_SE1,< 0.003,< 0.003,< 0.003,< 0.004,< 0.004,< 0.003
TX2460011_EP005_2025-02-19_SE1,< 0.003,< 0.003,< 0.003,< 0.004,< 0.004,< 0.003
TX2460011_EP006_2025-02-19_SE1,< 0.003,< 0.003,< 0.003,< 0.004,< 0.004,< 0.003
TX2460011_EP007_2025-02-19_SE1,0.0036,< 0.003,< 0.003,< 0.004,< 0.004,0.0067
TX2460012_EP004_2024-05-13_SE1,< 0.003,< 0.003,< 0.003,< 0.004,< 0.004,< 0.003
TX2460012_MR003_2024-05-13_SE1,< 0.003,< 0.003,< 0.003,< 0.004,< 0.004,< 0.003
TX2460022_EP001_2023-05-10_SE1,.0066,.006,< 0.003,< 0.004,< 0.004,.0124
TX2460022_EP005_2023-05-10_SE1,< 0.003,< 0.003,< 0.003,< 0.004,< 0.004,< 0.003
TX2460022_EP006_2023-05-10_SE1,< 0.003,< 0.003,< 0.003,< 0.004,< 0.004,< 0.003
TX2460022_EP008_2023-05-10_SE1,.0086,.004,.0035,< 0.004,< 0.004,.0054
TX2460022_EP009_2023-05-10_SE1,< 0.003,< 0.003,< 0.003,< 0.004,< 0.004,< 0.003
TX2460022_EP010_2023-05-10_SE1,< 0.003,< 0.003,< 0.003,< 0.004,< 0.004,< 0.003
TX2460061_EP002_2023-04-03_SE1,.004,.0038,.0037,< 0.004,< 0.004,.0048
TX2460110_TRTTAP_2023-03-14_SE1,< 0.003,< 0.003,< 0.003,< 0.004,< 0.004,< 0.003
TX2460120_TRTTAP_2024-02-21_SE1,< 0.003,< 0.003,< 0.003,< 0.004,< 0.004,< 0.003
TX2460128_EP001_2025-03-24_SE1,< 0.003,< 0.003,< 0.003,< 0.004,< 0.004,0.0030
TX2460145_EP001_2024-02-20_SE1,< 0.003,< 0.003,< 0.003,< 0.004,< 0.004,0.0034
TX2460152_EP001_2025-02-17_SE1,< 0.003,< 0.003,< 0.003,< 0.004,< 0.004,< 0.003
TX2460157_EP001_2024-04-23_SE1,0.0052,0.0044,< 0.003,< 0.004,< 0.004,0.0116
TX2460157_EP002_2024-04-23_SE1,0.0070,0.0060,< 0.003,< 0.004,< 0.004,0.0157
TX2460157_EP003_2024-04-23_SE1,0.0053,0.0044,< 0.003,< 0.004,< 0.004,0.0116
TX2460159_EP001_2025-02-17_SE1,< 0.003,< 0.003,< 0.003,< 0.004,< 0.004,< 0.003
TX2470001_03_2024-06-03_SE1,< 0.003,< 0.003,< 0.003,< 0.004,< 0.004,< 0.003
TX2470001_TRTTAP_2024-06-03_SE1,< 0.003,< 0.003,< 0.003,< 0.004,< 0.004,< 0.003
TX2470005_TRTTAP_2024-05-20_SE1,< 0.003,< 0.003,< 0.003,< 0.004,< 0.004,< 0.003
TX2470009_EP001_2025-06-16_SE1,< 0.003,< 0.003,< 0.003,< 0.004,< 0.004,< 0.003
TX2470009_EP003_2025-06-16_SE1,< 0.003,< 0.003,< 0.003,< 0.004,< 0.004,< 0.003
TX2470015_EP001_2023-08-15_SE1,< 0.003,< 0.003,< 0.003,< 0.004,< 0.004,< 0.003
TX2470015_EP002_2023-08-15_SE1,< 0.003,< 0.003,< 0.003,< 0.004,< 0.004,< 0.003
TX2470015_EP003_2023-08-15_SE1,< 0.003,< 0.003,< 0.003,< 0.004,< 0.004,< 0.003
TX2470015_EP004_2023-08-15_SE1,< 0.003,< 0.003,< 0.003,< 0.004,< 0.004,< 0.003
TX2470015_EP005_2023-08-15_SE1,< 0.003,< 0.003,< 0.003,< 0.004,< 0.004,< 0.003
TX2480001_TRTTAP_2024-04-23_SE1,< 0.003,< 0.003,< 0.003,< 0.004,< 0.004,< 0.003
TX2480001_TRTTAP_2024-05-22_SE1,< 0.003,< 0.003,< 0.003,< 0.004,< 0.004,< 0.003
TX2490003_TRTTAP_2024-01-23_SE1,< 0.003,< 0.003,< 0.003,< 0.004,< 0.004,< 0.003
TX2490005_TRTTAP_2024-01-10_SE1,< 0.003,< 0.003,< 0.003,< 0.004,< 0.004,< 0.003
TX2490016_TRTTAP_2023-01-23_SE1,< 0.003,< 0.003,< 0.003,< 0.004,< 0.004,< 0.003
TX2500002_TRTTAP_2024-02-21_SE1,< 0.003,< 0.003,< 0.003,< 0.004,< 0.004,< 0.003
TX2500004_TRTTAP_2024-02-21_SE1,< 0.003,< 0.003,< 0.003,< 0.004,< 0.004,< 0.003
TX2500006_TRTTAP_2024-05-20_SE1,< 0.003,< 0.003,< 0.003,< 0.004,< 0.004,< 0.003
TX2500007_TRTTAP_2024-03-19_SE1,< 0.003,< 0.003,< 0.003,< 0.004,< 0.004,< 0.003
TX2500012_TRTTAP_2023-01-23_SE1,< 0.003,< 0.003,< 0.003,< 0.004,< 0.004,< 0.003
TX2500012_TRTTAP_2023-06-14_SE1,< 0.003,< 0.003,< 0.003,< 0.004,< 0.004,< 0.003
TX2500015_EP001_2025-03-11_SE1,< 0.003,< 0.003,< 0.003,< 0.004,< 0.004,< 0.003
TX2500015_EP002_2025-03-10_SE1,< 0.003,< 0.003,< 0.003,< 0.004,< 0.004,< 0.003
TX2500015_EP004_2025-03-10_SE1,< 0.003,< 0.003,< 0.003,< 0.004,< 0.004,< 0.003
TX2500015_EP005_2025-03-12_SE1,< 0.003,< 0.003,< 0.003,< 0.004,< 0.004,< 0.003
TX2500015_EP006_2025-07-07_SE1,< 0.003,< 0.003,< 0.003,< 0.004,< 0.004,< 0.003
TX2500016_TRTTAP_2024-06-18_SE1,< 0.003,< 0.003,< 0.003,< 0.004,< 0.004,< 0.003
TX2500018_TRTTAP_2024-02-20_SE1,< 0.003,< 0.003,< 0.003,< 0.004,< 0.004,< 0.003
TX2500020_TRTTAP_2023-06-28_SE1,< 0.003,< 0.003,< 0.003,< 0.004,< 0.004,< 0.003
TX2500020_TRTTAP_2023-10-24_SE1,< 0.003,< 0.003,< 0.003,< 0.004,< 0.004,< 0.003
TX2500039_TRTTAP_2023-06-27_SE1,< 0.003,< 0.003,< 0.003,< 0.004,< 0.004,< 0.003
TX2510001_TRTTAP_2024-05-21_SE1,< 0.003,< 0.003,< 0.003,< 0.004,< 0.004,< 0.003
TX2520001_TRTTAP_2023-03-13_SE1,< 0.003,< 0.003,< 0.003,< 0.004,< 0.004,< 0.003
TX2520007_EP001_2025-01-21_SE1,< 0.003,< 0.003,< 0.003,< 0.004,< 0.004,< 0.003
TX2530002_EP01_2025-08-28_SE1,< 0.003,< 0.003,< 0.003,< 0.004,< 0.004,.0032
TX2540001_EP001TRTTAP_2024-01-31_SE1,< 0.003,< 0.003,< 0.003,< 0.004,< 0.004,< 0.003
TX2540001_EP002TRTTAP_2024-01-31_SE1,< 0.003,< 0.003,< 0.003,< 0.004,< 0.004,< 0.003
TX2540001_EP003TRTTAP_2024-01-31_SE1,< 0.003,< 0.003,< 0.003,< 0.004,< 0.004,< 0.003
TX2540001_EP004TRTTAP_2024-01-31_SE1,< 0.003,< 0.003,< 0.003,< 0.004,< 0.004,< 0.003
