pwsid,system_name,size_category,facility_id,facility_water_type,sample_point_id,epa_region,state
TX0010001,CITY OF PALESTINE,L,47309,SW,EP001MC,6,TX
TX0010020,FOUR PINES WSC,S,TP20,GW,EP002,6,TX
TX0010020,FOUR PINES WSC,S,TP20080,GW,EP003,6,TX
TX0010020,FOUR PINES WSC,S,TP21,GW,EP004,6,TX
TX0010030,WALSTON SPRINGS WSC,S,EP004,GW,TRTTAP,6,TX
TX0010031,TDCJ COFFIELD MICHAEL,S,TP39,GW,EP001,6,TX
TX0010031,TDCJ COFFIELD MICHAEL,S,TP20951,GW,EP002,6,TX
TX0010031,TDCJ COFFIELD MICHAEL,S,TP20950,GW,EP003,6,TX
TX0010036,BRUSHY CREEK WSC,S,EP005,GW,TRTTAP,6,TX
TX0010044,TDCJ BETO UNIT,S,TP19659,GW,EP001,6,TX
TX0010044,TDCJ BETO UNIT,S,TP19661,GW,EP002,6,TX
TX0010044,TDCJ BETO UNIT,S,TP19662,GW,EP003,6,TX
TX0020001,CITY OF ANDREWS,L,00001,GW,000A1,6,TX
TX0030001,CITY OF DIBOLL,S,TP113,GW,EP001,6,TX
TX0030001,CITY OF DIBOLL,S,TP110,GW,EP002,6,TX
TX0030001,CITY OF DIBOLL,S,TP411324,GW,EP003,6,TX
TX0030004,CITY OF LUFKIN,L,47388,GW,EP001MC,6,TX
TX0030004,CITY OF LUFKIN,L,52176,GW,EP002MC,6,TX
TX0030016,ANGELINA WSC,S,00002,GW,EP002,6,TX
TX0030016,ANGELINA WSC,S,00003,GW,EP003,6,TX
TX0030016,ANGELINA WSC,S,00004,GW,EP004,6,TX
TX0030019,CENTRAL WCID OF ANGELINA COUNTY,S,EP002,GW,TRTTAP,6,TX
TX0030020,FOUR WAY SUD,S,EP004,GW,TRTTAP,6,TX
TX0030023,HUDSON WSC,L,PBCU004,GW,EP004,6,TX
TX0030023,HUDSON WSC,L,PBCU005,GW,EP005,6,TX
TX0040002,CITY OF ROCKPORT,L,90001,SW,EP001,6,TX
TX0040002,CITY OF ROCKPORT,L,90002,SW,EP002,6,TX
TX0070002,CITY OF JOURDANTON,S,TP233,GW,EP001,6,TX
TX0070002,CITY OF JOURDANTON,S,TP234,GW,EP004,6,TX
TX0070002,CITY OF JOURDANTON,S,TP235,GW,EP005,6,TX
TX0070003,"CITY OF PLEASANTON, TX",L,00001,GW,EP001,6,TX
TX0070003,"CITY OF PLEASANTON, TX",L,00002,GW,EP002,6,TX
TX0070003,"CITY OF PLEASANTON, TX",L,00003,GW,EP003,6,TX
TX0070003,"CITY OF PLEASANTON, TX",L,00004,GW,EP004,6,TX
TX0070003,"CITY OF PLEASANTON, TX",L,00005,GW,EP005,6,TX
TX0070003,"CITY OF PLEASANTON, TX",L,00006,GW,EP006,6,TX
TX0070004,CITY OF LYTLE,S,EP002,GW,TRTTAP,6,TX
TX0070005,CITY OF POTEET,S,TP250,GW,EP001,6,TX
TX0070005,CITY OF POTEET,S,TP249,GW,EP002,6,TX
TX0070005,CITY OF POTEET,S,TP248,GW,EP003,6,TX
TX0070016,CITY OF CHARLOTTE,S,10001,GW,EP001,6,TX
TX0070016,CITY OF CHARLOTTE,S,10002,GW,EP003,6,TX
TX0070023,MCCOY WSC,S,EP005,GW,TRTTAP,6,TX
TX0080001,CITY OF BELLVILLE,S,EP001,GW,EP001,6,TX
TX0080002,CITY OF SEALY,S,EP003,GW,TRTTAP,6,TX
TX0080043,AUSTIN COUNTY WSC 4,S,20001,GW,EP001,6,TX
TX0090001,MULESHOE MUNICIPAL WATER SYSTEM,S,EP004,GW,TRTTAP,6,TX
TX0110001,CITY OF BASTROP,S,TP1280690,GW,EP004,6,TX
TX0110002,CITY OF ELGIN,S,EP001,GW,TRTTAP,6,TX
TX0110003,CITY OF SMITHVILLE,S,EP001,GW,EP001,6,TX
TX0110003,CITY OF SMITHVILLE,S,EP002,GW,EP002,6,TX
TX0110013,AQUA WSC,L,47624,GW,EP001MC,6,TX
TX0110013,AQUA WSC,L,47625,GW,EP002MC,6,TX
TX0110013,AQUA WSC,L,47627,GW,EP003MC,6,TX
TX0110013,AQUA WSC,L,47630,GW,EP004MC,6,TX
TX0110013,AQUA WSC,L,47628,GW,EP005MC,6,TX
TX0110013,AQUA WSC,L,47629,GW,EP006MC,6,TX
TX0110013,AQUA WSC,L,47631,GW,EP007MC,6,TX
TX0110013,AQUA WSC,L,47635,GW,EP008MC,6,TX
TX0110013,AQUA WSC,L,47632,GW,EP009MC,6,TX
TX0110013,AQUA WSC,L,62242,GW,EP013MC,6,TX
TX0110013,AQUA WSC,L,67619,GW,EP015MC,6,TX
TX0110013,AQUA WSC,L,90001,GW,EP016,6,TX
TX0110013,AQUA WSC,L,99001,GW,EP017,6,TX
TX0110013,AQUA WSC,L,99003,GW,EP019,6,TX
TX0110020,BASTROP COUNTY WCID 2,S,EP001,GW,WP1,6,TX
TX0110020,BASTROP COUNTY WCID 2,S,EP002,GW,WP2,6,TX
TX0110020,BASTROP COUNTY WCID 2,S,EP004,GW,WP3,6,TX
TX0130001,CITY OF BEEVILLE,L,00001,SW,EP001,6,TX
TX0130001,CITY OF BEEVILLE,L,00002,GW,EP002,6,TX
TX0130002,TDCJ CHASE FIELD,S,EP001,GW,TRTTAP,6,TX
TX0140002,CITY OF BELTON,L,EP001,SW,TRTTAP,6,TX
TX0140005,CITY OF TEMPLE,L,47696,SW,EP001MC1,6,TX
TX0140006,CITY OF KILLEEN,L,00011,SW,01,6,TX
TX0140007,BELL MILAM FALLS WSC,S,EP001,SW,EP001,6,TX
TX0140007,BELL MILAM FALLS WSC,S,EP002,MX,EP002,6,TX
TX0140007,BELL MILAM FALLS WSC,S,EP003,MX,EP003,6,TX
TX0140023,CITY OF HARKER HEIGHTS,L,34118,SW,EP001,6,TX
TX0140028,MOFFAT WSC,S,TP17422,MX,EP001,6,TX
TX0140028,MOFFAT WSC,S,TP545,MX,EP002,6,TX
TX0140031,BELL COUNTY WCID 3,S,EP001,SW,TRTTAP001,6,TX
TX0140031,BELL COUNTY WCID 3,S,EP002,SW,TRTTAP002,6,TX
TX0140035,SALADO WSC,S,10001,GW,EP001,6,TX
TX0140035,SALADO WSC,S,10003,GW,EP003,6,TX
TX0140035,SALADO WSC,S,10004,GW,EP004,6,TX
TX0140035,SALADO WSC,S,10005,GW,EP005,6,TX
TX0140035,SALADO WSC,S,10006,GW,EP006,6,TX
TX0140035,SALADO WSC,S,10007,GW,EP007,6,TX
TX0140035,SALADO WSC,S,10008,GW,EP008,6,TX
TX0140035,SALADO WSC,S,10009,GW,EP009,6,TX
TX0140035,SALADO WSC,S,10010,SW,EP010,6,TX
TX0140035,SALADO WSC,S,10011,SW,EP011,6,TX
TX0140044,DOG RIDGE WSC,S,P0140044A,SW,EP002,6,TX
TX0140076,439 WSC,S,EP004,SW,TRTTAP,6,TX
TX0140105,WEST BELL COUNTY WSC,S,EP002,SW,TRTTAP,6,TX
TX0140107,US ARMY SOUTH FORT HOOD,L,34133,SW,EP001,6,TX
TX0140107,US ARMY SOUTH FORT HOOD,L,34133,SW,EP002,6,TX
TX0140116,CITY OF MORGANS POINT RESORT,S,EP003,SW,TRTTAP,6,TX
TX0140118,EAST BELL WSC,S,EP011,SW,TRTTAP,6,TX
TX0150009,CITY OF UNIVERSAL CITY,L,47758,GW,EP007MC,6,TX
TX0150009,CITY OF UNIVERSAL CITY,L,47759,GW,EP008MC,6,TX
TX0150009,CITY OF UNIVERSAL CITY,L,47760,GW,EP009MC,6,TX
TX0150010,CITY OF KIRBY,S,EP001,GW,EP001,6,TX
TX0150010,CITY OF KIRBY,S,EP002,GW,EP002,6,TX
TX0150018,SAN ANTONIO WATER SYSTEM,L,47764,GW,EP001MC1,6,TX
TX0150018,SAN ANTONIO WATER SYSTEM,L,47765,GW,EP002MC2,6,TX
TX0150018,SAN ANTONIO WATER SYSTEM,L,47800,GW,EP003MC3,6,TX
TX0150018,SAN ANTONIO WATER SYSTEM,L,47792,GW,EP004MC4,6,TX
TX0150018,SAN ANTONIO WATER SYSTEM,L,47766,GW,EP005MC5,6,TX
TX0150018,SAN ANTONIO WATER SYSTEM,L,47791,GW,EP006MC6,6,TX
TX0150018,SAN ANTONIO WATER SYSTEM,L,47790,GW,EP007MC7,6,TX
TX0150018,SAN ANTONIO WATER SYSTEM,L,47797,GW,EP010MC8,6,TX
TX0150018,SAN ANTONIO WATER SYSTEM,L,47768,GW,EP011MC9,6,TX
TX0150018,SAN ANTONIO WATER SYSTEM,L,47789,GW,EP014MC10,6,TX
TX0150018,SAN ANTONIO WATER SYSTEM,L,47769,GW,EP017MC11,6,TX
TX0150018,SAN ANTONIO WATER SYSTEM,L,47770,GW,EP022MC15,6,TX
TX0150018,SAN ANTONIO WATER SYSTEM,L,47787,GW,EP025MC18,6,TX
TX0150018,SAN ANTONIO WATER SYSTEM,L,47794,GW,EP026MC19,6,TX
TX0150018,SAN ANTONIO WATER SYSTEM,L,47795,GW,EP027MC20,6,TX
TX0150018,SAN ANTONIO WATER SYSTEM,L,47780,GW,EP029MC21,6,TX
TX0150018,SAN ANTONIO WATER SYSTEM,L,47779,GW,EP030MC22,6,TX
TX0150018,SAN ANTONIO WATER SYSTEM,L,47777,GW,EP033MC23,6,TX
TX0150018,SAN ANTONIO WATER SYSTEM,L,47774,GW,EP036MC25,6,TX
TX0150018,SAN ANTONIO WATER SYSTEM,L,47786,GW,EP041MC26,6,TX
TX0150018,SAN ANTONIO WATER SYSTEM,L,47785,GW,EP043MC27,6,TX
TX0150018,SAN ANTONIO WATER SYSTEM,L,47784,GW,EP044MC28,6,TX
TX0150018,SAN ANTONIO WATER SYSTEM,L,47783,GW,EP046MC29,6,TX
TX0150018,SAN ANTONIO WATER SYSTEM,L,47796,GW,EP047MC30,6,TX
TX0150018,SAN ANTONIO WATER SYSTEM,L,47782,GW,EP048MC31,6,TX
TX0150018,SAN ANTONIO WATER SYSTEM,L,61483,GW,EP052MC32,6,TX
TX0150018,SAN ANTONIO WATER SYSTEM,L,61700,GW,EP053MC33,6,TX
TX0150018,SAN ANTONIO WATER SYSTEM,L,61939,MX,EP054MC35,6,TX
TX0150018,SAN ANTONIO WATER SYSTEM,L,62153,GW,EP055MC34,6,TX
TX0150018,SAN ANTONIO WATER SYSTEM,L,64908,SW,EP056MC56,6,TX
TX0150018,SAN ANTONIO WATER SYSTEM,L,90008,GW,EP060MC37,6,TX
TX0150018,SAN ANTONIO WATER SYSTEM,L,90002,GW,EP064,6,TX
TX0150018,SAN ANTONIO WATER SYSTEM,L,90009,GW,EP066MC40,6,TX
TX0150018,SAN ANTONIO WATER SYSTEM,L,90004,GW,EP067,6,TX
TX0150018,SAN ANTONIO WATER SYSTEM,L,90007,GW,EP070,6,TX
TX0150018,SAN ANTONIO WATER SYSTEM,L,90010,GW,EP072MC43,6,TX
TX0150018,SAN ANTONIO WATER SYSTEM,L,90011,GW,EP073MC44,6,TX
TX0150018,SAN ANTONIO WATER SYSTEM,L,90012,GW,EP074MC45,6,TX
TX0150018,SAN ANTONIO WATER SYSTEM,L,90013,GW,EP075MC46,6,TX
TX0150018,SAN ANTONIO WATER SYSTEM,L,90015,GW,EP077MC48,6,TX
TX0150018,SAN ANTONIO WATER SYSTEM,L,90016,GW,EP078MC49,6,TX
TX0150018,SAN ANTONIO WATER SYSTEM,L,90017,GW,EP080MC50,6,TX
TX0150018,SAN ANTONIO WATER SYSTEM,L,90034,GW,EP081MC51,6,TX
TX0150018,SAN ANTONIO WATER SYSTEM,L,90035,GW,EP083,6,TX
TX0150039,CITY OF ALAMO HEIGHTS,S,EP006,GW,TRTTAP,6,TX
TX0150040,ATASCOSA RURAL WSC,L,14451,GW,EP3,6,TX
TX0150040,ATASCOSA RURAL WSC,L,12916,GW,EP4,6,TX
TX0150040,ATASCOSA RURAL WSC,L,13194,GW,EP56,6,TX
TX0150045,SAWS CASTLE HILLS,L,EP005,GW,TRTTAP,6,TX
TX0150046,COOLCREST WATER SYSTEM,S,674,GW,EP001,6,TX
TX0150046,COOLCREST WATER SYSTEM,S,675,GW,EP002,6,TX
TX0150047,CITY OF CONVERSE,L,47820,GW,EP001MC,6,TX
TX0150047,CITY OF CONVERSE,L,90002,MX,EP002,6,TX
TX0150047,CITY OF CONVERSE,L,47817,GW,EP002MC,6,TX
TX0150047,CITY OF CONVERSE,L,47819,GW,EP003MC,6,TX
TX0150047,CITY OF CONVERSE,L,47818,GW,EP004MC,6,TX
TX0150048,CITY OF ELMENDORF,S,00002,GW,EP16001,6,TX
TX0150048,CITY OF ELMENDORF,S,00001,GW,EP181,6,TX
TX0150068,CITY OF LIVE OAK,S,EP004,GW,TRTTAP,6,TX
TX0150084,SAWS NORTHEAST,L,64028,GW,EP001,6,TX
TX0150084,SAWS NORTHEAST,L,47834,GW,EP002,6,TX
TX0150084,SAWS NORTHEAST,L,47835,GW,EP003,6,TX
TX0150084,SAWS NORTHEAST,L,47836,GW,EP004,6,TX
TX0150084,SAWS NORTHEAST,L,47837,MX,EP005,6,TX
TX0150106,BEXAR COUNTY WCID 10 WINDCREST,S,EP004,GW,TRTTAP,6,TX
TX0150114,JBSA - LACKLAND,L,47861,GW,EP001MC,6,TX
TX0150114,JBSA - LACKLAND,L,47857,GW,EP002MC,6,TX
TX0150114,JBSA - LACKLAND,L,47858,GW,EP005,6,TX
TX0150114,JBSA - LACKLAND,L,47859,GW,EP006MC,6,TX
TX0150115,JBSA - RANDOLPH,L,EP003,GW,TRTTAP,6,TX
TX0150116,JBSA - SAM HOUSTON,L,47865,GW,EP001MC,6,TX
TX0150116,JBSA - SAM HOUSTON,L,47868,GW,EP002MC,6,TX
TX0150116,JBSA - SAM HOUSTON,L,47870,GW,EP006MC,6,TX
TX0150138,EAST CENTRAL SUD,L,64030,GW,EP001,6,TX
TX0150138,EAST CENTRAL SUD,L,34149,GW,EP002,6,TX
TX0150138,EAST CENTRAL SUD,L,34151,MX,EP003,6,TX
TX0150178,CITY OF LEON VALLEY,S,EP002,GW,TRTTAP,6,TX
TX0150190,SOUTHWEST ISD MAIN,S,EP001,GW,TRTTAP,6,TX
TX0150216,FAIR OAKS RANCH UTILITIES,S,EP001,GU,WP1TPGU,6,TX
TX0150216,FAIR OAKS RANCH UTILITIES,S,EP002,GW,WP2TPGU,6,TX
TX0150216,FAIR OAKS RANCH UTILITIES,S,EP003,GW,WP3TPGW,6,TX
TX0150216,FAIR OAKS RANCH UTILITIES,S,EP004,SW,WP5TPSW,6,TX
TX0150275,JBSA - MEDINA,S,EP001,GW,EP001,6,TX
TX0150275,JBSA - MEDINA,S,EP003,GW,EP003,6,TX
TX0150492,CITY OF SELMA,L,SS001,GW,EP001,6,TX
TX0150492,CITY OF SELMA,L,SS002,GW,EP002,6,TX
TX0150492,CITY OF SELMA,L,SS003,GW,EP003,6,TX
TX0150497,SAWS TEXAS RESEARCH PARK,L,EP003,GW,TRTTAP,6,TX
TX0150535,METHODIST SPECIALTY HOSPITAL,S,10001,GW,EP001,6,TX
TX0150589,WILFORD HALL AMBULATORY SURGICAL CENTER,S,10001,GW,EP001,6,TX
TX0180001,CITY OF CLIFTON,S,EP003,GU,TRTTAP,6,TX
TX0190002,CITY OF HOOKS,S,P0190002A,SW,EP001,6,TX
TX0190003,CITY OF NEW BOSTON,S,EP001,SW,TRTTAP,6,TX
TX0190004,"TEXARKANA WATER UTILITIES, TX",L,20001,SW,EP001MC,6,TX
TX0190004,"TEXARKANA WATER UTILITIES, TX",L,20002,SW,EP002MC,6,TX
TX0190005,CITY OF WAKE VILLAGE,S,EP001,SW,EP001,6,TX
TX0190006,CITY OF NASH,S,10001,SW,EP1,6,TX
TX0190008,CITY OF REDWATER,S,EP001,SW,EP001,6,TX
TX0190012,MACEDONIA EYLAU MUD 1,L,EP001,SW,TRTTAP,6,TX
TX0190021,RIVERBEND WATER RESOURCES DISTRICT,S,EP006,SW,TRTTAP,6,TX
TX0190024,CENTRAL BOWIE COUNTY WSC,S,EP003,SW,TRTTAP,6,TX
TX0200001,CITY OF ALVIN,L,48238,GW,EP001MC,6,TX
TX0200001,CITY OF ALVIN,L,48236,GW,EP002MC,6,TX
TX0200001,CITY OF ALVIN,L,48237,GW,EP003MC,6,TX
TX0200002,CITY OF ANGLETON,L,EP002,MX,EP002,6,TX
TX0200002,CITY OF ANGLETON,L,EP003,MX,EP003,6,TX
TX0200002,CITY OF ANGLETON,L,EP004,SW,EP004,6,TX
TX0200002,CITY OF ANGLETON,L,EP005,MX,EP005,6,TX
TX0200004,CITY OF CLUTE,L,00005,GW,EP005,6,TX
TX0200004,CITY OF CLUTE,L,00006,SW,EP006,6,TX
TX0200004,CITY OF CLUTE,L,00007,GW,EP007,6,TX
TX0200004,CITY OF CLUTE,L,00008,GW,EP008,6,TX
TX0200004,CITY OF CLUTE,L,00009,GW,EP009,6,TX
TX0200005,CITY OF FREEPORT,L,01999,SW,EP002,6,TX
TX0200006,CITY OF LAKE JACKSON,L,00002,MX,EP002,6,TX
TX0200006,CITY OF LAKE JACKSON,L,00003,MX,EP003,6,TX
TX0200006,CITY OF LAKE JACKSON,L,00004,GW,EP004,6,TX
TX0200006,CITY OF LAKE JACKSON,L,00005,GW,EP005,6,TX
TX0200006,CITY OF LAKE JACKSON,L,00006,SW,EP006,6,TX
TX0200008,CITY OF PEARLAND,L,00001,GW,EP001,6,TX
TX0200008,CITY OF PEARLAND,L,00002,GW,EP002,6,TX
TX0200008,CITY OF PEARLAND,L,00004,SW,EP004,6,TX
TX0200008,CITY OF PEARLAND,L,00005,GW,EP005,6,TX
TX0200008,CITY OF PEARLAND,L,00006,GW,EP006,6,TX
TX0200008,CITY OF PEARLAND,L,00007,GW,EP007,6,TX
TX0200008,CITY OF PEARLAND,L,00008,GW,EP008,6,TX
TX0200008,CITY OF PEARLAND,L,00009,GW,EP009,6,TX
TX0200008,CITY OF PEARLAND,L,00010,GW,EP010,6,TX
TX0200008,CITY OF PEARLAND,L,00012,SW,EP012,6,TX
TX0200008,CITY OF PEARLAND,L,00013,GW,EP013,6,TX
TX0200008,CITY OF PEARLAND,L,00014,GW,EP014,6,TX
TX0200008,CITY OF PEARLAND,L,00015,SW,EP015,6,TX
TX0200009,CITY OF SWEENY,S,EP001,GW,TRTTAP,6,TX
TX0200010,CITY OF WEST COLUMBIA,S,TP1170,GW,EP001,6,TX
TX0200010,CITY OF WEST COLUMBIA,S,TP1171,GW,EP002,6,TX
TX0200010,CITY OF WEST COLUMBIA,S,TP15428,GW,EP003,6,TX
TX0200035,CITY OF RICHWOOD,S,EP004,SW,TRTTAP,6,TX
TX0200037,VILLAGE OF SURFSIDE BEACH,S,TP1200,GW,EP001,6,TX
TX0200037,VILLAGE OF SURFSIDE BEACH,S,TP1207,GW,EP004,6,TX
TX0200037,VILLAGE OF SURFSIDE BEACH,S,TP1205,GW,EP005,6,TX
TX0200201,TDCJ RAMSEY AREA,S,EP003,GW,TRTTAP,6,TX
TX0200386,BRAZORIA COUNTY MUD 2,S,TP1397,GW,EP001,6,TX
TX0200386,BRAZORIA COUNTY MUD 2,S,TP1399,GW,EP002,6,TX
TX0200386,BRAZORIA COUNTY MUD 2,S,TP19599,GW,EP003,6,TX
TX0200386,BRAZORIA COUNTY MUD 2,S,TP20828,GW,EP004,6,TX
TX0200403,SOUTHWOOD ESTATES,S,TP001,GW,EP,6,TX
TX0200411,CITY OF PEARLAND MUD 1,S,EP001,GW,TRTTAP,6,TX
TX0200534,DOW TEXAS FREEPORT SALT DOME 8,S,TX0200534,GW,EP001,6,TX
TX0200560,BRAZORIA COUNTY MUD 3,S,EP001,GW,TRTTAP,6,TX
TX0200578,BRAZORIA COUNTY MUD 6,S,EP001,GW,TRTTAP,6,TX
TX0200610,BRAZORIA COUNTY MUD 21,S,EP001,GW,TRTTAP,6,TX
TX0200612,BRAZORIA COUNTY MUD 29,S,20001,GW,EP001,6,TX
TX0200615,BRAZORIA COUNTY MUD 25,S,EP002,GW,TRTTAP,6,TX
TX0200645,BRAZORIA COUNTY MUD 31,S,EP001,GW,EP001,6,TX
TX0200706,BRAZORIA COUNTY MUD 22,S,EP001,GW,EP001,6,TX
TX0210001,CITY OF BRYAN,L,48523,GW,EP001MC,6,TX
TX0210002,CITY OF COLLEGE STATION,L,10002,GW,EP001,6,TX
TX0210005,WICKSON CREEK SUD,L,EP003,GW,003,6,TX
TX0210005,WICKSON CREEK SUD,L,00100,GW,GST1,6,TX
TX0210005,WICKSON CREEK SUD,L,00400,GW,GST4,6,TX
TX0210016,WELLBORN SUD,L,00003,GW,EP02,6,TX
TX0210016,WELLBORN SUD,L,00005,GW,EP05,6,TX
TX0210016,WELLBORN SUD,L,00006,GW,EP06,6,TX
TX0210016,WELLBORN SUD,L,00007,GW,EP07,6,TX
TX0210016,WELLBORN SUD,L,00004,GW,EP4,6,TX
TX0210016,WELLBORN SUD,L,00001,SW,EPO1,6,TX
TX0210017,TEXAS A&M UNIVERSITY MAIN CAMPUS,L,48537,GW,EP001MC,6,TX
TX0210017,TEXAS A&M UNIVERSITY MAIN CAMPUS,L,61736,GW,EP002MC,6,TX
TX0220001,CITY OF ALPINE,S,TP1602,GW,EP001,6,TX
TX0220001,CITY OF ALPINE,S,TP1590,GW,EP002,6,TX
TX0220001,CITY OF ALPINE,S,TP1594,GW,EP004,6,TX
TX0220001,CITY OF ALPINE,S,TP1592,GW,EP005,6,TX
TX0240001,FALFURRIAS UTILITY BOARD,S,EP009,GW,DETLINE,6,TX
TX0240001,FALFURRIAS UTILITY BOARD,S,EP004,GW,JERSTAP,6,TX
TX0240001,FALFURRIAS UTILITY BOARD,S,EP008,GW,PARRTAP,6,TX
TX0240001,FALFURRIAS UTILITY BOARD,S,EP006,GW,PINTAP,6,TX
TX0250002,CITY OF BROWNWOOD,L,34432,SW,EP001,6,TX
TX0250004,BROOKESMITH SPECIAL UTILITY DISTRICT,L,EP001,SW,EP001,6,TX
TX0250019,ZEPHYR WSC,S,EP002,SW,EP002,6,TX
TX0250019,ZEPHYR WSC,S,EP003,SW,EP003,6,TX
TX0260001,CITY OF CALDWELL,S,EP003,GW,TRTTAP,6,TX
TX0270001,CITY OF BURNET,S,TP14722,SW,EP001,6,TX
TX0270001,CITY OF BURNET,S,TP15493,GW,EP002,6,TX
TX0270026,CITY OF MARBLE FALLS,S,EP001,SW,EP001,6,TX
TX0270049,CITY OF GRANITE SHOALS,S,EP001,SW,TRTTAP,6,TX
TX0280001,CITY OF LOCKHART,L,65231,SW,EP001,6,TX
TX0280001,CITY OF LOCKHART,L,48942,GW,EP001MC,6,TX
TX0280002,CITY OF LULING,S,EP001,SW,TRTTAP,6,TX
TX0280003,MAXWELL WSC,S,EP001,GW,EP001,6,TX
TX0280003,MAXWELL WSC,S,EP002,SW,EP002,6,TX
TX0290002,CITY OF PORT LAVACA,L,34467,SW,EP001,6,TX
TX0290007,GBRA CALHOUN COUNTY RURAL WATER SYSTEM,S,EP003,SW,TRTTAP,6,TX
TX0300002,CITY OF CLYDE,S,TP17538,SW,EP001,6,TX
TX0300002,CITY OF CLYDE,S,P0300002A,SW,EP002,6,TX
TX0300005,EULA WSC,S,1ELMDALE,SW,1,6,TX
TX0300005,EULA WSC,S,8CLYDE,SW,8,6,TX
TX0310001,BROWNSVILLE PUBLIC UTILITIES BOARD,L,49003,SW,EP001MC1,6,TX
TX0310001,BROWNSVILLE PUBLIC UTILITIES BOARD,L,49004,SW,EP002MC2,6,TX
TX0310002,HARLINGEN WATER WORKS SYSTEM,L,49006,SW,EP001MC1,6,TX
TX0310002,HARLINGEN WATER WORKS SYSTEM,L,49005,SW,EP002MC2,6,TX
TX0310003,CITY OF LA FERIA,S,EP001,SW,POE,6,TX
TX0310004,CITY OF LOS FRESNOS,S,EP001,SW,TRTTAP,6,TX
TX0310005,LAGUNA MADRE WATER DISTRICT,L,49009,SW,EP001MC,6,TX
TX0310005,LAGUNA MADRE WATER DISTRICT,L,49010,SW,EP002MC,6,TX
TX0310007,CITY OF SAN BENITO,L,49012,SW,EP001MC,6,TX
TX0310007,CITY OF SAN BENITO,L,21523,SW,EP002MC,6,TX
TX0310022,EL JARDIN WSC,S,EP004,SW,EP004,6,TX
TX0310026,OLMITO WSC,S,EP001,SW,TRTTAP,6,TX
TX0310094,CITY OF PRIMERA,S,EP003,SW,EP003,6,TX
TX0310094,CITY OF PRIMERA,S,EP002,SW,TRTTAP,6,TX
TX0310096,EAST RIO HONDO WSC,L,90003,SW,EP001,6,TX
TX0310096,EAST RIO HONDO WSC,L,90004,SW,EP002,6,TX
TX0310096,EAST RIO HONDO WSC,L,90002,GW,EP004,6,TX
TX0310096,EAST RIO HONDO WSC,L,90001,SW,EP005,6,TX
TX0320001,CITY OF PITTSBURG,S,P0320001A,SW,EP001,6,TX
TX0320001,CITY OF PITTSBURG,S,TP1906,GW,EP002,6,TX
TX0320001,CITY OF PITTSBURG,S,TP1912,GW,EP003,6,TX
TX0320001,CITY OF PITTSBURG,S,TP1910,GW,EP004,6,TX
TX0320001,CITY OF PITTSBURG,S,TP1908,GW,EP005,6,TX
TX0320002,BI COUNTY WSC 1,L,00001,GW,EP01,6,TX
TX0320002,BI COUNTY WSC 1,L,00002,GW,EP02,6,TX
TX0320002,BI COUNTY WSC 1,L,00003,GW,EP03,6,TX
TX0320002,BI COUNTY WSC 1,L,00004,GW,EP04,6,TX
TX0320002,BI COUNTY WSC 1,L,00005,GW,EP05,6,TX
TX0320002,BI COUNTY WSC 1,L,00006,GW,EP06,6,TX
TX0320002,BI COUNTY WSC 1,L,00007,GW,EP07,6,TX
TX0320002,BI COUNTY WSC 1,L,00008,GW,EP08,6,TX
TX0320002,BI COUNTY WSC 1,L,00009,GW,EP09,6,TX
TX0320002,BI COUNTY WSC 1,L,00010,GW,EP10,6,TX
TX0320002,BI COUNTY WSC 1,L,00011,GW,EP11,6,TX
TX0320002,BI COUNTY WSC 1,L,00012,GW,EP12,6,TX
TX0330007,US DEPARTMENT OF ENERGY PANTEX PLANT,S,EP001,GW,EP001,6,TX
TX0340001,CITY OF ATLANTA,S,EP001,SW,TRTTAP,6,TX
TX0340003,CITY OF HUGHES SPRINGS,S,EP001,SW,TRTTAP,6,TX
TX0340066,WESTERN CASS WSC,S,EP006,GW,TRTTAP,6,TX
TX0350001,DIMMITT MUNICIPAL WATER SYSTEM,S,TP2021,GW,EP001,6,TX
TX0350001,DIMMITT MUNICIPAL WATER SYSTEM,S,TP2018,GW,EP002,6,TX
TX0360002,TBCD WINNIE STOWELL,S,EP001,SW,TRTTAP,6,TX
TX0360005,GRAY UTILITY SERVICE,S,TP2042,GW,EP001,6,TX
TX0360005,GRAY UTILITY SERVICE,S,TP412395,GW,EP003,6,TX
TX0360017,CITY OF MONT BELVIEU,S,TP2043,GW,EP001,6,TX
TX0360017,CITY OF MONT BELVIEU,S,TP2048,GW,EP002,6,TX
TX0360017,CITY OF MONT BELVIEU,S,TP1280487,GW,EP003,6,TX
TX0360030,TBCD WEST TREATMENT PLANT,S,EP001,SW,EP001,6,TX
TX0370002,CITY OF JACKSONVILLE,L,49222,SW,EP001MC,6,TX
TX0370002,CITY OF JACKSONVILLE,L,49223,GW,EP002MC,6,TX
TX0370002,CITY OF JACKSONVILLE,L,49224,GW,EP003MC,6,TX
TX0370002,CITY OF JACKSONVILLE,L,49227,GW,EP004MC,6,TX
TX0370002,CITY OF JACKSONVILLE,L,49226,GW,EP005MC,6,TX
TX0370002,CITY OF JACKSONVILLE,L,49225,GW,EP006MC,6,TX
TX0370003,CITY OF RUSK,S,EP005,GW,TRTTAP,6,TX
TX0370016,CRAFT TURNEY WSC MAIN,S,EP003,GW,EP003,6,TX
TX0370016,CRAFT TURNEY WSC MAIN,S,EP004,GW,EP004,6,TX
TX0370016,CRAFT TURNEY WSC MAIN,S,EP005,GW,EP005,6,TX
TX0370018,NORTH CHEROKEE WSC,S,EP002,SW,TRTTAP,6,TX
TX0370055,ALTO RURAL WSC CENTRAL HIGH PLANT,S,EP001,GW,EP001,6,TX
TX0380001,CITY OF CHILDRESS,S,EP001,SW,TRTTAP,6,TX
TX0380013,RRA TELL CEE VEE WS,S,10001,MX,EP001,6,TX
TX0390019,DEAN DALE SUD,S,EP002,SW,TRTTAP,6,TX
TX0420001,CITY OF COLEMAN,S,EP001,SW,TRTTAP,6,TX
TX0420034,COLEMAN COUNTY SUD,S,P0420034A,SW,EP001,6,TX
TX0420034,COLEMAN COUNTY SUD,S,TP412277,SW,EP005,6,TX
TX0430003,CITY OF CELINA,L,EP003,SW,TRTTAP,6,TX
TX0430004,CITY OF FARMERSVILLE,S,EP001,SW,TRTTAP,6,TX
TX0430005,CITY OF FRISCO,L,34539,SW,EP001,6,TX
TX0430007,CITY OF PLANO,L,PBCU005,SW,264,6,TX
TX0430008,CITY OF PRINCETON,L,EP001,SW,TRTTAP,6,TX
TX0430009,TOWN OF PROSPER,L,00001,SW,EP1,6,TX
TX0430011,CITY OF WYLIE,L,00003,SW,EP00003,6,TX
TX0430025,CITY OF ALLEN,L,34550,SW,EP001,6,TX
TX0430027,CITY OF ANNA,L,00001,GW,EP001,6,TX
TX0430027,CITY OF ANNA,L,00002,MX,EP002,6,TX
TX0430027,CITY OF ANNA,L,00003,MX,EP003,6,TX
TX0430027,CITY OF ANNA,L,00004,GW,EP004,6,TX
TX0430029,COPEVILLE SUD,S,EP002,SW,TRTTAP,6,TX
TX0430030,CULLEOKA WSC,S,EP001,SW,EP001,6,TX
TX0430033,EAST FORK SUD,L,00002,SW,EP2,6,TX
TX0430034,TOWN OF FAIRVIEW,S,EP001,SW,EP001,6,TX
TX0430036,CITY OF JOSEPHINE,S,0430036,SW,EP001,6,TX
TX0430037,BEAR CREEK SUD,S,EP002,SW,TRTTAP,6,TX
TX0430039,CITY OF MCKINNEY,L,34562,SW,EP001,6,TX
TX0430040,CITY OF MELISSA,L,20001,SW,EP1,6,TX
TX0430042,CITY OF MURPHY,L,34566,SW,34566,6,TX
TX0430045,CITY OF PARKER,S,EP001,SW,TRTTAP,6,TX
TX0430051,WYLIE NORTHEAST SUD,S,EP001,SW,EP001,6,TX
TX0430053,NEVADA SUD,S,EP1,SW,EP1,6,TX
TX0430053,NEVADA SUD,S,EP2,SW,EP2,6,TX
TX0430054,CITY OF LUCAS,S,EP003,SW,TRTTAP,6,TX
TX0430055,NORTH COLLIN SUD,S,EP004,SW,TRTTAP,6,TX
TX0450001,CITY OF COLUMBUS,S,EP003,GW,TRTTAP,6,TX
TX0450002,CITY OF EAGLE LAKE,S,EP001,GW,EP001,6,TX
TX0450002,CITY OF EAGLE LAKE,S,EP002,GW,EP002,6,TX
TX0460001,NEW BRAUNFELS UTILITIES,L,49454,GW,EP001MC1,6,TX
TX0460001,NEW BRAUNFELS UTILITIES,L,49450,GW,EP002MC2,6,TX
TX0460001,NEW BRAUNFELS UTILITIES,L,49451,GW,EP003MC3,6,TX
TX0460001,NEW BRAUNFELS UTILITIES,L,49453,GW,EP004MC4,6,TX
TX0460001,NEW BRAUNFELS UTILITIES,L,49452,SW,EP005MC5,6,TX
TX0460001,NEW BRAUNFELS UTILITIES,L,49455,GW,EP009MC6,6,TX
TX0460001,NEW BRAUNFELS UTILITIES,L,49456,GU,EP011MC7,6,TX
TX0460001,NEW BRAUNFELS UTILITIES,L,49457,MX,EP012MC8,6,TX
TX0460001,NEW BRAUNFELS UTILITIES,L,49458,MX,EP013MC9,6,TX
TX0460019,CLWSC CANYON LAKE SHORES,L,50003,GW,PSEP003,6,TX
TX0460019,CLWSC CANYON LAKE SHORES,L,50005,GW,PSEP005,6,TX
TX0460019,CLWSC CANYON LAKE SHORES,L,50006,GW,PSEP006,6,TX
TX0460019,CLWSC CANYON LAKE SHORES,L,50007,GW,PSEP007,6,TX
TX0460019,CLWSC CANYON LAKE SHORES,L,50008,GW,PSEP008,6,TX
TX0460019,CLWSC CANYON LAKE SHORES,L,50011,SW,PSEP011,6,TX
TX0460019,CLWSC CANYON LAKE SHORES,L,50009,GW,PSEP027,6,TX
TX0460019,CLWSC CANYON LAKE SHORES,L,50010,GW,PSEP029,6,TX
TX0460019,CLWSC CANYON LAKE SHORES,L,50013,GW,PSEP032,6,TX
TX0460019,CLWSC CANYON LAKE SHORES,L,50015,GW,PSEP034,6,TX
TX0460019,CLWSC CANYON LAKE SHORES,L,50016,GW,PSEP035,6,TX
TX0460019,CLWSC CANYON LAKE SHORES,L,50017,GW,PSEP036,6,TX
TX0460019,CLWSC CANYON LAKE SHORES,L,50019,GW,PSEP040,6,TX
TX0460019,CLWSC CANYON LAKE SHORES,L,50020,SW,PSEP042,6,TX
TX0460022,CANYON SPRINGS WATER,S,TP2360,GW,EP001,6,TX
TX0460022,CANYON SPRINGS WATER,S,TP2361,GW,EP002,6,TX
TX0460022,CANYON SPRINGS WATER,S,TP2362,GW,EP003,6,TX
TX0460027,CITY OF GARDEN RIDGE,S,EP006,GW,TRTTAP,6,TX
TX0460172,SJWTX TRIPLE PEAK PLANT,L,49571,SW,EP001MC,6,TX
TX0460172,SJWTX TRIPLE PEAK PLANT,L,49565,GW,EP002MC,6,TX
TX0460172,SJWTX TRIPLE PEAK PLANT,L,49567,GW,EP007MC,6,TX
TX0460172,SJWTX TRIPLE PEAK PLANT,L,49569,GW,EP008MC,6,TX
TX0460172,SJWTX TRIPLE PEAK PLANT,L,49570,GW,EP009MC,6,TX
TX0460172,SJWTX TRIPLE PEAK PLANT,L,61701,GW,EP011MC,6,TX
TX0460172,SJWTX TRIPLE PEAK PLANT,L,61702,GW,EP012MC,6,TX
TX0460172,SJWTX TRIPLE PEAK PLANT,L,61704,GW,EP018MC,6,TX
TX0460172,SJWTX TRIPLE PEAK PLANT,L,61709,GW,EP019MC,6,TX
TX0460172,SJWTX TRIPLE PEAK PLANT,L,61710,GW,EP020MC,6,TX
TX0460172,SJWTX TRIPLE PEAK PLANT,L,61708,GW,EP021MC,6,TX
TX0460172,SJWTX TRIPLE PEAK PLANT,L,61711,GW,EP022MC,6,TX
TX0460172,SJWTX TRIPLE PEAK PLANT,L,61712,SW,TPEP023,6,TX
TX0460172,SJWTX TRIPLE PEAK PLANT,L,61713,GW,TPEP024,6,TX
TX0460205,KINGS POINT WSC,S,EP001,GW,EP001,6,TX
TX0470001,CITY OF COMANCHE,S,EP001,SW,TRTTAP,6,TX
TX0480015,MILLERSVIEW-DOOLE WSC,S,TP2577,GW,EP001,6,TX
TX0480015,MILLERSVIEW-DOOLE WSC,S,TP410070,SW,EP003,6,TX
TX0490001,CITY OF GAINESVILLE,L,49664,SW,EP001MC,6,TX
TX0490001,CITY OF GAINESVILLE,L,49659,GW,EP004MC,6,TX
TX0490001,CITY OF GAINESVILLE,L,49660,GW,EP005MC,6,TX
TX0490001,CITY OF GAINESVILLE,L,49661,GW,EP006MC,6,TX
TX0490001,CITY OF GAINESVILLE,L,49663,GW,EP007MC,6,TX
TX0490001,CITY OF GAINESVILLE,L,49662,GW,EP008MC,6,TX
TX0490014,ERA WSC,S,20001,GW,EP001,6,TX
TX0490017,MOSS LAKE WSC,S,001,GW,001,6,TX
TX0490018,WOODBINE WSC,S,EP009,GW,RN109761163,6,TX
TX0490018,WOODBINE WSC,S,EP005,GW,RN111426292,6,TX
TX0490020,PIONEER VALLEY WATER CO,S,10001,GW,EP001,6,TX
TX0500001,CITY OF COPPERAS COVE,L,34600,SW,EP001,6,TX
TX0500002,CITY OF GATESVILLE,L,90001,SW,EP001,6,TX
TX0500013,CORYELL CITY WATER SUPPLY DISTRICT,S,EP001,SW,EP001,6,TX
TX0500013,CORYELL CITY WATER SUPPLY DISTRICT,S,EP002,SW,EP002,6,TX
TX0500013,CORYELL CITY WATER SUPPLY DISTRICT,S,EP003,SW,EP003,6,TX
TX0500044,MULTI-COUNTY WSC,S,0500044,SW,001,6,TX
TX0530012,CROCKETT COUNTY WCID 1 OZONA,S,TP2734,GW,EP001,6,TX
TX0530012,CROCKETT COUNTY WCID 1 OZONA,S,TP2738,GW,EP002,6,TX
TX0560001,DALHART MUNICIPAL WATER SYSTEM,S,EP001,GW,TRTTAP,6,TX
TX0570004,DALLAS WATER UTILITY,L,49782,SW,EP001MC1,6,TX
TX0570004,DALLAS WATER UTILITY,L,49783,SW,EP002MC2,6,TX
TX0570004,DALLAS WATER UTILITY,L,49784,SW,EP003MC3,6,TX
TX0570006,CITY OF DESOTO,L,00001,SW,EP01,6,TX
TX0570007,CITY OF DUNCANVILLE,L,34621,SW,EP001,6,TX
TX0570010,CITY OF GARLAND,L,00003,SW,EP002,6,TX
TX0570012,CITY OF HUTCHINS,S,EP003,SW,TRTTAP,6,TX
TX0570013,"CITY OF LANCASTER, TX",L,34624,SW,EP001,6,TX
TX0570014,CITY OF MESQUITE,L,34625,SW,EP001,6,TX
TX0570015,CITY OF RICHARDSON,L,EP001,SW,TRTTAP,6,TX
TX0570016,CITY OF SEAGOVILLE,L,34627,SW,EP001,6,TX
TX0570018,CITY OF WILMER,S,EP003,SW,TRTTAP,6,TX
TX0570031,TOWN OF ADDISON,L,66657,SW,EP002,6,TX
TX0570032,CITY OF BALCH SPRINGS,L,00003,SW,EPFCT1,6,TX
TX0570032,CITY OF BALCH SPRINGS,L,00004,SW,EPFCT2,6,TX
TX0570034,CITY OF CARROLLTON,L,34630,SW,EP001,6,TX
TX0570034,CITY OF CARROLLTON,L,34631,SW,EP002,6,TX
TX0570034,CITY OF CARROLLTON,L,34632,SW,EP003,6,TX
TX0570034,CITY OF CARROLLTON,L,34633,SW,EP004,6,TX
TX0570036,CITY OF CEDAR HILL,L,34631,SW,EP003,6,TX
TX0570038,CITY OF COCKRELL HILL,S,EP001,SW,TRTTAP,6,TX
TX0570039,COMBINE WSC,S,10001,SW,EP001,6,TX
TX0570040,CITY OF COPPELL,L,34634,SW,EP001,6,TX
TX0570047,CITY OF FARMERS BRANCH,L,56164,SW,EP003,6,TX
TX0570048,CITY OF GRAND PRAIRIE,L,34639,SW,EP001,6,TX
TX0570048,CITY OF GRAND PRAIRIE,L,34640,SW,EP002,6,TX
TX0570048,CITY OF GRAND PRAIRIE,L,34638,SW,EP010,6,TX
TX0570048,CITY OF GRAND PRAIRIE,L,11448,SW,EP015,6,TX
TX0570048,CITY OF GRAND PRAIRIE,L,11449,SW,EP016,6,TX
TX0570049,TOWN OF HIGHLAND PARK,S,EP001,SW,TRTTAP,6,TX
TX0570050,CITY OF IRVING,L,34643,SW,EP001,6,TX
TX0570050,CITY OF IRVING,L,34644,SW,EP005,6,TX
TX0570050,CITY OF IRVING,L,34645,SW,EP006,6,TX
TX0570056,CITY OF ROWLETT,L,34644,SW,EP001,6,TX
TX0570057,CITY OF SACHSE,L,34645,SW,EP002,6,TX
TX0570059,TOWN OF SUNNYVALE,S,EP001,SW,TRTTAP,6,TX
TX0570061,CITY OF UNIVERSITY PARK,L,34647,SW,EP001,6,TX
TX0570085,CITY OF GLENN HEIGHTS,L,00001,SW,EP001,6,TX
TX0570136,DALLAS FORT WORTH INTERNATIONAL AIRPORT,L,34657,SW,EP001,6,TX
TX0570136,DALLAS FORT WORTH INTERNATIONAL AIRPORT,L,34658,SW,EP002,6,TX
TX0580001,CITY OF LAMESA,S,EP002,SW,TRTTAP,6,TX
TX0590001,HEREFORD MUNICIPAL WATER SYSTEM,L,EP001,GW,EP001,6,TX
TX0590001,HEREFORD MUNICIPAL WATER SYSTEM,L,EP002,GW,EP002,6,TX
TX0590001,HEREFORD MUNICIPAL WATER SYSTEM,L,EP003,GW,EP003,6,TX
TX0590001,HEREFORD MUNICIPAL WATER SYSTEM,L,EP004,GW,EP004,6,TX
TX0610002,CITY OF DENTON,L,49901,SW,EP001MC,6,TX
TX0610002,CITY OF DENTON,L,61968,SW,EP005MC,6,TX
TX0610003,CITY OF JUSTIN,S,10001,SW,EP001,6,TX
TX0610004,CITY OF LEWISVILLE,L,90001,SW,EP001,6,TX
TX0610004,CITY OF LEWISVILLE,L,90002,SW,EP002,6,TX
TX0610004,CITY OF LEWISVILLE,L,90003,SW,EP005,6,TX
TX0610005,CITY OF PILOT POINT,S,EP007,GW,TRTTAP,6,TX
TX0610006,CITY OF SANGER,S,EP006,GW,TRTTAP,6,TX
TX0610007,CITY OF KRUM,S,EP005,SW,TRTTAP,6,TX
TX0610008,CITY OF ROANOKE,S,EP005,SW,TRTTAP,6,TX
TX0610018,TROPHY CLUB MUD 1,S,EP001,SW,EP001,6,TX
TX0610019,ARGYLE WSC,S,EP008,MX,EP008,6,TX
TX0610019,ARGYLE WSC,S,EP007,GW,TRTTAP,6,TX
TX0610020,CROSS TIMBERS WSC,S,EP008,SW,TRTTAP,6,TX
TX0610023,TOWN OF FLOWER MOUND,L,34679,SW,EP001,6,TX
TX0610023,TOWN OF FLOWER MOUND,L,34680,SW,EP002,6,TX
TX0610023,TOWN OF FLOWER MOUND,L,01234,SW,EP003,6,TX
TX0610029,LAKE CITIES MUNICIPAL UTILITY AUTHORITY,L,34681,SW,EP001,6,TX
TX0610029,LAKE CITIES MUNICIPAL UTILITY AUTHORITY,L,49948,SW,EP001MC,6,TX
TX0610029,LAKE CITIES MUNICIPAL UTILITY AUTHORITY,L,49950,GW,EP003MC,6,TX
TX0610035,TOWN OF LITTLE ELM,L,34682,SW,EP001,6,TX
TX0610036,MUSTANG SUD,L,2975,GW,EP001,6,TX
TX0610036,MUSTANG SUD,L,2971,GW,EP002,6,TX
TX0610036,MUSTANG SUD,L,2972,GW,EP003,6,TX
TX0610036,MUSTANG SUD,L,2974,GW,EP005,6,TX
TX0610036,MUSTANG SUD,L,19771,SW,EP009,6,TX
TX0610036,MUSTANG SUD,L,410045,GW,EP010,6,TX
TX0610036,MUSTANG SUD,L,411832,GW,EP011,6,TX
TX0610036,MUSTANG SUD,L,411843,GW,EP012,6,TX
TX0610036,MUSTANG SUD,L,1280544,GW,EP013,6,TX
TX0610036,MUSTANG SUD,L,90001,GW,EP014,6,TX
TX0610049,BOLIVAR WSC,S,TP2995,GW,EP002,6,TX
TX0610049,BOLIVAR WSC,S,TP2993,GW,EP003,6,TX
TX0610049,BOLIVAR WSC,S,TP3002,GW,EP004,6,TX
TX0610049,BOLIVAR WSC,S,TP3003,GW,EP005,6,TX
TX0610049,BOLIVAR WSC,S,TP3001,GW,EP006,6,TX
TX0610049,BOLIVAR WSC,S,TP3000,GW,EP008,6,TX
TX0610049,BOLIVAR WSC,S,TP2997,GW,EP009,6,TX
TX0610049,BOLIVAR WSC,S,TP2999,GW,EP010,6,TX
TX0610049,BOLIVAR WSC,S,TP2998,GW,EP011,6,TX
TX0610049,BOLIVAR WSC,S,TP2991,GW,EP012,6,TX
TX0610049,BOLIVAR WSC,S,TP2992,GW,EP013,6,TX
TX0610049,BOLIVAR WSC,S,TP2990,GW,EP014,6,TX
TX0610049,BOLIVAR WSC,S,TP15619,GW,EP015,6,TX
TX0610049,BOLIVAR WSC,S,TP411442,GW,EP016,6,TX
TX0610049,BOLIVAR WSC,S,TP412136,GW,EP017,6,TX
TX0610065,"CITY OF CORINTH, TX",L,34687,SW,EP002,6,TX
TX0610080,CITY OF HIGHLAND VILLAGE,L,50013,GW,EP001MC,6,TX
TX0610080,CITY OF HIGHLAND VILLAGE,L,50009,GW,EP002MC,6,TX
TX0610080,CITY OF HIGHLAND VILLAGE,L,50010,GW,EP003MC,6,TX
TX0610080,CITY OF HIGHLAND VILLAGE,L,50011,MX,EP004MC,6,TX
TX0610080,CITY OF HIGHLAND VILLAGE,L,50012,MX,EP005MC,6,TX
TX0610081,CITY OF THE COLONY,L,34692,MX,EP001,6,TX
TX0610081,CITY OF THE COLONY,L,34693,SW,EP002,6,TX
TX0610081,CITY OF THE COLONY,L,50017,GW,EP002MC,6,TX
TX0610081,CITY OF THE COLONY,L,50014,GW,EP003MC,6,TX
TX0610081,CITY OF THE COLONY,L,50015,GW,EP004MC,6,TX
TX0610084,WOODLAND HILLS,S,10001,GW,EP001,6,TX
TX0610091,CITY OF HACKBERRY,S,EP004,SW,EP004,6,TX
TX0610195,MULLINS MOBILE HOME PARK,S,TP101,GW,01,6,TX
TX0610228,DENTON COUNTY FWSD 7 LANTANA,L,20001,SW,EP1,6,TX
TX0610235,TOWN OF NORTHLAKE,S,10001,SW,EP001,6,TX
TX0610235,TOWN OF NORTHLAKE,S,10002,SW,EP002,6,TX
TX0610244,TOWN OF PROVIDENCE VILLAGE,S,EP001,SW,TRTTAP,6,TX
TX0610253,FRISCO WEST WCID,S,EP001,GW,EP001,6,TX
TX0610253,FRISCO WEST WCID,S,EP002,GW,EP002,6,TX
TX0610253,FRISCO WEST WCID,S,EP003,SW,EP003,6,TX
TX0610259,DENTON COUNTY FWSD 11-A PALOMA,S,EP001,SW,TRTTAP,6,TX
TX0610261,DENTON COUNTY FWSD 10 ARTESIA,S,20001,SW,EP001,6,TX
TX0610273,TOWN OF TROPHY CLUB PUBLIC IMPROVEMENT D,S,P0610273A,SW,EP001,6,TX
TX0620001,CITY OF CUERO,S,TP3151,GW,EP001,6,TX
TX0620001,CITY OF CUERO,S,TP3150,GW,EP002,6,TX
TX0620001,CITY OF CUERO,S,TP19931,GW,EP004,6,TX
TX0620003,CITY OF YOAKUM,S,EP002,GW,TRTTAP,6,TX
TX0640002,CITY OF CARRIZO SPRINGS,S,EP001,GW,TRTTAP,6,TX
TX0660003,SAN DIEGO MUD 1,S,EP001,GW,EP001,6,TX
TX0660003,SAN DIEGO MUD 1,S,EP002,GW,EP002,6,TX
TX0670001,CITY OF CISCO,S,EP001,SW,EP001,6,TX
TX0670002,CITY OF EASTLAND,S,EP001,SW,TRTTAP,6,TX
TX0680002,CITY OF ODESSA,L,50196,SW,EP001MC1,6,TX
TX0680235,ECTOR COUNTY UTILITY DISTRICT,L,F5A4D82C,MX,EP001,6,TX
TX0700001,CITY OF ENNIS,L,50317,SW,EP001MC1,6,TX
TX0700005,CITY OF MIDLOTHIAN,L,50323,SW,EP001MC,6,TX
TX0700005,CITY OF MIDLOTHIAN,L,41061,SW,EP002,6,TX
TX0700008,CITY OF WAXAHACHIE,L,50329,SW,EP001MC,6,TX
TX0700008,CITY OF WAXAHACHIE,L,90001,SW,TP21871,6,TX
TX0700031,CITY OF RED OAK,L,20001,SW,EP1,6,TX
TX0700033,ROCKETT SUD,L,34742,SW,EP001,6,TX
TX0700033,ROCKETT SUD,L,34743,SW,EP002,6,TX
TX0700034,SARDIS LONE ELM WSC,L,12689,MX,EP001,6,TX
TX0700034,SARDIS LONE ELM WSC,L,12711,MX,EP002,6,TX
TX0700034,SARDIS LONE ELM WSC,L,12712,MX,EP003,6,TX
TX0700034,SARDIS LONE ELM WSC,L,12713,MX,EP004,6,TX
TX0700034,SARDIS LONE ELM WSC,L,12714,MX,EP005,6,TX
TX0700034,SARDIS LONE ELM WSC,L,12715,MX,EP006,6,TX
TX0700034,SARDIS LONE ELM WSC,L,01471,MX,EP007,6,TX
TX0700037,BUENA VISTA BETHEL SUD,S,TP3454,GW,EP001,6,TX
TX0700037,BUENA VISTA BETHEL SUD,S,TP3455,GW,EP002,6,TX
TX0700037,BUENA VISTA BETHEL SUD,S,TP3456,GW,EP003,6,TX
TX0700037,BUENA VISTA BETHEL SUD,S,TP19068,GW,EP004,6,TX
TX0700037,BUENA VISTA BETHEL SUD,S,TP410765,MX,EP005,6,TX
TX0700042,MOUNTAIN PEAK SUD,L,10002,GW,EP001,6,TX
TX0700042,MOUNTAIN PEAK SUD,L,10003,GW,EP002,6,TX
TX0700042,MOUNTAIN PEAK SUD,L,10004,GW,EP003,6,TX
TX0700042,MOUNTAIN PEAK SUD,L,10005,GW,EP004,6,TX
TX0700042,MOUNTAIN PEAK SUD,L,10001,SW,EP005,6,TX
TX0700042,MOUNTAIN PEAK SUD,L,10006,GW,EP006,6,TX
TX0700042,MOUNTAIN PEAK SUD,L,10007,GW,EP007,6,TX
TX0700064,SPANISH GRANT SUBDIVISION,S,EP001,GW,EP,6,TX
TX0700067,CITY OF OVILLA,S,EP001,SW,TRTTAP,6,TX
TX0710001,TOWN OF ANTHONY,S,EP004,GW,TRTTAP,6,TX
TX0710002,EL PASO WATER UTILITIES PUBLIC SERVICE B,L,50379,SW,EP001MC1,6,TX
TX0710002,EL PASO WATER UTILITIES PUBLIC SERVICE B,L,50381,GW,EP003MC2,6,TX
TX0710002,EL PASO WATER UTILITIES PUBLIC SERVICE B,L,50398,GW,EP004MC3,6,TX
TX0710002,EL PASO WATER UTILITIES PUBLIC SERVICE B,L,50397,GW,EP005MC4,6,TX
TX0710002,EL PASO WATER UTILITIES PUBLIC SERVICE B,L,50396,GW,EP007MC6,6,TX
TX0710002,EL PASO WATER UTILITIES PUBLIC SERVICE B,L,50382,GW,EP008MC7,6,TX
TX0710002,EL PASO WATER UTILITIES PUBLIC SERVICE B,L,50395,GW,EP009MC8,6,TX
TX0710002,EL PASO WATER UTILITIES PUBLIC SERVICE B,L,50383,GW,EP010MC9,6,TX
TX0710002,EL PASO WATER UTILITIES PUBLIC SERVICE B,L,50394,GW,EP012MC10,6,TX
TX0710002,EL PASO WATER UTILITIES PUBLIC SERVICE B,L,50401,GW,EP013,6,TX
TX0710002,EL PASO WATER UTILITIES PUBLIC SERVICE B,L,90001,GW,EP020,6,TX
TX0710002,EL PASO WATER UTILITIES PUBLIC SERVICE B,L,50385,GW,EP022MC13,6,TX
TX0710002,EL PASO WATER UTILITIES PUBLIC SERVICE B,L,50402,GW,EP023,6,TX
TX0710002,EL PASO WATER UTILITIES PUBLIC SERVICE B,L,50403,GW,EP024,6,TX
TX0710002,EL PASO WATER UTILITIES PUBLIC SERVICE B,L,50386,GW,EP026MC15,6,TX
TX0710002,EL PASO WATER UTILITIES PUBLIC SERVICE B,L,50404,GW,EP028,6,TX
TX0710002,EL PASO WATER UTILITIES PUBLIC SERVICE B,L,50405,GW,EP030,6,TX
TX0710002,EL PASO WATER UTILITIES PUBLIC SERVICE B,L,50406,GW,EP033,6,TX
TX0710002,EL PASO WATER UTILITIES PUBLIC SERVICE B,L,50393,GW,EP038,6,TX
TX0710002,EL PASO WATER UTILITIES PUBLIC SERVICE B,L,50391,GW,EP040MC16,6,TX
TX0710002,EL PASO WATER UTILITIES PUBLIC SERVICE B,L,50390,GW,EP041MC17,6,TX
TX0710002,EL PASO WATER UTILITIES PUBLIC SERVICE B,L,50389,GW,EP042MC18,6,TX
TX0710002,EL PASO WATER UTILITIES PUBLIC SERVICE B,L,50388,GW,EP043MC19,6,TX
TX0710002,EL PASO WATER UTILITIES PUBLIC SERVICE B,L,50380,SW,EP044MC20,6,TX
TX0710002,EL PASO WATER UTILITIES PUBLIC SERVICE B,L,50399,GW,EP045MC21,6,TX
TX0710002,EL PASO WATER UTILITIES PUBLIC SERVICE B,L,90002,GW,EP047,6,TX
TX0710002,EL PASO WATER UTILITIES PUBLIC SERVICE B,L,50400,GW,EP049,6,TX
TX0710005,HORIZON REGIONAL MUD,L,70001,GW,EP1,6,TX
TX0710018,EL PASO COUNTY WCID 4 FABENS,S,EP002,GW,TRTTAP,6,TX
TX0710019,EL PASO COUNTY TORNILLO WID,S,10001,GW,ATP1,6,TX
TX0710020,FORT BLISS MAIN POST AREA,L,00010,GW,3695,6,TX
TX0710020,FORT BLISS MAIN POST AREA,L,00009,GW,PIKE,6,TX
TX0710078,FORT BLISS BIGGS ARMY AIRFIELD,S,EP001,GW,TRTTAP,6,TX
TX0710154,LOWER VALLEY WATER DISTRICT,L,34771,SW,EP001,6,TX
TX0710154,LOWER VALLEY WATER DISTRICT,L,34770,GW,EP002,6,TX
TX0710178,EAST MONTANA WATER SYSTEM,S,EP004,SW,TRTTAP,6,TX
TX0710186,PASEO DEL ESTE MUD 1,S,EP001,SW,EP001,6,TX
TX0710187,EAST BIGGS WATER SYSTEM,L,00008,SW,BLDG18535,6,TX
TX0710187,EAST BIGGS WATER SYSTEM,L,00007,SW,BLDG20588,6,TX
TX0720001,CITY OF DUBLIN,S,EP001,SW,TRTTAP,6,TX
TX0720002,CITY OF STEPHENVILLE,L,50491,GW,EP001MC,6,TX
TX0720002,CITY OF STEPHENVILLE,L,50492,GW,EP002MC,6,TX
TX0720002,CITY OF STEPHENVILLE,L,50493,GW,EP003MC,6,TX
TX0720002,CITY OF STEPHENVILLE,L,61703,MX,EP004MC,6,TX
TX0730002,CITY OF MARLIN,S,TP22026,SW,EP001,6,TX
TX0730004,TRI COUNTY SUD,S,EP004,GW,TRTTAP,6,TX
TX0740001,CITY OF BONHAM,L,67987,SW,EP001,6,TX
TX0740031,SOUTHWEST FANNIN COUNTY SUD,S,EP001,GW,EP001,6,TX
TX0740031,SOUTHWEST FANNIN COUNTY SUD,S,EP002,GW,EP002,6,TX
TX0740031,SOUTHWEST FANNIN COUNTY SUD,S,EP003,GW,EP003,6,TX
TX0740031,SOUTHWEST FANNIN COUNTY SUD,S,EP004,GW,EP004,6,TX
TX0740031,SOUTHWEST FANNIN COUNTY SUD,S,EP005,GW,EP005,6,TX
TX0740031,SOUTHWEST FANNIN COUNTY SUD,S,EP006,GW,EP006,6,TX
TX0740031,SOUTHWEST FANNIN COUNTY SUD,S,EP007,GW,EP007,6,TX
TX0740031,SOUTHWEST FANNIN COUNTY SUD,S,EP008,GW,EP008,6,TX
TX0740044,BOIS D ARC MUD,S,TP20638,GW,EP002,6,TX
TX0740044,BOIS D ARC MUD,S,TP3824,GW,EP003,6,TX
TX0740044,BOIS D ARC MUD,S,TP1280181,GW,EP005,6,TX
TX0750003,CITY OF LA GRANGE,S,EP005,GW,TRTTAP,6,TX
TX0750022,FAYETTE WSC WEST,S,EP006,GW,TRTTAP,6,TX
TX0790001,CITY OF NEEDVILLE,S,TP101,GW,01,6,TX
TX0790001,CITY OF NEEDVILLE,S,TP102,GW,02,6,TX
TX0790001,CITY OF NEEDVILLE,S,TP103,GW,03,6,TX
TX0790003,CITY OF ROSENBERG,L,50632,GW,EP002MC,6,TX
TX0790003,CITY OF ROSENBERG,L,50633,GW,EP003MC,6,TX
TX0790003,CITY OF ROSENBERG,L,50634,GW,EP004MC,6,TX
TX0790003,CITY OF ROSENBERG,L,62320,GW,EP005MC,6,TX
TX0790003,CITY OF ROSENBERG,L,79003,GW,EP006MC,6,TX
TX0790003,CITY OF ROSENBERG,L,90001,SW,EP007,6,TX
TX0790004,FORT BEND COUNTY WCID 2,L,50635,GW,EP002MC,6,TX
TX0790004,FORT BEND COUNTY WCID 2,L,50638,GW,EP003MC,6,TX
TX0790004,FORT BEND COUNTY WCID 2,L,50636,GW,EP004MC,6,TX
TX0790004,FORT BEND COUNTY WCID 2,L,50637,GW,EP005MC,6,TX
TX0790004,FORT BEND COUNTY WCID 2,L,50639,GW,EP006,6,TX
TX0790004,FORT BEND COUNTY WCID 2,L,50646,SW,SWTP2,6,TX
TX0790005,CITY OF SUGAR LAND,L,50640,GW,EP001MC,6,TX
TX0790005,CITY OF SUGAR LAND,L,50642,MX,EP003MC,6,TX
TX0790005,CITY OF SUGAR LAND,L,50641,GW,EP004MC,6,TX
TX0790005,CITY OF SUGAR LAND,L,79005,GW,EP005MC,6,TX
TX0790005,CITY OF SUGAR LAND,L,79006,MX,EP006MC,6,TX
TX0790005,CITY OF SUGAR LAND,L,79008,SW,EP008,6,TX
TX0790005,CITY OF SUGAR LAND,L,79009,MX,EP009,6,TX
TX0790023,CITY OF RICHMOND,L,50647,GW,EP001MC,6,TX
TX0790023,CITY OF RICHMOND,L,50648,GW,EP002MC,6,TX
TX0790023,CITY OF RICHMOND,L,50649,GW,EP003MC,6,TX
TX0790023,CITY OF RICHMOND,L,62164,GW,EP004MC,6,TX
TX0790023,CITY OF RICHMOND,L,62165,GW,EP005MC,6,TX
TX0790023,CITY OF RICHMOND,L,62166,SW,EP006MC,6,TX
TX0790025,CITY OF MEADOWS PLACE,S,EP003,GW,TRTTAP,6,TX
TX0790028,QUAIL VALLEY UTILITY DISTRICT,L,50653,GW,EP001MC,6,TX
TX0790028,QUAIL VALLEY UTILITY DISTRICT,L,50654,GW,EP002MC,6,TX
TX0790028,QUAIL VALLEY UTILITY DISTRICT,L,50655,GW,EP003MC,6,TX
TX0790033,THUNDERBIRD UTILITY DISTRICT 1,S,EP002,GW,TRTTAP,6,TX
TX0790038,FORT BEND COUNTY MUD 2,S,EP001,SW,EP001,6,TX
TX0790051,BLUE RIDGE WEST MUD,S,EP002,GW,TRTTAP,6,TX
TX0790085,TDCJ JESTER 1 UNIT,S,TP3978,GW,EP001,6,TX
TX0790085,TDCJ JESTER 1 UNIT,S,TP3985,GW,EP002,6,TX
TX0790112,PLANTATION MUD,S,EP002,GW,TRTTAP,6,TX
TX0790130,FORT BEND COUNTY MUD 25,L,10002,GW,SP002,6,TX
TX0790130,FORT BEND COUNTY MUD 25,L,10003,GW,SP003,6,TX
TX0790130,FORT BEND COUNTY MUD 25,L,10004,GW,SP004,6,TX
TX0790130,FORT BEND COUNTY MUD 25,L,10001,GW,SPW001,6,TX
TX0790132,PECAN GROVE MUD,L,50713,MX,EP001MC,6,TX
TX0790132,PECAN GROVE MUD,L,50714,MX,EP002MC,6,TX
TX0790132,PECAN GROVE MUD,L,50715,MX,EP003MC,6,TX
TX0790132,PECAN GROVE MUD,L,50716,MX,EP004,6,TX
TX0790133,CITY OF FULSHEAR,L,EP004,GW,TRTTAP,6,TX
TX0790137,FORT BEND COUNTY MUD 26 QUAIL GREEN WEST,S,EP001,GW,TRTTAP,6,TX
TX0790146,FORT BEND COUNTY MUD 30,L,EP002,SW,TRTTAP,6,TX
TX0790158,KINGSBRIDGE MUD,S,EP002,SW,TRTTAP,6,TX
TX0790174,NORTH MISSION GLEN MUD,S,EP001,SW,TRTTAP,6,TX
TX0790200,FORT BEND COUNTY MUD 34,S,EP001,SW,EP001,6,TX
TX0790216,HARRIS FORT BEND COUNTIES MUD 1,S,EP001,GW,EP001,6,TX
TX0790229,FORT BEND COUNTY MUD 41,S,EP001,SW,TRTTAP,6,TX
TX0790230,FIRST COLONY MUD 9,S,EP001,GW,TRTTAP,6,TX
TX0790237,FORT BEND COUNTY MUD 23,L,00312,GW,EP001,6,TX
TX0790237,FORT BEND COUNTY MUD 23,L,68024,GW,EP002,6,TX
TX0790253,CITY OF SUGAR LAND - NEW TERRITORY,L,EP003,GW,TRTTAP,6,TX
TX0790254,FORT BEND COUNTY MUD 42 WAT PLAT,S,EP001,GW,TRTTAP,6,TX
TX0790267,FORT BEND COUNTY MUD 48,S,10001,GW,EP001,6,TX
TX0790268,FORT BEND COUNTY MUD 81 WESTON LAKES,S,10001,GW,EP001,6,TX
TX0790268,FORT BEND COUNTY MUD 81 WESTON LAKES,S,10002,GW,EP002,6,TX
TX0790277,FORT BEND COUNTY MUD 50,S,EP001,SW,TRTTAP,6,TX
TX0790296,CITY OF SUGAR LAND - GREATWOOD,L,20001,GW,EP1,6,TX
TX0790296,CITY OF SUGAR LAND - GREATWOOD,L,20002,GW,EP2,6,TX
TX0790306,CINCO MUD 2,S,EP001,GW,TRTTAP,6,TX
TX0790307,CINCO MUD 9,S,EP001,GW,TRTTAP,6,TX
TX0790324,CINCO MUD 8,S,EP001,GW,EP001,6,TX
TX0790332,BIG OAKS MUD,S,EP001,SW,TRTTAP,6,TX
TX0790343,CINCO MUD 7,S,EP001,GW,EP001,6,TX
TX0790345,SIENNA PLANTATION MUD 2,S,EP001,GW,EP001,6,TX
TX0790347,HARRIS FORT BEND COUNTIES MUD 5,S,EP002,GW,TRTTAP,6,TX
TX0790354,CITY OF SUGAR LAND RIVER PARK,S,EP001,GW,TRTTAP,6,TX
TX0790366,FORT BEND COUNTY MUD 118,S,EP001,SW,TRTTAP,6,TX
TX0790367,FORT BEND COUNTY MUD 116 CANYON GATE,S,EP001,GW,TRTTAP,6,TX
TX0790376,SIENNA PLANTATION MUD 3,S,EP001,GW,TRTTAP,6,TX
TX0790382,FORT BEND COUNTY MUD 119,S,EP001,SW,EP001,6,TX
TX0790388,LAMAR CISD FOSTER BRISCOE AND WERTHEIMER,S,EP001,GW,TRTTAP,6,TX
TX0790393,FORT BEND COUNTY MUD 121,S,EP001,GW,TRTTAP,6,TX
TX0790412,FORT BEND COUNTY MUD 124,S,10001,GW,GST,6,TX
TX0790416,FORT BEND COUNTY MUD 122,S,10001,MX,GST001,6,TX
TX0790422,CINCO MUD 14,S,EP001,GW,TRTTAP,6,TX
TX0790429,FORT BEND COUNTY MUD 142,S,EP001,SW,TRTTAP,6,TX
TX0790430,GRAND MISSION MUD 1,S,TP20155,MX,EP001,6,TX
TX0790430,GRAND MISSION MUD 1,S,TP21220,MX,EP002,6,TX
TX0790430,GRAND MISSION MUD 1,S,TP412397,SW,EP003,6,TX
TX0790433,FORT BEND COUNTY MUD 35,S,EP001,GW,TRTTAP,6,TX
TX0790435,FORT BEND COUNTY MUD 146,S,TP20428,MX,EP001,6,TX
TX0790435,FORT BEND COUNTY MUD 146,S,TP20429,MX,EP002,6,TX
TX0790437,FORT BEND COUNTY MUD 129,S,EP002,GW,TRTTAP,6,TX
TX0790443,FORT BEND COUNTY MUD 151,S,EP001,GW,TRTTAP,6,TX
TX0790444,FORT BEND COUNTY MUD 133,S,10001,MX,EP001,6,TX
TX0790446,FORT BEND COUNTY MUD 123,S,EP001,SW,EP001,6,TX
TX0790452,SIENNA PLANTATION MUD 10,S,EP001,GW,TRTTAP,6,TX
TX0790455,FORT BEND COUNTY MUD 57,S,EP001,SW,TRTTAP,6,TX
TX0790458,FORT BEND COUNTY MUD 58,S,TP21447,MX,EP001,6,TX
TX0790458,FORT BEND COUNTY MUD 58,S,TP1280222,GW,EP002,6,TX
TX0790458,FORT BEND COUNTY MUD 58,S,P0790458A,GW,EP003,6,TX
TX0790462,KINGDOM HEIGHTS WATER SYSTEM,S,20001,GW,EP001,6,TX
TX0790470,FORT BEND COUNTY MUD 165,S,EP001,MX,HOSEBIB,6,TX
TX0790472,FORT BEND COUNTY MUD 143 WATER VIEW ESTA,S,TP21184,GW,EP001,6,TX
TX0790472,FORT BEND COUNTY MUD 143 WATER VIEW ESTA,S,TP411312,GW,EP002,6,TX
TX0790481,CINCO SOUTHWEST MUD 2,S,EP001,SW,TRTTAP,6,TX
TX0790521,CINCO SOUTHWEST MUD 3 DAYCARE,S,EP001,SW,EP001,6,TX
TX0790522,CINCO SOUTHWEST MUD 4,S,EP001,MX,EP001,6,TX
TX0790532,FORT BEND COUNTY MUD 134B,S,10001,GW,EP001,6,TX
TX0790533,FORT BEND COUNTY MUD 134C,S,EP001,GW,TRTTAP,6,TX
TX0800003,CYPRESS SPRINGS SUD N PLANT 1 AND NE PLA,L,14808,SW,EP14808,6,TX
TX0800003,CYPRESS SPRINGS SUD N PLANT 1 AND NE PLA,L,17836,SW,EP17836,6,TX
TX0810001,CITY OF FAIRFIELD,S,EP002,GW,TRTTAPEPA,6,TX
TX0810002,CITY OF TEAGUE,S,EP002,GW,TRTTAP,6,TX
TX0810005,SOUTH FREESTONE COUNTY WSC,S,EP009,GW,TRTTAP,6,TX
TX0820001,CITY OF DILLEY,S,EP002,GW,TRTTAP,6,TX
TX0820002,CITY OF PEARSALL,S,TP4232,GW,EP002,6,TX
TX0820002,CITY OF PEARSALL,S,TP4234,GW,EP003,6,TX
TX0820002,CITY OF PEARSALL,S,TP4235,GW,EP004,6,TX
TX0820002,CITY OF PEARSALL,S,TP4233,GW,EP005,6,TX
TX0830012,CITY OF SEMINOLE,S,EP004,GW,TRTTAP,6,TX
TX0840001,GALVESTON COUNTY WCID 1,L,34867,SW,EP001,6,TX
TX0840002,CITY OF FRIENDSWOOD,L,34868,SW,EP001,6,TX
TX0840002,CITY OF FRIENDSWOOD,L,15842,GW,EP002,6,TX
TX0840002,CITY OF FRIENDSWOOD,L,15844,GW,EP003,6,TX
TX0840002,CITY OF FRIENDSWOOD,L,15848,GW,EP004,6,TX
TX0840002,CITY OF FRIENDSWOOD,L,15850,GW,EP005,6,TX
TX0840002,CITY OF FRIENDSWOOD,L,15854,GW,EP006,6,TX
TX0840002,CITY OF FRIENDSWOOD,L,15868,GW,EP007,6,TX
TX0840002,CITY OF FRIENDSWOOD,L,20593,SW,EP008,6,TX
TX0840003,CITY OF GALVESTON,L,00001,SW,EP001,6,TX
TX0840003,CITY OF GALVESTON,L,00002,SW,EP002,6,TX
TX0840003,CITY OF GALVESTON,L,00003,SW,EP003,6,TX
TX0840004,CITY OF HITCHCOCK,S,TP4341,SW,EP001,6,TX
TX0840004,CITY OF HITCHCOCK,S,TP412145,SW,EP003,6,TX
TX0840006,CITY OF LA MARQUE,L,00001,SW,EP001,6,TX
TX0840007,CITY OF LEAGUE CITY,L,06422,SW,EP001,6,TX
TX0840007,CITY OF LEAGUE CITY,L,64061,SW,EP003,6,TX
TX0840007,CITY OF LEAGUE CITY,L,11889,GW,EP008,6,TX
TX0840007,CITY OF LEAGUE CITY,L,01621,GW,EP009,6,TX
TX0840008,CITY OF TEXAS CITY,L,34880,SW,EP001,6,TX
TX0840009,GALVESTON COUNTY WCID 8,S,EP003,SW,TRTTAP,6,TX
TX0840011,BACLIFF MUD,S,EP001,SW,EP001,6,TX
TX0840031,GALVESTON COUNTY WCID 12,S,TP15789,GW,EP001,6,TX
TX0840031,GALVESTON COUNTY WCID 12,S,TP15790,GW,EP002,6,TX
TX0840031,GALVESTON COUNTY WCID 12,S,TP17856,MX,EP003,6,TX
TX0840044,BOLIVAR PENINSULA SUD,L,64062,SW,EP001,6,TX
TX0840063,SAN LEON MUD,L,EST001,SW,SP001,6,TX
TX0850001,CITY OF POST,S,EP003,SW,TRTTAP,6,TX
TX0860001,CITY OF FREDERICKSBURG,L,90001,GW,EP001,6,TX
TX0860001,CITY OF FREDERICKSBURG,L,90002,GW,EP004,6,TX
TX0890001,CITY OF GONZALES,S,EP003,SW,TRTTAP,6,TX
TX0890006,GONZALES COUNTY WSC,S,EP009,GW,TRTTAP,6,TX
TX0900003,CITY OF PAMPA,L,51249,SW,EP001MC,6,TX
TX0900003,CITY OF PAMPA,L,51250,GW,EP002MC,6,TX
TX0900003,CITY OF PAMPA,L,51251,GW,EP003MC,6,TX
TX0900003,CITY OF PAMPA,L,51254,GW,EP004W213,6,TX
TX0910003,CITY OF DENISON,L,51276,SW,EP001MC,6,TX
TX0910006,CITY OF SHERMAN,L,51287,GW,EP001MC,6,TX
TX0910006,CITY OF SHERMAN,L,51286,GW,EP002MC,6,TX
TX0910006,CITY OF SHERMAN,L,51288,GW,EP004MC,6,TX
TX0910006,CITY OF SHERMAN,L,51285,GW,EP005MC,6,TX
TX0910006,CITY OF SHERMAN,L,51284,GW,EP006MC,6,TX
TX0910006,CITY OF SHERMAN,L,51289,GW,EP007MC,6,TX
TX0910006,CITY OF SHERMAN,L,51292,GW,EP008MC,6,TX
TX0910006,CITY OF SHERMAN,L,51290,GW,EP009MC,6,TX
TX0910006,CITY OF SHERMAN,L,51291,GW,EP010MC,6,TX
TX0910006,CITY OF SHERMAN,L,51283,SW,EP011MC,6,TX
TX0910009,CITY OF VAN ALSTYNE,S,EP001,GW,G0910009A,6,TX
TX0910009,CITY OF VAN ALSTYNE,S,EP003,GW,G091009C,6,TX
TX0910009,CITY OF VAN ALSTYNE,S,EP002,GW,G091009D,6,TX
TX0910009,CITY OF VAN ALSTYNE,S,EP004,GW,G091009E,6,TX
TX0910009,CITY OF VAN ALSTYNE,S,EP005,SW,G091009F,6,TX
TX0910010,CITY OF WHITESBORO,S,EP003,GW,TRTTAP,6,TX
TX0910022,TWO WAY SUD,S,EP006,GW,TRTTAP,6,TX
TX0910032,LUELLA SUD,S,EP001,GW,EP001,6,TX
TX0910032,LUELLA SUD,S,EP002,GW,EP002,6,TX
TX0910032,LUELLA SUD,S,EP003,GW,EP003,6,TX
TX0910032,LUELLA SUD,S,EP004,GW,EP004,6,TX
TX0910032,LUELLA SUD,S,EP005,GW,EP005,6,TX
TX0910032,LUELLA SUD,S,EP006,GW,EP006,6,TX
TX0910032,LUELLA SUD,S,EP007,GW,EP007,6,TX
TX0910032,LUELLA SUD,S,EP008,GW,PUMPHOUSE,6,TX
TX0910052,TANGLEWOOD ON TEXOMA,S,TP4711,GW,EP001,6,TX
TX0910052,TANGLEWOOD ON TEXOMA,S,TP20872,MX,EP002,6,TX
TX0910052,TANGLEWOOD ON TEXOMA,S,TP4649,GW,EP004,6,TX
TX0910052,TANGLEWOOD ON TEXOMA,S,TP4739,GW,EP005,6,TX
TX0910064,SOUTH GRAYSON SUD,S,EP008,GW,TRTTAP,6,TX
TX0910081,MARILEE SUD,S,EP007,GW,TRTTAP,6,TX
TX0920001,CITY OF GLADEWATER,S,EP001,SW,TRTTAP,6,TX
TX0920003,CITY OF KILGORE,L,51402,GW,EP003MC,6,TX
TX0920003,CITY OF KILGORE,L,51403,SW,EP004MC,6,TX
TX0920004,CITY OF LONGVIEW,L,51404,SW,EP001MC1,6,TX
TX0920004,CITY OF LONGVIEW,L,51405,SW,EP002MC2,6,TX
TX0920004,CITY OF LONGVIEW,L,62063,SW,EP003MC3,6,TX
TX0920006,CITY OF WHITE OAK,S,EP001,SW,TRTTAP,6,TX
TX0920016,LIBERTY CITY WSC,S,TP20479,GW,EP001,6,TX
TX0920016,LIBERTY CITY WSC,S,TP4790,GW,EP002,6,TX
TX0920016,LIBERTY CITY WSC,S,TP4789,GW,EP003,6,TX
TX0920016,LIBERTY CITY WSC,S,TP19060,GW,EP004,6,TX
TX0920019,ELDERVILLE WSC,S,PBCU003,MX,EP003,6,TX
TX0920019,ELDERVILLE WSC,S,PBCU005,SW,EP005,6,TX
TX0920021,TRYON ROAD SUD,S,EP003,MX,EP003,6,TX
TX0920021,TRYON ROAD SUD,S,EP004,MX,EP004,6,TX
TX0920021,TRYON ROAD SUD,S,EP005,MX,EP005,6,TX
TX0920022,WEST GREGG SUD,S,EP005,GW,TRTTAP,6,TX
TX0930001,CITY OF NAVASOTA,S,EP001,GW,TRTTAP,6,TX
TX0930003,WICKSON CREEK SUD GRIMES COUNTY,S,EP003,GW,TRTTAP,6,TX
TX0940002,CITY OF SEGUIN,L,51490,SW,EP001MC,6,TX
TX0940002,CITY OF SEGUIN,L,90001,GW,EP002MC,6,TX
TX0940003,CITY OF SCHERTZ,L,0940003,GW,00003,6,TX
TX0940003,CITY OF SCHERTZ,L,00001,GW,EP001,6,TX
TX0940003,CITY OF SCHERTZ,L,00002,GW,EP002,6,TX
TX0940015,CRYSTAL CLEAR SUD,L,EP005,GW,EP005,6,TX
TX0940015,CRYSTAL CLEAR SUD,L,51495,GW,EP005MC,6,TX
TX0940015,CRYSTAL CLEAR SUD,L,61277,SW,EP010MC,6,TX
TX0940015,CRYSTAL CLEAR SUD,L,EP011,GW,EP011,6,TX
TX0940015,CRYSTAL CLEAR SUD,L,61653,SW,EP012MC,6,TX
TX0940018,CITY OF CIBOLO,L,51499,SW,EP001,6,TX
TX0940020,GREEN VALLEY SUD,L,51500,GW,EP001MC,6,TX
TX0940020,GREEN VALLEY SUD,L,51501,GW,EP002MC,6,TX
TX0940020,GREEN VALLEY SUD,L,61918,GW,EP005MC,6,TX
TX0940020,GREEN VALLEY SUD,L,61919,GW,EP006MC,6,TX
TX0940020,GREEN VALLEY SUD,L,34971,SW,EP100,6,TX
TX0940022,SPRINGS HILL WSC,L,00001,SW,EP01,6,TX
TX0940022,SPRINGS HILL WSC,L,00002,SW,EP02,6,TX
TX0940022,SPRINGS HILL WSC,L,00003,GW,EP03,6,TX
TX0950004,PLAINVIEW MUNICIPAL WATER SYSTEM,L,73056,SW,EP001,6,TX
TX0950004,PLAINVIEW MUNICIPAL WATER SYSTEM,L,40001,GW,EP002,6,TX
TX0950004,PLAINVIEW MUNICIPAL WATER SYSTEM,L,40003,GW,EP009,6,TX
TX0950004,PLAINVIEW MUNICIPAL WATER SYSTEM,L,40004,GW,EP010,6,TX
TX0950004,PLAINVIEW MUNICIPAL WATER SYSTEM,L,40005,GW,EP011,6,TX
TX0980001,SPEARMAN MUNICIPAL WATER SYSTEM,S,TP5004,GW,EP001,6,TX
TX0980001,SPEARMAN MUNICIPAL WATER SYSTEM,S,TP5002,GW,EP002,6,TX
TX1000002,CITY OF SILSBEE,S,EP001,GW,EP001,6,TX
TX1000002,CITY OF SILSBEE,S,EP002,GW,EP002,6,TX
TX1000002,CITY OF SILSBEE,S,EP003,GW,EP003,6,TX
TX1000015,NORTH HARDIN WSC,S,EP005,GW,TRTTAP,6,TX
TX1000035,LUMBERTON MUD,L,51624,GW,EP001MC1,6,TX
TX1000035,LUMBERTON MUD,L,51625,GW,EP002MC2,6,TX
TX1000035,LUMBERTON MUD,L,51626,GW,EP003MC3,6,TX
TX1000035,LUMBERTON MUD,L,62294,GW,EP004MC4,6,TX
TX1000055,WEST HARDIN WSC,S,TP5052,GW,EP001,6,TX
TX1000055,WEST HARDIN WSC,S,TP5054,GW,EP002,6,TX
TX1000055,WEST HARDIN WSC,S,TP21548,GW,EP003,6,TX
TX1010003,CITY OF BAYTOWN,L,35001,SW,EP001,6,TX
TX1010004,CITY OF BELLAIRE,L,51655,MX,EP001MC,6,TX
TX1010004,CITY OF BELLAIRE,L,51658,MX,EP003MC,6,TX
TX1010004,CITY OF BELLAIRE,L,51657,GW,EP004MC,6,TX
TX1010007,CITY OF DEER PARK,L,51661,SW,EP001MC,6,TX
TX1010009,CITY OF GALENA PARK,L,00001,MX,EP001,6,TX
TX1010009,CITY OF GALENA PARK,L,00002,MX,EP002,6,TX
TX1010012,SOUTHERN WATER,S,EP001,GW,TRTTAP,6,TX
TX1010013,"CITY OF HOUSTON, TX",L,51668,SW,EP001MC1,6,TX
TX1010013,"CITY OF HOUSTON, TX",L,51718,SW,EP002MC2,6,TX
TX1010013,"CITY OF HOUSTON, TX",L,51669,MX,EP003MC3,6,TX
TX1010013,"CITY OF HOUSTON, TX",L,51714,MX,EP006MC4,6,TX
TX1010013,"CITY OF HOUSTON, TX",L,51716,GW,EP009MC5,6,TX
TX1010013,"CITY OF HOUSTON, TX",L,51672,GW,EP019MC9,6,TX
TX1010013,"CITY OF HOUSTON, TX",L,52360,GW,EP027MC,6,TX
TX1010013,"CITY OF HOUSTON, TX",L,51707,GW,EP032MC12,6,TX
TX1010013,"CITY OF HOUSTON, TX",L,51697,GW,EP035MC20,6,TX
TX1010013,"CITY OF HOUSTON, TX",L,51704,GW,EP042MC14,6,TX
TX1010013,"CITY OF HOUSTON, TX",L,51702,GW,EP044MC15,6,TX
TX1010013,"CITY OF HOUSTON, TX",L,51698,GW,EP048MC19,6,TX
TX1010013,"CITY OF HOUSTON, TX",L,51680,GW,EP055MC24,6,TX
TX1010013,"CITY OF HOUSTON, TX",L,51678,GW,EP063MC25,6,TX
TX1010013,"CITY OF HOUSTON, TX",L,51675,GW,EP067MC27,6,TX
TX1010013,"CITY OF HOUSTON, TX",L,51720,GW,EP069MC40,6,TX
TX1010013,"CITY OF HOUSTON, TX",L,51694,GW,EP070MC28,6,TX
TX1010013,"CITY OF HOUSTON, TX",L,51693,GW,EP071MC29,6,TX
TX1010013,"CITY OF HOUSTON, TX",L,51692,GW,EP075MC30,6,TX
TX1010013,"CITY OF HOUSTON, TX",L,51690,MX,EP078MC32,6,TX
TX1010013,"CITY OF HOUSTON, TX",L,51687,MX,EP081MC35,6,TX
TX1010013,"CITY OF HOUSTON, TX",L,51686,MX,EP082MC36,6,TX
TX1010013,"CITY OF HOUSTON, TX",L,51683,GW,EP085MC37,6,TX
TX1010013,"CITY OF HOUSTON, TX",L,60316,GW,EP086MC38,6,TX
TX1010013,"CITY OF HOUSTON, TX",L,51682,GW,EP089MC39,6,TX
TX1010013,"CITY OF HOUSTON, TX",L,51719,SW,EP101MC41,6,TX
TX1010013,"CITY OF HOUSTON, TX",L,51721,GW,EP102MC42,6,TX
TX1010013,"CITY OF HOUSTON, TX",L,51742,GW,EP103MC43,6,TX
TX1010013,"CITY OF HOUSTON, TX",L,51740,GW,EP110MC45,6,TX
TX1010013,"CITY OF HOUSTON, TX",L,51739,GW,EP112MC47,6,TX
TX1010013,"CITY OF HOUSTON, TX",L,51734,GW,EP120MC53,6,TX
TX1010013,"CITY OF HOUSTON, TX",L,51733,GW,EP122MC54,6,TX
TX1010013,"CITY OF HOUSTON, TX",L,51730,GW,EP124MC56,6,TX
TX1010013,"CITY OF HOUSTON, TX",L,53250,GW,EP126MC57,6,TX
TX1010013,"CITY OF HOUSTON, TX",L,62040,GW,EP127MC58,6,TX
TX1010013,"CITY OF HOUSTON, TX",L,62043,GW,EP128MC59,6,TX
TX1010013,"CITY OF HOUSTON, TX",L,62044,GW,EP129MC60,6,TX
TX1010013,"CITY OF HOUSTON, TX",L,62045,GW,EP130MC61,6,TX
TX1010013,"CITY OF HOUSTON, TX",L,51673,SW,EP141MC8,6,TX
TX1010014,CITY OF HUMBLE,L,51747,GW,EP002MC,6,TX
TX1010014,CITY OF HUMBLE,L,51748,GW,EP004MC,6,TX
TX1010014,CITY OF HUMBLE,L,51745,MX,EP006MC,6,TX
TX1010014,CITY OF HUMBLE,L,60935,GW,EP007MC,6,TX
TX1010015,CITY OF JACINTO CITY,L,12345,SW,FF1,6,TX
TX1010016,CITY OF JERSEY VILLAGE,S,EP003,SW,TRTTAP,6,TX
TX1010017,CITY OF KATY,L,51754,GW,EP002MC,6,TX
TX1010017,CITY OF KATY,L,51755,GW,EP003MC,6,TX
TX1010017,CITY OF KATY,L,51756,GW,EP004MC,6,TX
TX1010017,CITY OF KATY,L,51757,GW,EP005MC,6,TX
TX1010017,CITY OF KATY,L,62080,GW,EP006MC,6,TX
TX1010017,CITY OF KATY,L,TP1280111,GW,EP007,6,TX
TX1010018,CITY OF LA PORTE,L,35014,SW,EP001,6,TX
TX1010018,CITY OF LA PORTE,L,01067,GW,EP002,6,TX
TX1010018,CITY OF LA PORTE,L,00197,GW,EP003,6,TX
TX1010018,CITY OF LA PORTE,L,04198,GW,EP004,6,TX
TX1010018,CITY OF LA PORTE,L,04267,GW,EP005,6,TX
TX1010018,CITY OF LA PORTE,L,04870,GW,EP006,6,TX
TX1010018,CITY OF LA PORTE,L,00772,GW,EP008,6,TX
TX1010022,SUNBELT FWSD OAKWILDE SUBDIVISION,S,EP003,SW,TRTTAP,6,TX
TX1010026,CITY OF TOMBALL,L,00001,GW,EP001,6,TX
TX1010026,CITY OF TOMBALL,L,00002,GW,EP002,6,TX
TX1010027,CITY OF WEST UNIVERSITY PLACE,L,51771,MX,EP001MC,6,TX
TX1010027,CITY OF WEST UNIVERSITY PLACE,L,51772,MX,EP002MC,6,TX
TX1010056,CLEAR LAKE CITY WATER AUTHORITY,L,51775,SW,EP002MC,6,TX
TX1010056,CLEAR LAKE CITY WATER AUTHORITY,L,51776,MX,EP003MC,6,TX
TX1010056,CLEAR LAKE CITY WATER AUTHORITY,L,51780,MX,EP004MC,6,TX
TX1010056,CLEAR LAKE CITY WATER AUTHORITY,L,51779,GW,EP007MC,6,TX
TX1010056,CLEAR LAKE CITY WATER AUTHORITY,L,60347,SW,EP008MC,6,TX
TX1010062,CITY OF SEABROOK,L,35020,SW,EP001,6,TX
TX1010062,CITY OF SEABROOK,L,00518,GW,EP002,6,TX
TX1010106,CITY OF BUNKER HILL VILLAGE,S,TP5342,SW,EP001,6,TX
TX1010106,CITY OF BUNKER HILL VILLAGE,S,TP5339,SW,EP002,6,TX
TX1010113,HARRIS COUNTY WCID 84,S,10001,MX,EP001,6,TX
TX1010124,HARRIS COUNTY WCID 92,S,EP001,GW,EP001,6,TX
TX1010148,MEMORIAL VILLAGES WATER AUTHORITY,S,EP001,SW,EP001,6,TX
TX1010148,MEMORIAL VILLAGES WATER AUTHORITY,S,EP002,SW,EP002,6,TX
TX1010148,MEMORIAL VILLAGES WATER AUTHORITY,S,EP003,SW,EP003,6,TX
TX1010152,CITY OF NASSAU BAY,S,P1010152B,SW,EP001,6,TX
TX1010152,CITY OF NASSAU BAY,S,TP5388,GU,EP002,6,TX
TX1010159,HARRIS COUNTY WCID 1,S,EP005,GW,TRTTAP,6,TX
TX1010210,HARRIS COUNTY WCID 133,S,EP002,GW,TRTTAP,6,TX
TX1010214,CITY OF SPRING VALLEY VILLAGE,S,EP002,GW,TRTTAP,6,TX
TX1010226,CITY OF WEBSTER,L,80017,SW,WP1,6,TX
TX1010233,CHAMPIONS MUD,S,EP001,GW,TRTTAP,6,TX
TX1010237,HARRIS COUNTY FWSD 61,L,51881,GW,EP001MC1,6,TX
TX1010237,HARRIS COUNTY FWSD 61,L,51880,GW,EP002MC2,6,TX
TX1010237,HARRIS COUNTY FWSD 61,L,61734,GW,EP003MC3,6,TX
TX1010237,HARRIS COUNTY FWSD 61,L,00004,GW,EP004,6,TX
TX1010238,HARRIS COUNTY FWSD 51,L,51882,SW,EP001SW,6,TX
TX1010238,HARRIS COUNTY FWSD 51,L,51883,SW,EP002,6,TX
TX1010239,HARRIS COUNTY WCID 36,L,04227,MX,EP002,6,TX
TX1010239,HARRIS COUNTY WCID 36,L,01581,MX,EP003,6,TX
TX1010239,HARRIS COUNTY WCID 36,L,004,GU,EP004,6,TX
TX1010250,NASA JOHNSON SPACE CENTER,S,EP001,SW,EP001,6,TX
TX1010260,HARRIS COUNTY FWSD 47,S,EP001,SW,TRTTAP,6,TX
TX1010277,WESTADOR MUD,S,EP003,SW,TRTTAP,6,TX
TX1010278,TIMBER LANE UTILITY DISTRICT,L,51905,GW,EP001MC,6,TX
TX1010278,TIMBER LANE UTILITY DISTRICT,L,51903,GW,EP002MC,6,TX
TX1010278,TIMBER LANE UTILITY DISTRICT,L,51904,GW,EP003MC,6,TX
TX1010278,TIMBER LANE UTILITY DISTRICT,L,51906,GW,EP004MC,6,TX
TX1010292,SUNBELT FWSD HIGH MEADOWS SUBDIVISION,S,TP5500,GW,EP002,6,TX
TX1010292,SUNBELT FWSD HIGH MEADOWS SUBDIVISION,S,TP5502,SW,EP003,6,TX
TX1010293,CITY OF PASADENA,L,90001,GW,EP001,6,TX
TX1010293,CITY OF PASADENA,L,51920,SW,EP001MC7,6,TX
TX1010293,CITY OF PASADENA,L,90002,GW,EP002,6,TX
TX1010293,CITY OF PASADENA,L,51922,GW,EP003MC1,6,TX
TX1010293,CITY OF PASADENA,L,51915,GW,EP004MC2,6,TX
TX1010293,CITY OF PASADENA,L,51916,GW,EP005MC3,6,TX
TX1010293,CITY OF PASADENA,L,51919,GW,EP006MC4,6,TX
TX1010293,CITY OF PASADENA,L,51917,MX,EP007MC5,6,TX
TX1010293,CITY OF PASADENA,L,51918,MX,EP008MC6,6,TX
TX1010294,CITY OF SOUTH HOUSTON,L,35056,SW,EP003,6,TX
TX1010317,HARRIS COUNTY WCID 114,S,TP5520,MX,EP001,6,TX
TX1010317,HARRIS COUNTY WCID 114,S,TP5522,GW,EP002,6,TX
TX1010317,HARRIS COUNTY WCID 114,S,TP5521,GW,EP003,6,TX
TX1010331,NORTH GREEN MUD,S,EP001,GW,TRTTAP,6,TX
TX1010337,NORTHAMPTON MUD,S,EP003,GW,TRTTAP,6,TX
TX1010340,FALLBROOK UTILITY DISTRICT,S,EP002,GW,TRTTAP,6,TX
TX1010348,CITY OF HOUSTON UD 5 - KINGWOOD,L,51953,GW,EP001MC,6,TX
TX1010348,CITY OF HOUSTON UD 5 - KINGWOOD,L,51951,GW,EP002MC,6,TX
TX1010348,CITY OF HOUSTON UD 5 - KINGWOOD,L,51952,GW,EP003MC,6,TX
TX1010348,CITY OF HOUSTON UD 5 - KINGWOOD,L,08527,GW,EP004MC,6,TX
TX1010348,CITY OF HOUSTON UD 5 - KINGWOOD,L,61994,GW,EP005MC,6,TX
TX1010348,CITY OF HOUSTON UD 5 - KINGWOOD,L,61996,GW,EP007MC,6,TX
TX1010359,HARRIS COUNTY WCID 109,S,EP003,SW,TRTTAP,6,TX
TX1010362,NEWPORT MUD,L,EP002,SW,TRTTAP,6,TX
TX1010379,MASON CREEK UTILITY DISTRICT,S,EP003,GW,TRTTAP,6,TX
TX1010384,PONDEROSA FOREST UTILITY DISTRICT,S,EP003,GW,TRTTAP,6,TX
TX1010386,SAGEMEADOW UTILITY DISTRICT,S,EP002,SW,TRTTAP,6,TX
TX1010387,MEADOWHILL REGIONAL MUD,S,EP003,GW,TRTTAP,6,TX
TX1010413,HARRIS COUNTY WCID 132,S,EP002,SW,TRTTAP,6,TX
TX1010418,CLEAR BROOK CITY MUD,L,00001,MX,EP001,6,TX
TX1010418,CLEAR BROOK CITY MUD,L,00002,MX,EP002,6,TX
TX1010418,CLEAR BROOK CITY MUD,L,00003,SW,EP003,6,TX
TX1010418,CLEAR BROOK CITY MUD,L,00004,MX,EP004,6,TX
TX1010426,HARRIS COUNTY MUD 11,S,EP001,GW,TRTTAP,6,TX
TX1010429,CNP UTILITY DISTRICT,L,52019,MX,EP001MC,6,TX
TX1010429,CNP UTILITY DISTRICT,L,52020,GW,EP002MC,6,TX
TX1010429,CNP UTILITY DISTRICT,L,52021,GW,EP003MC,6,TX
TX1010431,CYPRESS KLEIN UTILITY DISTRICT WIMBLETON,S,EP003,GW,TRTTAP,6,TX
TX1010432,CYPRESSWOOD UTILITY DISTRICT,S,EP003,SW,TRTTAP,6,TX
TX1010435,FOUNTAINHEAD MUD,S,EP002,SW,TRTTAP,6,TX
TX1010467,PRESTONWOOD FOREST UTILITY DISTRICT,S,10001,MX,EP001,6,TX
TX1010467,PRESTONWOOD FOREST UTILITY DISTRICT,S,10002,MX,EP002,6,TX
TX1010471,EL DORADO UTILITY DISTRICT,S,EP002,GW,TRTTAP,6,TX
TX1010480,HARRIS COUNTY WCID 74,S,EP002,GW,TRTTAP,6,TX
TX1010482,HARRIS COUNTY WCID 110,S,EP002,GW,TRTTAP,6,TX
TX1010494,LAKE FOREST UTILITY DISTRICT,S,TP5652,GW,EP001,6,TX
TX1010494,LAKE FOREST UTILITY DISTRICT,S,TP5651,GW,EP002,6,TX
TX1010495,MALCOMSON ROAD UTILITY DISTRICT,S,EP002,SW,TRTTAP,6,TX
TX1010496,HARRIS COUNTY MUD 6 CARRIAGE LANE,S,EP001,SW,TRTTAP,6,TX
TX1010500,HARRIS COUNTY MUD 5,S,EP001,SW,TRTTAP,6,TX
TX1010501,HARRIS COUNTY UTILITY DISTRICT 6,L,EP001,SW,TRTTAP,6,TX
TX1010503,HARRIS COUNTY MUD 102,L,52059,MX,EP001MC,6,TX
TX1010503,HARRIS COUNTY MUD 102,L,52060,MX,EP002MC,6,TX
TX1010507,HARRIS COUNTY WCID 116,S,EP001,GW,TRTTAP,6,TX
TX1010509,HARRIS COUNTY WCID 119,S,EP003,SW,TRTTAP,6,TX
TX1010512,HARRIS COUNTY MUD 18 HEATHERWOOD HUNTERS,S,EP002,SW,TRTTAP,6,TX
TX1010535,PINE TRAILS UTILITY,S,P1010535A,SW,EP001,6,TX
TX1010538,JACKRABBIT ROAD PUD,S,EP004,SW,TRTTAP,6,TX
TX1010539,HARRIS COUNTY MUD 1,S,EP004,GW,TRTTAP,6,TX
TX1010540,WEST MEMORIAL MUD,S,EP002,GW,TRTTAP,6,TX
TX1010541,EMERALD FOREST UTILITY DISTRICT,S,TP5694,GW,EP001,6,TX
TX1010541,EMERALD FOREST UTILITY DISTRICT,S,TP5693,GW,EP002,6,TX
TX1010548,HEATHERLOCH MUD,S,EP001,SW,TRTTAP,6,TX
TX1010554,GREENWOOD UTILITY DISTRICT,S,EP002,SW,TRTTAP,6,TX
TX1010565,HARRIS COUNTY MUD 43,S,EP001,GW,TRTTAP,6,TX
TX1010572,HARRIS COUNTY MUD 24,L,90001,GW,EP001,6,TX
TX1010572,HARRIS COUNTY MUD 24,L,90002,MX,EP002,6,TX
TX1010572,HARRIS COUNTY MUD 24,L,90003,MX,EP003,6,TX
TX1010581,HARRIS COUNTY MUD 81,L,00128,GW,EP001,6,TX
TX1010581,HARRIS COUNTY MUD 81,L,00559,GW,EP002,6,TX
TX1010581,HARRIS COUNTY MUD 81,L,00252,GW,EP003,6,TX
TX1010581,HARRIS COUNTY MUD 81,L,02830,GW,EP004,6,TX
TX1010592,DOWDELL PUD,S,TP5723,GW,EP001,6,TX
TX1010592,DOWDELL PUD,S,TP20762,GW,EP002,6,TX
TX1010592,DOWDELL PUD,S,TP412214,GW,EP003,6,TX
TX1010592,DOWDELL PUD,S,TP412169,GW,EP004,6,TX
TX1010593,NORTHWEST PARK MUD,L,52115,GW,EP001MC,6,TX
TX1010593,NORTHWEST PARK MUD,L,52118,GW,EP003MC,6,TX
TX1010593,NORTHWEST PARK MUD,L,52117,GW,EP004MC,6,TX
TX1010600,HARRIS COUNTY MUD 69,S,EP001,GW,EP001,6,TX
TX1010615,HUNTERS GLEN MUD,S,EP002,GW,TRTTAP,6,TX
TX1010616,HARRIS COUNTY MUD 132,S,EP002,GW,TRTTAP,6,TX
TX1010617,TRAIL OF THE LAKES MUD,S,EP003,GW,TRTTAP,6,TX
TX1010620,HARRIS COUNTY MUD 109,S,EP002,GW,TRTTAP,6,TX
TX1010625,TATTOR ROAD MUD,S,EP001,GW,EP001,6,TX
TX1010626,HARRIS COUNTY MUD 119,S,EP002,GW,TRTTAP,6,TX
TX1010630,HARRIS COUNTY MUD 82,S,EP003,GW,TRTTAP,6,TX
TX1010631,POSTWOOD MUD,S,EP001,GW,EP001,6,TX
TX1010632,CHARTERWOOD MUD,S,EP002,GW,TRTTAP,6,TX
TX1010634,WESTON MUD,S,TP5763,GW,EP001,6,TX
TX1010634,WESTON MUD,S,TP6849,GW,EP002,6,TX
TX1010635,WESTLAKE MUD 1,S,EP001,GW,TRTTAP,6,TX
TX1010649,HARRIS COUNTY MUD 23,S,EP002,SW,TRTTAP,6,TX
TX1010654,SPENCER ROAD PUD,S,EP002,SW,TRTTAP,6,TX
TX1010678,HARRIS COUNTY MUD 55 HERITAGE PARK,L,52180,MX,EP003MC,6,TX
TX1010678,HARRIS COUNTY MUD 55 HERITAGE PARK,L,52181,GW,EP004MC,6,TX
TX1010687,ENCANTO REAL UTILITY DISTRICT,S,EP001,GW,EP001,6,TX
TX1010712,HARRIS COUNTY MUD 8,S,EP001,SW,TRTTAP,6,TX
TX1010715,HARRIS COUNTY MUD 26,L,52203,GW,EP001,6,TX
TX1010715,HARRIS COUNTY MUD 26,L,52202,GW,EP002,6,TX
TX1010715,HARRIS COUNTY MUD 26,L,52201,GW,EP003,6,TX
TX1010719,HARRIS COUNTY MUD 50,S,EP003,GW,TRTTAP,6,TX
TX1010720,HARRIS COUNTY MUD 53,L,05449,SW,EP001,6,TX
TX1010720,HARRIS COUNTY MUD 53,L,01478,SW,EP004,6,TX
TX1010721,HARRIS COUNTY MUD 61,S,20001,GW,EP001,6,TX
TX1010728,MOUNT HOUSTON ROAD MUD,S,TP5834,GW,EP001,6,TX
TX1010728,MOUNT HOUSTON ROAD MUD,S,TP5835,GW,EP002,6,TX
TX1010745,NORTH PARK PUD,S,EP002,GW,TRTTAP,6,TX
TX1010750,PARKWAY UTILITY DISTRICT,S,EP002,SW,TRTTAP,6,TX
TX1010758,SUNBELT FWSD WOODLAND OAKS SUBDIVISION,S,TP5849,SW,EP001,6,TX
TX1010758,SUNBELT FWSD WOODLAND OAKS SUBDIVISION,S,TP411965,GW,EP002,6,TX
TX1010767,CHELFORD ONE MUD,S,EP001,GW,EP001,6,TX
TX1010768,HARRIS COUNTY FWSD 6,S,20001,GW,EP002,6,TX
TX1010768,HARRIS COUNTY FWSD 6,S,20002,GW,EP003,6,TX
TX1010769,HARRIS COUNTY WCID 21,L,EP004,SW,TAP,6,TX
TX1010774,HARRIS COUNTY MUD 120,L,00577,GW,EP001,6,TX
TX1010774,HARRIS COUNTY MUD 120,L,03843,GW,EP002,6,TX
TX1010782,CHELFORD CITY MUD,S,EP004,GW,TRTTAP,6,TX
TX1010837,ALDINE ISD GRACE RAYMOND ELEMENTARY SCHO,S,EP001,GW,TRTTAP,6,TX
TX1010872,REID ROAD MUD 1,S,EP002,GW,TRTTAP,6,TX
TX1010883,BISSONNET MUD,S,TP5924,GW,EP001,6,TX
TX1010883,BISSONNET MUD,S,TP5925,GW,EP002,6,TX
TX1010884,NORTHWEST HARRIS COUNTY MUD 5,L,08841,GW,EP01,6,TX
TX1010884,NORTHWEST HARRIS COUNTY MUD 5,L,08842,GW,EP02,6,TX
TX1010884,NORTHWEST HARRIS COUNTY MUD 5,L,08443,GW,EP03,6,TX
TX1010884,NORTHWEST HARRIS COUNTY MUD 5,L,08844,MX,EP04,6,TX
TX1010897,HARRIS COUNTY MUD 118,S,EP001,GW,TRTTAP,6,TX
TX1010902,HARRIS COUNTY MUD 152,S,EP002,GW,TRTTAP,6,TX
TX1010903,HARRIS COUNTY MUD 46,S,EP001,GW,TRTTAP,6,TX
TX1010905,HARRIS COUNTY MUD 151,S,EP001,GW,TRTTAP,6,TX
TX1010908,RICE UNIVERSITY,S,EP003,MX,TRTTAP,6,TX
TX1010910,CHIMNEY HILL MUD,S,TP19588,SW,EP001,6,TX
TX1010910,CHIMNEY HILL MUD,S,TP5943,GW,EP002,6,TX
TX1010919,CYPRESS FOREST PUD,S,EP002,GW,TRTTAP,6,TX
TX1010924,WINDFERN FOREST UTILITY DISTRICT,S,TP5954,SW,EP001,6,TX
TX1010924,WINDFERN FOREST UTILITY DISTRICT,S,TP5955,SW,EP002,6,TX
TX1010925,WEST HARRIS COUNTY MUD 1,S,EP001,GW,TRTTAP,6,TX
TX1010938,HARRIS COUNTY MUD 148 KINGSLAKE,S,EP001,SW,TRTTAP,6,TX
TX1011014,BRITTMOORE UTILITY,S,TP5977,GW,EP001,6,TX
TX1011014,BRITTMOORE UTILITY,S,TP19592,GW,EP003,6,TX
TX1011019,ADDICKS UTILITY DISTRICT,S,EP002,SW,TRTTAP,6,TX
TX1011029,WEST HARRIS COUNTY MUD 2 CHASE,S,EP001,GW,TRTTAP,6,TX
TX1011107,MILLS ROAD MUD,S,EP002,GW,TRTTAP,6,TX
TX1011143,KLEIN PUD,S,TP6047,GW,EP001,6,TX
TX1011162,HARRIS COUNTY MUD 33,S,EP001,GW,EP001,6,TX
TX1011227,HARRIS COUNTY MUD 105,S,TP20924,GW,EP002,6,TX
TX1011227,HARRIS COUNTY MUD 105,S,TP6104,GW,EP003,6,TX
TX1011227,HARRIS COUNTY MUD 105,S,TP412162,GW,EP004,6,TX
TX1011242,MEMORIAL MUD,S,EP002,GW,TRTTAP,6,TX
TX1011249,LANGHAM CREEK UTILITY DISTRICT,L,00650,MX,EP001,6,TX
TX1011249,LANGHAM CREEK UTILITY DISTRICT,L,00180,MX,EP002,6,TX
TX1011249,LANGHAM CREEK UTILITY DISTRICT,L,00323,MX,EP003,6,TX
TX1011250,HARRIS COUNTY MUD 150,S,EP002,SW,TRTTAP,6,TX
TX1011256,NORTHWEST FREEWAY MUD,S,EP002,GW,EP002,6,TX
TX1011256,NORTHWEST FREEWAY MUD,S,EP003,GW,EP003,6,TX
TX1011258,WEST HARRIS COUNTY MUD 6,S,10001,GW,EP001,6,TX
TX1011296,HARRIS COUNTY MUD 149,S,EP001,GW,EP001,6,TX
TX1011410,CIMARRON MUD,L,EP003,GW,TRTTAP,6,TX
TX1011430,HARRIS COUNTY MUD 157,L,15701,GW,EP001,6,TX
TX1011430,HARRIS COUNTY MUD 157,L,15702,GW,EP002,6,TX
TX1011430,HARRIS COUNTY MUD 157,L,15703,GW,EP003,6,TX
TX1011462,HARRIS COUNTY MUD 49,S,EP001,SW,TRTTAP,6,TX
TX1011513,HARRIS COUNTY MUD 64,S,EP001,GW,TRTTAP,6,TX
TX1011522,CY CHAMP PUD,S,EP002,GW,TRTTAP,6,TX
TX1011534,HARRIS COUNTY MUD 104,S,EP001,SW,TRTTAP,6,TX
TX1011550,BRIDGESTONE MUD,L,00529,MX,EP001,6,TX
TX1011550,BRIDGESTONE MUD,L,00779,MX,EP002,6,TX
TX1011550,BRIDGESTONE MUD,L,00874,MX,EP003,6,TX
TX1011562,EXXON MOBIL BAYTOWN REFINERY,S,EP005,SW,TRTTAP,6,TX
TX1011585,CITY OF HOUSTON DISTRICT 73,S,EP002,GW,TRTTAP,6,TX
TX1011593,CITY OF HOUSTON DISTRICT 82,S,10001,GW,EP002,6,TX
TX1011599,NORTHWEST HARRIS COUNTY MUD 9,S,EP002,GW,TRTTAP,6,TX
TX1011600,NORTHWEST HARRIS COUNTY MUD 15,S,EP002,GW,TRTTAP,6,TX
TX1011602,FAULKEY GULLY MUD,S,TP6274,GW,EP001,6,TX
TX1011602,FAULKEY GULLY MUD,S,TP6276,GW,EP002,6,TX
TX1011613,BARKER CYPRESS MUD,S,EP002,SW,TRTTAP,6,TX
TX1011642,HARRIS COUNTY MUD 154,S,EP002,GW,TRTTAP,6,TX
TX1011649,NORTHWEST HARRIS COUNTY MUD 10,S,EP001,GW,EP001,6,TX
TX1011649,NORTHWEST HARRIS COUNTY MUD 10,S,EP002,GW,EP002,6,TX
TX1011649,NORTHWEST HARRIS COUNTY MUD 10,S,EP003,GW,EP003,6,TX
TX1011678,HARRIS COUNTY MUD 65,S,EP002,GW,TRTTAP,6,TX
TX1011679,FRY ROAD MUD,S,EP002,GW,TRTTAP,6,TX
TX1011681,CLAY ROAD MUD,S,EP001,SW,TRTTAP,6,TX
TX1011689,MAYDE CREEK MUD,S,EP001,GW,EP001,6,TX
TX1011690,HARRIS COUNTY MUD 70,S,EP002,SW,TRTTAP,6,TX
TX1011692,CORNERSTONES MUD,S,EP001,GW,TRTTAP,6,TX
TX1011705,HARRIS COUNTY MUD 16,S,EP002,SW,TRTTAP,6,TX
TX1011714,WESTERN PINES MHP,S,20001,GW,EP001,6,TX
TX1011718,MISSION BEND MUD 1,S,EP001,GW,EP001,6,TX
TX1011718,MISSION BEND MUD 1,S,EP002,GW,EP002,6,TX
TX1011728,KATY ISD MAYDE CREEK SCHOOL COMPLEX,S,EP001,GW,EP001,6,TX
TX1011741,LAKE MUD,S,EP001,SW,EP001,6,TX
TX1011746,NORTHWEST HARRIS COUNTY MUD 23,S,EP001,GW,TRTTAP,6,TX
TX1011778,HARRIS COUNTY UD 15,S,EP001,GW,EP001,6,TX
TX1011783,HARRIS COUNTY MUD 168,L,16801,GW,EP001,6,TX
TX1011783,HARRIS COUNTY MUD 168,L,16802,GW,EP002,6,TX
TX1011783,HARRIS COUNTY MUD 168,L,16808,GW,EP003,6,TX
TX1011785,HORSEPEN BAYOU MUD,S,EP002,SW,TRTTAP,6,TX
TX1011798,WEST HARRIS COUNTY MUD 9,S,EP001,GW,TRTTAP,6,TX
TX1011799,HARRIS COUNTY MUD 180,S,EP001,GW,TRTTAP,6,TX
TX1011809,HARRIS COUNTY MUD 189,S,EP002,GW,EP002,6,TX
TX1011823,HARRIS COUNTY MUD 71,L,00001,GW,EP001,6,TX
TX1011823,HARRIS COUNTY MUD 71,L,00002,GW,EP002,6,TX
TX1011823,HARRIS COUNTY MUD 71,L,00003,GW,EP003,6,TX
TX1011824,HARRIS COUNTY MUD 183,S,EP001,SW,TRTTAP,6,TX
TX1011826,MISSION BEND MUD 2,S,EP004,GW,TRTTAP,6,TX
TX1011834,RENN ROAD MUD,S,EP001,GW,EP001,6,TX
TX1011848,HARRIS COUNTY MUD 179,S,EP001,SW,TRTTAP,6,TX
TX1011870,LOUETTA NORTH PUD,S,EP001,SW,TRTTAP,6,TX
TX1011872,BILMA PUD,S,EP002,SW,TRTTAP,6,TX
TX1011901,NORTHWEST HARRIS COUNTY MUD 12,S,EP001,GW,TRTTAP,6,TX
TX1011902,CITY OF HOUSTON WILLOW CHASE,L,11494,GW,EP001,6,TX
TX1011902,CITY OF HOUSTON WILLOW CHASE,L,06218,GW,EP002,6,TX
TX1011902,CITY OF HOUSTON WILLOW CHASE,L,12052,GW,EP003,6,TX
TX1011902,CITY OF HOUSTON WILLOW CHASE,L,12053,GW,EP004,6,TX
TX1011908,HARRIS COUNTY MUD 368,L,EP002,SW,TRTTAP,6,TX
TX1011914,HARRIS COUNTY MUD 185,S,EP001,SW,TRTTAP,6,TX
TX1011928,REID ROAD MUD 2,S,EP002,GW,TRTTAP,6,TX
TX1011957,MOUNT HOUSTON SQUARE,S,EP001,GW,EP001,6,TX
TX1011982,HARRIS COUNTY MUD 188,S,EP001,SW,TRTTAP,6,TX
TX1011998,NORTHWEST HARRIS COUNTY MUD 20,S,EP001,GW,TRTTAP,6,TX
TX1012007,HARRIS COUNTY MUD 200 CRANBROOK,L,52933,MX,EP001,6,TX
TX1012007,HARRIS COUNTY MUD 200 CRANBROOK,L,52934,MX,EP002,6,TX
TX1012007,HARRIS COUNTY MUD 200 CRANBROOK,L,64898,MX,EP003,6,TX
TX1012068,WEST HARRIS COUNTY MUD 10,S,EP002,GW,TRTTAP,6,TX
TX1012097,HARRIS COUNTY MUD 130,S,EP001,SW,TRTTAP,6,TX
TX1012133,HARRIS COUNTY MUD 153,S,TP6561,GW,EP001,6,TX
TX1012133,HARRIS COUNTY MUD 153,S,TP411481,GW,EP002,6,TX
TX1012187,HARRIS COUNTY MUD 165,L,00001,GW,EP001,6,TX
TX1012187,HARRIS COUNTY MUD 165,L,00002,GW,EP002,6,TX
TX1012187,HARRIS COUNTY MUD 165,L,00003,GW,EP003,6,TX
TX1012187,HARRIS COUNTY MUD 165,L,00004,GW,EP004,6,TX
TX1012187,HARRIS COUNTY MUD 165,L,00005,GW,EP005,6,TX
TX1012213,HARRIS COUNTY MUD 163,S,EP001,SW,EP001,6,TX
TX1012214,HARRIS COUNTY MUD 186,S,EP001,SW,TRTTAP,6,TX
TX1012227,RICEWOOD MUD,S,EP001,GW,TRTTAP,6,TX
TX1012228,WEST HARRIS COUNTY MUD 7,S,EP001,GW,TRTTAP,6,TX
TX1012229,HARRIS COUNTY MUD 127,S,EP001,SW,EP001,6,TX
TX1012264,INTERSTATE MUD,S,EP002,GW,TRTTAP,6,TX
TX1012297,HARRIS COUNTY MUD 158,S,EP001,GW,TRTTAP,6,TX
TX1012315,NOTTINGHAM COUNTRY MUD,S,EP001,GW,TRTTAP,6,TX
TX1012330,HARRIS COUNTY MUD 264,S,EP001,SW,EP001,6,TX
TX1012361,HARRIS COUNTY MUD 238,S,EP002,SW,TRTTAP,6,TX
TX1012370,HARRIS COUNTY WCID 89,S,EP002,SW,TRTTAP,6,TX
TX1012378,CYPRESS HILL MUD 1,L,EP002,GW,TRTTAP,6,TX
TX1012392,HARRIS COUNTY MUD 239,S,EP001,GW,TRTTAP,6,TX
TX1012419,HARRIS COUNTY MUD 208,S,EP001,SW,TRTTAP,6,TX
TX1012542,HARRIS COUNTY MUD 322 FAIRFIELD VILLAGE,S,EP001,GW,TRTTAP,6,TX
TX1012677,HARRIS COUNTY MUD 285,L,10001,SW,EP001,6,TX
TX1012677,HARRIS COUNTY MUD 285,L,EP002,SW,EP002,6,TX
TX1012740,HARRIS COUNTY MUD 230,S,EP001,GW,TRTTAP,6,TX
TX1012768,HARRIS COUNTY MUD 345,S,EP001,GW,TRTTAP,6,TX
TX1012835,HARRIS COUNTY MUD 278,S,EP002,SW,TRTTAP,6,TX
TX1012842,HARRIS COUNTY MUD 167,L,13563,GW,13563,6,TX
TX1012842,HARRIS COUNTY MUD 167,L,13564,GW,13564,6,TX
TX1012858,WEST HARRIS COUNTY MUD 11,S,TP6971,GW,EP001,6,TX
TX1012858,WEST HARRIS COUNTY MUD 11,S,TP410066,GW,EP003,6,TX
TX1012865,KINGS MANOR MUD,S,EP001,GW,EP001,6,TX
TX1012897,HARRIS COUNTY MUD 360,S,EP001,GW,TRTTAP,6,TX
TX1012941,HARRIS COUNTY MUD 304,S,EP001,GW,TRTTAP,6,TX
TX1012942,HARRIS COUNTY MUD 276,S,EP002,SW,TRTTAP,6,TX
TX1012953,HARRIS COUNTY MUD 86,S,EP001,SW,TRTTAP,6,TX
TX1012965,HARRIS COUNTY MUD 354,S,EP001,GW,EP001,6,TX
TX1012970,HARRIS COUNTY MUD 172,S,TP411378,MX,EP001,6,TX
TX1012970,HARRIS COUNTY MUD 172,S,TP411379,MX,EP002,6,TX
TX1012971,HARRIS COUNTY MUD 173,S,EP001,MX,EP001,6,TX
TX1012972,HARRIS COUNTY MUD 221,S,EP001,GW,TRTTAP,6,TX
TX1012973,HARRIS COUNTY MUD 342,S,EP001,GW,EP001,6,TX
TX1012981,OAKMONT PUD,S,EP001,GW,TRTTAPRWA,6,TX
TX1012985,HARRIS COUNTY MUD 257,S,H257,MX,WP1,6,TX
TX1013002,HARRIS COUNTY MUD 196,S,EP002,SW,TRTTAP,6,TX
TX1013009,HARRIS COUNTY MUD 365,S,EP001,GW,EP001,6,TX
TX1013009,HARRIS COUNTY MUD 365,S,EP003,GW,EP003,6,TX
TX1013017,SPRING WEST MUD,S,WP01,GW,EP001,6,TX
TX1013017,SPRING WEST MUD,S,WP02,GW,EP002,6,TX
TX1013034,NORTHWEST HARRIS COUNTY MUD 32,S,EP002,GW,TRTTAP,6,TX
TX1013040,HARRIS COUNTY MUD 367,S,EP001,SW,TRTTAP,6,TX
TX1013050,LAKES OF ROSEHILL WATER SYSTEM,S,TP7120,GW,EP001,6,TX
TX1013050,LAKES OF ROSEHILL WATER SYSTEM,S,TP19989,GW,EP002,6,TX
TX1013054,HARRIS COUNTY MUD 222,S,TP7122,GW,EP001,6,TX
TX1013074,REMINGTON MUD 1,L,12071,MX,EP001,6,TX
TX1013074,REMINGTON MUD 1,L,66809,MX,EP002,6,TX
TX1013077,NORTHGATE CROSSING MUD 1,S,10001,GW,EP001,6,TX
TX1013078,NORTHGATE CROSSING MUD 2,S,EP001,GW,TRTTAP,6,TX
TX1013084,SUGARBERRY PLACE,S,10001,GW,EP001,6,TX
TX1013113,HARRIS COUNTY MUD 370,S,EP001,SW,TRTTAP,6,TX
TX1013123,HARRIS COUNTY MUD 361,S,EP001,GW,TRTTAP,6,TX
TX1013132,HARRIS COUNTY MUD 364,S,P1013132A,GW,EP001,6,TX
TX1013132,HARRIS COUNTY MUD 364,S,P1013132B,GW,EP003,6,TX
TX1013156,HARRIS COUNTY UD 16,S,EP001,GW,TRTTAP,6,TX
TX1013160,HARRIS COUNTY MUD 106,S,EP001,GW,TRTTAP,6,TX
TX1013175,HARRIS COUNTY WCID 96,S,EP001,GW,EP001,6,TX
TX1013178,HARRIS COUNTY MUD 281,S,EP002,GW,TRTTAP,6,TX
TX1013213,HARRIS COUNTY MUD 383,S,TP19926,GW,EP001,6,TX
TX1013213,HARRIS COUNTY MUD 383,S,TP21396,GW,EP002,6,TX
TX1013253,HARRIS COUNTY MUD 391,S,EP001,GW,EP001,6,TX
TX1013253,HARRIS COUNTY MUD 391,S,EP002,GW,EP002,6,TX
TX1013261,SPRING MEADOWS MUD,S,EP001,SW,TRTTAP,6,TX
TX1013289,HARRIS COUNTY MUD 401,S,20001,GW,EP001,6,TX
TX1013294,HARRIS COUNTY MUD 290,S,EP001,GW,TRTTAP,6,TX
TX1013295,HARRIS COUNTY MUD 397,S,EP001,GW,TRTTAP,6,TX
TX1013305,HARRIS MONTGOMERY COUNTIES MUD 386,L,38601,GW,EP01,6,TX
TX1013305,HARRIS MONTGOMERY COUNTIES MUD 386,L,38602,GW,EP02,6,TX
TX1013305,HARRIS MONTGOMERY COUNTIES MUD 386,L,38603,GW,EP03,6,TX
TX1013310,HARRIS COUNTY MUD 400 - WEST,S,EP001,GW,EP001,6,TX
TX1013335,HARRIS COUNTY MUD 419,S,P1013335A,GW,EP001,6,TX
TX1013339,MD ANDERSON CANCER CENTER ALKEK,S,EP001,SW,TRTTAP,6,TX
TX1013343,HARRIS COUNTY MUD 96,S,EP001,SW,TRTTAP,6,TX
TX1013354,HARRIS COUNTY MUD 412,S,EP001,SW,TRTTAP,6,TX
TX1013365,HARRIS-FORT BEND COUNTIES MUD 3,S,EP001,GW,TRTTAP,6,TX
TX1013369,HARRIS COUNTY MUD 468,S,10001,SW,EP001,6,TX
TX1013385,HARRIS COUNTY MUD 287,S,EP001,GW,DBP202,6,TX
TX1013448,NORTHEAST HARRIS COUNTY MUD 1 SHELDON RI,S,20001,GW,EP001,6,TX
TX1013448,NORTHEAST HARRIS COUNTY MUD 1 SHELDON RI,S,20002,GW,EP002,6,TX
TX1013450,HARRIS COUNTY MUD 374 CYPRESS CREEK LAKE,S,EP001,GW,EP001,6,TX
TX1013450,HARRIS COUNTY MUD 374 CYPRESS CREEK LAKE,S,EP002,GW,EP002,6,TX
TX1013479,HARRIS COUNTY IMPROVEMENT DISTRICT 18,S,EP001,GW,TRTTAP,6,TX
TX1013532,HARRIS COUNTY MUD 495,S,10001,GW,EP001,6,TX
TX1013612,HARRIS COUNTY WCID 161,S,EP001,SW,CC001,6,TX
TX1020002,CITY OF MARSHALL,L,53764,SW,EP001MC,6,TX
TX1020004,CITY OF HALLSVILLE,S,00003,SW,EP003,6,TX
TX1020022,LEIGH WSC-RURAL,S,TP002,GW,EP,6,TX
TX1020074,HARLETON WSC,S,EP101,MX,EP001,6,TX
TX1020074,HARLETON WSC,S,EP002,SW,TRTTAP,6,TX
TX1020081,GUM SPRINGS WSC 2,S,EP003,SW,TRTTAP,6,TX
TX1040001,CITY OF HASKELL,S,EP001,SW,TRTTAP,6,TX
TX1050001,CITY OF SAN MARCOS,L,53909,SW,EP001MC,6,TX
TX1050001,CITY OF SAN MARCOS,L,53915,MX,EP002MC,6,TX
TX1050001,CITY OF SAN MARCOS,L,53914,MX,EP003MC,6,TX
TX1050001,CITY OF SAN MARCOS,L,53901,MX,EP005MC,6,TX
TX1050001,CITY OF SAN MARCOS,L,53913,MX,EP007MC,6,TX
TX1050001,CITY OF SAN MARCOS,L,53903,MX,EP008MC,6,TX
TX1050001,CITY OF SAN MARCOS,L,TP7287,GW,ST5655,6,TX
TX1050002,CITY OF KYLE,L,53917,GW,EP001MC,6,TX
TX1050002,CITY OF KYLE,L,67350,SW,EP002,6,TX
TX1050002,CITY OF KYLE,L,53916,GW,EP002MC,6,TX
TX1050002,CITY OF KYLE,L,53918,GW,EP004,6,TX
TX1050003,TEXAS STATE UNIVERSITY - SAN MARCOS,L,90001,GW,EP001,6,TX
TX1050012,CITY OF BUDA,L,EP005,SW,TRTTAP,6,TX
TX1050013,DRIPPING SPRINGS WSC,S,EP002,GW,TRTTAP,6,TX
TX1050018,WIMBERLEY WSC,S,EP001,GW,EP001,6,TX
TX1050018,WIMBERLEY WSC,S,EP002,GW,EP002,6,TX
TX1050018,WIMBERLEY WSC,S,EP003,GW,EP003,6,TX
TX1050019,GOFORTH SUD,L,67353,GW,EP001,6,TX
TX1050019,GOFORTH SUD,L,06365,GW,EP002,6,TX
TX1050019,GOFORTH SUD,L,68542,SW,EP004,6,TX
TX1050019,GOFORTH SUD,L,90001,SW,EP005,6,TX
TX1050028,PLUM CREEK,S,EP002,SW,TRTTAP,6,TX
TX1050038,COUNTY LINE SUD,S,EP001,SW,EP001,6,TX
TX1050038,COUNTY LINE SUD,S,EP003,GW,EP003,6,TX
TX1050051,HAYS CONSOLIDATED ISD JACK C HAYS HIGH S,S,EP002,GW,TRTTAP,6,TX
TX1050131,LA VENTANA WATER SUPPLY SYSTEM,S,001,GW,001,6,TX
TX1070004,CITY OF TRINIDAD,S,10001,SW,EP001,6,TX
TX1070005,CITY OF ATHENS,L,54041,SW,EP001MC,6,TX
TX1070005,CITY OF ATHENS,L,54042,GW,EP002MC,6,TX
TX1070005,CITY OF ATHENS,L,54043,GW,EP003MC,6,TX
TX1070006,CITY OF CHANDLER,S,EP001,GW,EP001,6,TX
TX1070006,CITY OF CHANDLER,S,EP002,GW,EP002,6,TX
TX1070006,CITY OF CHANDLER,S,EP004,GW,EP004,6,TX
TX1070006,CITY OF CHANDLER,S,EP006,GW,EP006,6,TX
TX1070019,EAST CEDAR CREEK FWSD B A MCKAY,S,EP001,SW,TRTTAP,6,TX
TX1070106,CAROLYNN ESTATES,S,14875,SW,EP001,6,TX
TX1070167,EAST CEDAR CREEK FWSD BROOKSHIRE,L,54110,SW,EP001MC,6,TX
TX1070190,WEST CEDAR CREEK MUD,L,54117,SW,EP001MC,6,TX
TX1070190,WEST CEDAR CREEK MUD,L,54118,SW,EP002MC,6,TX
TX1070200,VIRGINIA HILL WSC,S,EP001,GW,EP001,6,TX
TX1070200,VIRGINIA HILL WSC,S,EP002,GW,EP002,6,TX
TX1070200,VIRGINIA HILL WSC,S,EP003,GW,EP003,6,TX
TX1070240,BETHEL ASH WSC LOWE PLANT,S,EP001,GW,EP001,6,TX
TX1080001,CITY OF ALAMO,L,61610,SW,EP003MC,6,TX
TX1080002,CITY OF DONNA,L,00001,SW,EP001,6,TX
TX1080004,CITY OF EDINBURG,L,54167,SW,EP001MC1,6,TX
TX1080004,CITY OF EDINBURG,L,90001,SW,EP004MC4,6,TX
TX1080005,CITY OF ELSA,S,EP001,SW,TPTAP,6,TX
TX1080006,MCALLEN PUBLIC UTILITY,L,54171,SW,EP002MC1,6,TX
TX1080006,MCALLEN PUBLIC UTILITY,L,08006,SW,EP003MC2,6,TX
TX1080007,CITY OF MERCEDES,L,00001,MX,EP001,6,TX
TX1080008,CITY OF MISSION,L,54173,SW,EP001MC,6,TX
TX1080008,CITY OF MISSION,L,54174,SW,EP002MC,6,TX
TX1080009,CITY OF PHARR,L,00001,SW,EP001,6,TX
TX1080010,CITY OF SAN JUAN,L,54176,SW,EP001MC,6,TX
TX1080010,CITY OF SAN JUAN,L,54177,SW,EP002MC,6,TX
TX1080011,CITY OF WESLACO,L,54178,SW,EP001MC,6,TX
TX1080021,CITY OF HIDALGO,L,80011,GW,EP001,6,TX
TX1080021,CITY OF HIDALGO,L,80033,GW,EP003,6,TX
TX1080022,AGUA SUD,L,54185,SW,EP001MC,6,TX
TX1080022,AGUA SUD,L,54184,SW,EP003MC,6,TX
TX1080029,NORTH ALAMO WSC,L,54195,SW,EP001MC1,6,TX
TX1080029,NORTH ALAMO WSC,L,54191,SW,EP002MC2,6,TX
TX1080029,NORTH ALAMO WSC,L,54192,SW,EP004MC4,6,TX
TX1080029,NORTH ALAMO WSC,L,54193,SW,EP005MC5,6,TX
TX1080029,NORTH ALAMO WSC,L,54189,SW,EP008MC6,6,TX
TX1080029,NORTH ALAMO WSC,L,62402,GW,EP009MC7,6,TX
TX1080029,NORTH ALAMO WSC,L,54196,SW,EP010MC7,6,TX
TX1080033,SHARYLAND WSC,L,54196,SW,EP001MC1,6,TX
TX1080033,SHARYLAND WSC,L,54197,SW,EP002MC2,6,TX
TX1080033,SHARYLAND WSC,L,18121,SW,EP003MC3,6,TX
TX1080067,MILITARY HWY WSC LAS RUSIAS,L,06712,GU,TP41084EPEPA,6,TX
TX1080067,MILITARY HWY WSC LAS RUSIAS,L,06711,GU,TP7606EPEPA,6,TX
TX1080088,HIDALGO COUNTY MUD 1,S,EP002,SW,EP002,6,TX
TX1080234,MILITARY HWY WSC PROGRESO,L,23422,GW,TRTTAPEPA,6,TX
TX1090001,CITY OF HILLSBORO,S,EP006,SW,TRTTAP,6,TX
TX1090012,CEDAR CREEK WATER SYSTEM,S,EP006,GW,TRTTAP,6,TX
TX1090035,FILES VALLEY WSC,S,10001,SW,EP001,6,TX
TX1090041,HILL COUNTY WSC,S,EP007,GW,TRTTAP,6,TX
TX1100002,CITY OF LEVELLAND,L,54307,SW,EP001MC,6,TX
TX1100002,CITY OF LEVELLAND,L,54308,GW,EP003MC,6,TX
TX1100002,CITY OF LEVELLAND,L,54309,GW,EP004MC,6,TX
TX1110001,CITY OF GRANBURY,L,10053,GW,10053,6,TX
TX1110001,CITY OF GRANBURY,L,10051,SW,EP001,6,TX
TX1110001,CITY OF GRANBURY,L,10052,GW,EP008,6,TX
TX1110001,CITY OF GRANBURY,L,10054,GW,EP010,6,TX
TX1110001,CITY OF GRANBURY,L,10055,GW,EP011,6,TX
TX1110001,CITY OF GRANBURY,L,10058,GW,EP014,6,TX
TX1110001,CITY OF GRANBURY,L,10059,GW,EP016,6,TX
TX1110001,CITY OF GRANBURY,L,10056,GW,EP017,6,TX
TX1110001,CITY OF GRANBURY,L,10057,GW,EP018,6,TX
TX1110004,OAK TRAIL SHORES,S,EP001,SW,TRTTAP,6,TX
TX1110007,ACTON MUD,L,54343,SW,EP001MC,6,TX
TX1110007,ACTON MUD,L,54344,GW,EP002MC,6,TX
TX1110007,ACTON MUD,L,54346,GW,EP003MC,6,TX
TX1110007,ACTON MUD,L,54351,GW,EP004MC,6,TX
TX1110007,ACTON MUD,L,00009,GW,EP005,6,TX
TX1110007,ACTON MUD,L,54352,GW,EP006MC,6,TX
TX1110007,ACTON MUD,L,54347,GW,EP007MC,6,TX
TX1110007,ACTON MUD,L,54354,GW,EP008MC,6,TX
TX1110007,ACTON MUD,L,54357,GW,EP009MC,6,TX
TX1110007,ACTON MUD,L,54355,GW,EP010MC,6,TX
TX1110007,ACTON MUD,L,54356,GW,EP011MC,6,TX
TX1110007,ACTON MUD,L,54348,GW,EP012MC,6,TX
TX1110007,ACTON MUD,L,54350,GW,EP014MC,6,TX
TX1110007,ACTON MUD,L,54345,GW,EP016MC,6,TX
TX1110007,ACTON MUD,L,61656,GW,EP017MC,6,TX
TX1110007,ACTON MUD,L,61657,GW,EP018MC,6,TX
TX1110007,ACTON MUD,L,00027,GW,EP019,6,TX
TX1110007,ACTON MUD,L,00028,GW,EP020,6,TX
TX1110007,ACTON MUD,L,00029,GW,EP021,6,TX
TX1110007,ACTON MUD,L,00022,GW,EP15,6,TX
TX1110116,BENTWATER ON LAKE GRANBURY,S,TP16887,GW,EP001,6,TX
TX1120001,CITY OF CUMBY,S,10001,GW,EP001,6,TX
TX1120002,CITY OF SULPHUR SPRINGS,L,54445,SW,EP001MC,6,TX
TX1120015,MARTIN SPRINGS WSC,S,TP7944,GW,EP001,6,TX
TX1120015,MARTIN SPRINGS WSC,S,TP7947,GW,EP002,6,TX
TX1120015,MARTIN SPRINGS WSC,S,TP7950,GW,EP003,6,TX
TX1120015,MARTIN SPRINGS WSC,S,TP7946,GW,EP004,6,TX
TX1120017,NORTH HOPKINS WSC,S,EP001,SW,EP001,6,TX
TX1130001,CITY OF CROCKETT,S,EP001,SW,TRTTAP,6,TX
TX1130010,HOUSTON COUNTY WCID 1,S,10001,SW,TPF001,6,TX
TX1130031,THE CONSOLIDATED WSC CENTRAL SYSTEM,S,20001,SW,EP002,6,TX
TX1130031,THE CONSOLIDATED WSC CENTRAL SYSTEM,S,20011,GW,EP011,6,TX
TX1130033,THE CONSOLIDATED WSC RURAL SYSTEM,S,20001,GW,EP001,6,TX
TX1130033,THE CONSOLIDATED WSC RURAL SYSTEM,S,20002,GW,EP002,6,TX
TX1130033,THE CONSOLIDATED WSC RURAL SYSTEM,S,20003,GW,EP003,6,TX
TX1130033,THE CONSOLIDATED WSC RURAL SYSTEM,S,20004,GW,EP004,6,TX
TX1130033,THE CONSOLIDATED WSC RURAL SYSTEM,S,20005,GW,EP005,6,TX
TX1130033,THE CONSOLIDATED WSC RURAL SYSTEM,S,20006,GW,EP006,6,TX
TX1130033,THE CONSOLIDATED WSC RURAL SYSTEM,S,20007,GW,EP007,6,TX
TX1130033,THE CONSOLIDATED WSC RURAL SYSTEM,S,20008,GW,EP008,6,TX
TX1130033,THE CONSOLIDATED WSC RURAL SYSTEM,S,20009,GW,EP009,6,TX
TX1130033,THE CONSOLIDATED WSC RURAL SYSTEM,S,20010,GW,EP010,6,TX
TX1140001,CITY OF BIG SPRING,L,54494,SW,EP001MC,6,TX
TX1140002,CITY OF COAHOMA,S,EP002,SW,EP002,6,TX
TX1160003,CITY OF COMMERCE,S,TP14918,SW,EP001,6,TX
TX1160003,CITY OF COMMERCE,S,TP8027,GW,EP002,6,TX
TX1160004,"CITY OF GREENVILLE, TX",L,54525,SW,EP001MC,6,TX
TX1160008,TEXAS A&M UNIVERSITY COMMERCE,S,20001,GW,EP001,6,TX
TX1160008,TEXAS A&M UNIVERSITY COMMERCE,S,20002,GW,EP002,6,TX
TX1160015,B H P WSC,S,EP001,SW,TRTTAP,6,TX
TX1160018,CASH SUD,L,54539,SW,EP001MC,6,TX
TX1160018,CASH SUD,L,54540,SW,EP002MC,6,TX
TX1160028,HOLIDAY ESTATES WATER,S,P1160028A,SW,EP001,6,TX
TX1160029,CADDO BASIN SUD,L,00001,SW,EP002,6,TX
TX1160029,CADDO BASIN SUD,L,00002,SW,EP004,6,TX
TX1160039,NORTH HUNT SUD,S,EP005,GW,TRTTAP,6,TX
TX1160052,COMBINED CONSUMERS SUD,S,EP001,SW,TRTTAP,6,TX
TX1160062,HICKORY CREEK SUD,S,EP004,GW,TRTTAP,6,TX
TX1170001,BORGER MUNICIPAL WATER SYSTEM,L,54582,GW,EP001MC,6,TX
TX1170001,BORGER MUNICIPAL WATER SYSTEM,L,54583,GW,EP002MC,6,TX
TX1170001,BORGER MUNICIPAL WATER SYSTEM,L,65301,GW,EP006MC,6,TX
TX1170001,BORGER MUNICIPAL WATER SYSTEM,L,54584,GW,EP007MC,6,TX
TX1170004,FRITCH MUNICIPAL WATER SUPPLY,S,TP8093,GW,EP001,6,TX
TX1170004,FRITCH MUNICIPAL WATER SUPPLY,S,TP8085,GW,EP002,6,TX
TX1190002,CITY OF JACKSBORO,S,EP001,SW,TRTTAP,6,TX
TX1200001,CITY OF EDNA,S,EP001,GW,EP001,6,TX
TX1200001,CITY OF EDNA,S,EP002,GW,EP002,6,TX
TX1210001,CITY OF JASPER,L,00001,GW,EP001,6,TX
TX1210001,CITY OF JASPER,L,00002,GW,EP002,6,TX
TX1210001,CITY OF JASPER,L,00003,GW,EP003,6,TX
TX1210001,CITY OF JASPER,L,00004,GW,EP004,6,TX
TX1210003,JASPER COUNTY WCID 1,S,20001,GW,EP001,6,TX
TX1210050,WESTROCK TEXAS,S,20001,GW,EP001,6,TX
TX1210060,UPPER JASPER COUNTY WATER AUTHORITY 1,S,20001,GW,EP001,6,TX
TX1210060,UPPER JASPER COUNTY WATER AUTHORITY 1,S,20002,GW,EP002,6,TX
TX1210060,UPPER JASPER COUNTY WATER AUTHORITY 1,S,20003,GW,EP003,6,TX
TX1230001,CITY OF BEAUMONT WATER UTILITY DEPT,L,54697,SW,EP001MC1,6,TX
TX1230001,CITY OF BEAUMONT WATER UTILITY DEPT,L,54698,GW,EP002MC2,6,TX
TX1230003,JEFFERSON COUNTY WCID 10,S,EP001,SW,TRTTAP,6,TX
TX1230006,CITY OF NEDERLAND,L,54701,SW,EP001MC,6,TX
TX1230010,CITY OF PORT NECHES,L,54703,SW,EP001MC1,6,TX
TX1230012,CITY OF GROVES,L,54704,SW,EP001MC,6,TX
TX1230021,WEST JEFFERSON COUNTY MWD,S,EP004,SW,TRTTAP,6,TX
TX1230092,FEDERAL CORRECTIONAL COMPLEX-BEAUMONT,S,EP001,SW,EP001,6,TX
TX1240001,JIM HOGG COUNTY WCID 2,S,EP005,GW,TRTTAP,6,TX
TX1250001,CITY OF ALICE,L,54738,SW,EP001MC,6,TX
TX1260001,CITY OF ALVARADO,S,EP006,SW,TRTTAP,6,TX
TX1260002,CITY OF BURLESON,L,34277,SW,EP001,6,TX
TX1260003,CITY OF CLEBURNE,L,53802,SW,EP001MC,6,TX
TX1260006,CITY OF VENUS,S,EP003,SW,ENTRYPOINTA,6,TX
TX1260008,CITY OF KEENE,S,EP001,GW,EP001,6,TX
TX1260008,CITY OF KEENE,S,EP002,GW,EP002,6,TX
TX1260008,CITY OF KEENE,S,EP004,GW,EP004,6,TX
TX1260008,CITY OF KEENE,S,EP005,GW,EP005,6,TX
TX1260008,CITY OF KEENE,S,EP007,GW,EP007,6,TX
TX1260008,CITY OF KEENE,S,EP008,GW,EP008,6,TX
TX1260008,CITY OF KEENE,S,EP009,SW,EP009,6,TX
TX1260016,BETHANY SUD,S,EP006,GW,TRTTAP,6,TX
TX1260017,BETHESDA WSC,L,53832,GW,EP003MC,6,TX
TX1260017,BETHESDA WSC,L,53845,GW,EP004MC,6,TX
TX1260017,BETHESDA WSC,L,54758,GW,EP007MC,6,TX
TX1260017,BETHESDA WSC,L,53837,GW,EP011MC,6,TX
TX1260017,BETHESDA WSC,L,53835,GW,EP013MC,6,TX
TX1260017,BETHESDA WSC,L,53834,GW,EP014MC,6,TX
TX1260017,BETHESDA WSC,L,53833,GW,EP015MC,6,TX
TX1260017,BETHESDA WSC,L,53842,GW,EP016MC,6,TX
TX1260017,BETHESDA WSC,L,61274,SW,EP020MC,6,TX
TX1260017,BETHESDA WSC,L,61275,SW,EP026,6,TX
TX1260018,JOHNSON COUNTY SUD,L,54761,SW,EP001MC,6,TX
TX1260018,JOHNSON COUNTY SUD,L,54763,GW,EP003MC,6,TX
TX1260018,JOHNSON COUNTY SUD,L,54775,GW,EP005MC,6,TX
TX1260018,JOHNSON COUNTY SUD,L,54771,GW,EP009MC,6,TX
TX1260018,JOHNSON COUNTY SUD,L,54773,GW,EP013MC,6,TX
TX1260018,JOHNSON COUNTY SUD,L,54765,GW,EP014MC,6,TX
TX1260018,JOHNSON COUNTY SUD,L,54764,GW,EP015MC,6,TX
TX1260018,JOHNSON COUNTY SUD,L,60544,MX,EP016MC,6,TX
TX1260018,JOHNSON COUNTY SUD,L,54769,GW,EP017MC,6,TX
TX1260018,JOHNSON COUNTY SUD,L,54768,GW,EP018MC,6,TX
TX1260018,JOHNSON COUNTY SUD,L,54776,GW,EP021MC,6,TX
TX1260018,JOHNSON COUNTY SUD,L,54772,SW,EP023MC,6,TX
TX1260018,JOHNSON COUNTY SUD,L,61654,GW,EP024MC,6,TX
TX1260018,JOHNSON COUNTY SUD,L,54770,SW,EP025MC,6,TX
TX1260018,JOHNSON COUNTY SUD,L,54766,SW,EP027MC,6,TX
TX1260074,METROPLEX HOMESTEADS WATER SUPPLY,S,10001,GW,EP001,6,TX
TX1260074,METROPLEX HOMESTEADS WATER SUPPLY,S,10002,GW,EP002,6,TX
TX1260074,METROPLEX HOMESTEADS WATER SUPPLY,S,10003,GW,EP003,6,TX
TX1260074,METROPLEX HOMESTEADS WATER SUPPLY,S,10004,GW,EP005,6,TX
TX1270006,HAWLEY WSC,S,EP006,SW,TRTTAP,6,TX
TX1280001,CITY OF KARNES CITY,S,EP003,GW,TRTTAP,6,TX
TX1280002,CITY OF KENEDY,S,EP002,GW,TRTTAP,6,TX
TX1280007,EL OSO WSC,S,EP002,GW,TRTTAP,6,TX
TX1290002,CITY OF FORNEY,L,34309,SW,EP001,6,TX
TX1290002,CITY OF FORNEY,L,00002,SW,PS2,6,TX
TX1290003,CITY OF KAUFMAN,S,EP001,SW,EP001,6,TX
TX1290005,CITY OF MABANK,L,54887,SW,EP001MC1,6,TX
TX1290006,CITY OF TERRELL,L,66257,SW,EP001,6,TX
TX1290010,ABLES SPRINGS SUD,S,EP003,SW,EP003,6,TX
TX1290011,BECKER JIBA WSC,S,10002,SW,EP002,6,TX
TX1290012,COLLEGE MOUND SUD,S,EP002,SW,TRTTAP,6,TX
TX1290014,FORNEY LAKE WSC,S,EP001,SW,TRTTAP,6,TX
TX1290015,GASTONIA SCURRY SUD,S,EP002,SW,TRTTAP,6,TX
TX1290016,HIGH POINT WATER SUPPLY CORPORATION,S,EP003,SW,TRTTAP,6,TX
TX1290023,ROSE HILL SUD,S,EP002,SW,EP002,6,TX
TX1290025,TALTY SUD,L,20002,SW,EP001,6,TX
TX1290025,TALTY SUD,L,20001,SW,EP1,6,TX
TX1290038,COUNTRY CLUB WSC,S,10001,SW,EP001,6,TX
TX1290043,KAUFMAN COUNTY FWSD 1A,S,EP001,SW,EP001,6,TX
TX1290046,KAUFMAN COUNTY MUD 11,S,EP001,SW,EP001,6,TX
TX1290053,KAUFMAN COUNTY MUD 14,S,10001,SW,EP001,6,TX
TX1300001,CITY OF BOERNE,L,01500,SW,EP001,6,TX
TX1300001,CITY OF BOERNE,L,03551,GW,EP002,6,TX
TX1300001,CITY OF BOERNE,L,04327,GW,EP003,6,TX
TX1300001,CITY OF BOERNE,L,02887,GW,EP004,6,TX
TX1300001,CITY OF BOERNE,L,02888,GW,EP005,6,TX
TX1300001,CITY OF BOERNE,L,10818,GW,EP006,6,TX
TX1300001,CITY OF BOERNE,L,10822,GW,EP007,6,TX
TX1300001,CITY OF BOERNE,L,90001,SW,EP008,6,TX
TX1330001,CITY OF KERRVILLE,L,S1330001A,GW,EP001,6,TX
TX1330001,CITY OF KERRVILLE,L,G1330001O,GW,EP003,6,TX
TX1330001,CITY OF KERRVILLE,L,G1330001F,GW,EP006,6,TX
TX1330001,CITY OF KERRVILLE,L,G1330001G,GW,EP007,6,TX
TX1330001,CITY OF KERRVILLE,L,G1330001H,GW,EP008,6,TX
TX1330001,CITY OF KERRVILLE,L,G1330001I,GW,EP009,6,TX
TX1330001,CITY OF KERRVILLE,L,G1330001K,GW,EP011,6,TX
TX1330001,CITY OF KERRVILLE,L,G133001Q,GW,EP013,6,TX
TX1330011,INGRAM WATER SUPPLY,S,TP8653,GW,EP002,6,TX
TX1330011,INGRAM WATER SUPPLY,S,TP8655,GW,EP003,6,TX
TX1330011,INGRAM WATER SUPPLY,S,TP8654,GW,EP004,6,TX
TX1330011,INGRAM WATER SUPPLY,S,TP8658,GW,EP005,6,TX
TX1330011,INGRAM WATER SUPPLY,S,TP8659,GW,EP006,6,TX
TX1330011,INGRAM WATER SUPPLY,S,TP8660,GW,EP007,6,TX
TX1330011,INGRAM WATER SUPPLY,S,TP411716,GW,EP008,6,TX
TX1330027,VERDE PARK ESTATES,S,10001,GW,EP001,6,TX
TX1330041,LOMA VISTA WATER SYSTEM,S,TP8694,GW,EP001,6,TX
TX1330041,LOMA VISTA WATER SYSTEM,S,TP8696,GW,EP002,6,TX
TX1330041,LOMA VISTA WATER SYSTEM,S,TP8697,GW,EP003,6,TX
TX1330041,LOMA VISTA WATER SYSTEM,S,TP8695,GW,EP004,6,TX
TX1370001,CITY OF KINGSVILLE,L,00001,GW,EP002,6,TX
TX1370001,CITY OF KINGSVILLE,L,00002,GW,EP004,6,TX
TX1370001,CITY OF KINGSVILLE,L,00003,GW,EP006,6,TX
TX1370001,CITY OF KINGSVILLE,L,00004,GW,EP007,6,TX
TX1370001,CITY OF KINGSVILLE,L,00005,SW,EP008,6,TX
TX1370001,CITY OF KINGSVILLE,L,00006,GW,EP009,6,TX
TX1370001,CITY OF KINGSVILLE,L,00007,GW,EP010,6,TX
TX1370001,CITY OF KINGSVILLE,L,00008,GW,EP011,6,TX
TX1370003,NAVAL AIR STATION KINGSVILLE,S,10002,MX,EP003,6,TX
TX1390002,CITY OF PARIS,L,55196,SW,EP001MC,6,TX
TX1390015,LAMAR COUNTY WATER SUPPLY DISTRICT,L,34380,SW,EP001,6,TX
TX1400003,CITY OF LITTLEFIELD,S,TP8845,GW,EP001,6,TX
TX1410001,CITY OF LAMPASAS,S,EP001,SW,EP001,6,TX
TX1410028,KEMPNER WSC,L,07276,SW,EP001,6,TX
TX1420001,CITY OF COTULLA,S,G1420001F,GW,TRTTAP,6,TX
TX1440001,CITY OF GIDDINGS,S,EP002,GW,TRTTAP,6,TX
TX1440005,LEE COUNTY WSC,L,G1440005B,GW,EP002,6,TX
TX1440005,LEE COUNTY WSC,L,G1440005F,GW,EP004,6,TX
TX1440005,LEE COUNTY WSC,L,G1440005G,GW,EP005,6,TX
TX1440005,LEE COUNTY WSC,L,G1440005N,GW,EP009,6,TX
TX1440005,LEE COUNTY WSC,L,G1440005O,GW,EP010,6,TX
TX1440005,LEE COUNTY WSC,L,G1440005P,GW,EP011,6,TX
TX1440005,LEE COUNTY WSC,L,G1440005E,GW,EP012,6,TX
TX1440005,LEE COUNTY WSC,L,G1440005J,GW,EP013,6,TX
TX1450015,FLO COMMUNITY WSC,S,EP005,GW,TRTTAP,6,TX
TX1450018,CONCORD-ROBBINS WSC,S,EP006,GW,TRTTAP,6,TX
TX1460001,CITY OF CLEVELAND,S,EP004,GW,TRTTAP,6,TX
TX1460002,CITY OF DAYTON,S,EP003,GW,TRTTAP,6,TX
TX1460003,CITY OF LIBERTY,S,TP9010,GW,EP001,6,TX
TX1460003,CITY OF LIBERTY,S,TP9009,GW,EP003,6,TX
TX1460009,HARDIN WSC,S,EP005,GW,TRTTAP,6,TX
TX1460055,TARKINGTON SUD,S,TP9052,GW,EP001,6,TX
TX1460055,TARKINGTON SUD,S,TP19560,GW,EP002,6,TX
TX1470002,CITY OF GROESBECK,S,EP001,SW,TRTTAP,6,TX
TX1470004,CITY OF MEXIA,S,TP18311,GW,EP001,6,TX
TX1470004,CITY OF MEXIA,S,TP20165,GW,EP002,6,TX
TX1470005,CITY OF THORNTON WATER SYSTEM,S,TP9140,GW,EP001,6,TX
TX1490002,CITY OF THREE RIVERS,S,EP002,SW,TRTTAP,6,TX
TX1490029,OLD MARBACH SCHOOL WSC,S,10001,GW,EP001,6,TX
TX1490029,OLD MARBACH SCHOOL WSC,S,10002,GW,EP002,6,TX
TX1500001,CITY OF LLANO,S,10001,SW,TRTTAP,6,TX
TX1500012,KINGSLAND WSC,L,20001,SW,EP1,6,TX
TX1500015,CITY OF HORSESHOE BAY,L,90001,SW,EP001,6,TX
TX1500015,CITY OF HORSESHOE BAY,L,90002,SW,EP002,6,TX
TX1520002,LUBBOCK PUBLIC WATER SYSTEM,L,55599,SW,EP001MC1,6,TX
TX1520002,LUBBOCK PUBLIC WATER SYSTEM,L,55600,GW,EP006MC1,6,TX
TX1520002,LUBBOCK PUBLIC WATER SYSTEM,L,90001,SW,EP009,6,TX
TX1520004,CITY OF SLATON,S,EP001,SW,TRTTAP,6,TX
TX1520005,CITY OF WOLFFORTH,S,EP010,GW,TRTTAP,6,TX
TX1520046,WILDWOOD MOBILE HOME VILLAGE,S,20002,GW,EP002,6,TX
TX1540001,CITY OF BRADY WATER SYSTEM,S,EP007,GW,EP007,6,TX
TX1550001,CITY OF BELLMEAD,L,55801,GW,EP001MC,6,TX
TX1550001,CITY OF BELLMEAD,L,55802,GW,EP002MC,6,TX
TX1550001,CITY OF BELLMEAD,L,55803,GW,EP003MC,6,TX
TX1550001,CITY OF BELLMEAD,L,55804,GW,EP004MC,6,TX
TX1550001,CITY OF BELLMEAD,L,55805,GW,EP005MC,6,TX
TX1550004,CITY OF MCGREGOR,S,EP004,SW,TRTTAP,6,TX
TX1550008,CITY OF WACO,L,55814,SW,EP001MC1,6,TX
TX1550008,CITY OF WACO,L,55813,SW,EP002MC2,6,TX
TX1550010,CITY OF ROBINSON,L,09561,SW,EP001,6,TX
TX1550010,CITY OF ROBINSON,L,10810,GW,EP002,6,TX
TX1550010,CITY OF ROBINSON,L,11003,GW,EP003,6,TX
TX1550010,CITY OF ROBINSON,L,11148,GW,EP004,6,TX
TX1550010,CITY OF ROBINSON,L,11160,GW,EP005,6,TX
TX1550010,CITY OF ROBINSON,L,11179,GW,EP006,6,TX
TX1550020,CHALK BLUFF WSC,S,EP003,GW,TRTTAP,6,TX
TX1550024,CITY OF BRUCEVILLE EDDY,S,CC001,SW,EP001,6,TX
TX1550024,CITY OF BRUCEVILLE EDDY,S,TP9769,GW,EP002,6,TX
TX1550024,CITY OF BRUCEVILLE EDDY,S,TP9771,GW,EP003,6,TX
TX1550024,CITY OF BRUCEVILLE EDDY,S,TP411654,GW,EP004,6,TX
TX1550026,ELM CREEK WSC,S,EP004,SW,TRTTAP,6,TX
TX1550031,CITY OF HEWITT,L,35521,MX,EP001,6,TX
TX1550031,CITY OF HEWITT,L,55851,GW,EP001MC1,6,TX
TX1550031,CITY OF HEWITT,L,55852,GW,EP002MC2,6,TX
TX1550033,CITY OF LACY LAKEVIEW,S,EP001,SW,TRTTAP,6,TX
TX1550037,M S WSC,S,20001,GW,EP001,6,TX
TX1550037,M S WSC,S,20002,GW,EP002,6,TX
TX1550048,CITY OF WOODWAY,S,10004,MX,G1550048B,6,TX
TX1550048,CITY OF WOODWAY,S,10007,GW,G1550048C,6,TX
TX1550048,CITY OF WOODWAY,S,10003,GW,G1550048D,6,TX
TX1550048,CITY OF WOODWAY,S,10001,MX,G1550048E,6,TX
TX1550048,CITY OF WOODWAY,S,10002,MX,G1550048G,6,TX
TX1550048,CITY OF WOODWAY,S,10005,GW,G1550048H,6,TX
TX1550059,CROSS COUNTRY WSC,S,10001,GW,EP001,6,TX
TX1550059,CROSS COUNTRY WSC,S,10002,GW,EP002,6,TX
TX1550059,CROSS COUNTRY WSC,S,10004,GW,EP004,6,TX
TX1550059,CROSS COUNTRY WSC,S,10005,GW,EP005,6,TX
TX1550138,TEXAS STATE TECHNICAL COLLEGE - WACO,S,EP001,SW,TRTTAP,6,TX
TX1570001,CITY OF MADISONVILLE,S,EP005,GW,TRTTAP,6,TX
TX1580023,PINE HARBOR SUBDIVISION,S,10002,GW,EP2,6,TX
TX1610001,CITY OF BAY CITY,L,56015,GW,EP001MC,6,TX
TX1610001,CITY OF BAY CITY,L,56016,GW,EP002MC,6,TX
TX1610001,CITY OF BAY CITY,L,56019,GW,EP003MC,6,TX
TX1610001,CITY OF BAY CITY,L,56018,GW,EP005MC,6,TX
TX1610004,CITY OF PALACIOS,S,EP001,GW,EP001,6,TX
TX1610004,CITY OF PALACIOS,S,EP005,GW,EP005,6,TX
TX1610102,SPANISH BIT PLANTATION SUB,S,10001,GW,EP001,6,TX
TX1620001,CITY OF EAGLE PASS,L,20866,SW,1620001,6,TX
TX1630002,CITY OF HONDO,S,10002,GW,EO002,6,TX
TX1630002,CITY OF HONDO,S,10003,GW,EO003,6,TX
TX1630002,CITY OF HONDO,S,10004,GW,EO004,6,TX
TX1630006,CITY OF DEVINE,S,EP004,GW,TRTTAP,6,TX
TX1630010,EAST MEDINA COUNTY SUD UNIT 1,S,EP001,GW,TRTTAP,6,TX
TX1630021,YANCEY WSC,S,EP004,GW,TRTTAP,6,TX
TX1630034,BENTON CITY WSC,L,00004,GW,TP002,6,TX
TX1640001,CITY OF MENARD,S,10001,GU,EP001,6,TX
TX1650001,CITY OF MIDLAND WATER PURIFICATION PLANT,L,56173,MX,EP001MC,6,TX
TX1650001,CITY OF MIDLAND WATER PURIFICATION PLANT,L,65001,GW,EP003MC,6,TX
TX1650003,AIRLINE MOBILE HOME PARK,S,20004,GW,EP001,6,TX
TX1650003,AIRLINE MOBILE HOME PARK,S,20002,GW,EP002,6,TX
TX1650003,AIRLINE MOBILE HOME PARK,S,20003,GW,EP003,6,TX
TX1660001,CITY OF CAMERON,S,EP001,SW,TRTTAP,6,TX
TX1660002,CITY OF ROCKDALE,S,EP002,GW,TRTTAP,6,TX
TX1660009,MILANO WSC,S,EP004,GW,TRTTAP,6,TX
TX1660015,SOUTHWEST MILAM WSC,L,EP004,GW,TRTTAP,6,TX
TX1680001,CITY OF COLORADO CITY,S,EP003,GW,TRTTAP,6,TX
TX1680004,MITCHELL COUNTY UTILITY,S,16806,GW,EP001,6,TX
TX1690001,CITY OF BOWIE,S,EP001,SW,TRTTAP,6,TX
TX1690006,CITY OF SAINT JO,S,20001,GW,EP001,6,TX
TX1690006,CITY OF SAINT JO,S,20002,GW,EP002,6,TX
TX1690006,CITY OF SAINT JO,S,20003,GW,EP003,6,TX
TX1700001,CITY OF CONROE,L,56323,GW,EP001MC,6,TX
TX1700001,CITY OF CONROE,L,56317,GW,EP002MC,6,TX
TX1700001,CITY OF CONROE,L,56318,MX,EP003MC,6,TX
TX1700001,CITY OF CONROE,L,56320,GW,EP004MC,6,TX
TX1700001,CITY OF CONROE,L,56322,GW,EP007MC,6,TX
TX1700001,CITY OF CONROE,L,56321,MX,EP008MC,6,TX
TX1700001,CITY OF CONROE,L,56316,MX,EP009MC,6,TX
TX1700001,CITY OF CONROE,L,61960,GW,EP010MC,6,TX
TX1700001,CITY OF CONROE,L,68450,MX,EP011MC,6,TX
TX1700001,CITY OF CONROE,L,56324,GW,EP012MC,6,TX
TX1700001,CITY OF CONROE,L,56325,MX,EP015MC,6,TX
TX1700001,CITY OF CONROE,L,56326,MX,EP016MC,6,TX
TX1700001,CITY OF CONROE,L,018,GW,EP018,6,TX
TX1700001,CITY OF CONROE,L,019,GW,EP019,6,TX
TX1700001,CITY OF CONROE,L,020,GW,EP020,6,TX
TX1700003,CITY OF WILLIS,S,TP10389,GW,EP001,6,TX
TX1700003,CITY OF WILLIS,S,TP10388,GW,EP002,6,TX
TX1700003,CITY OF WILLIS,S,TP410536,GW,EP003,6,TX
TX1700025,CITY OF OAK RIDGE NORTH,S,EP001,SW,TRTTAP,6,TX
TX1700068,PORTER SUD,L,56381,GW,EP001MC,6,TX
TX1700068,PORTER SUD,L,56380,GW,EP005MC,6,TX
TX1700068,PORTER SUD,L,11111,GW,EP007MC,6,TX
TX1700068,PORTER SUD,L,99999,GW,EP009MC,6,TX
TX1700073,SOUTHERN MONTGOMERY COUNTY MUD,L,00001,GW,EP001,6,TX
TX1700073,SOUTHERN MONTGOMERY COUNTY MUD,L,00002,MX,EP002,6,TX
TX1700073,SOUTHERN MONTGOMERY COUNTY MUD,L,00003,MX,EP003,6,TX
TX1700087,CITY OF SPLENDORA,S,EP003,GW,TRTTAP,6,TX
TX1700090,MONTGOMERY COUNTY MUD 6,S,EP001,MX,EP001,6,TX
TX1700097,STANLEY LAKE MUD,S,EP004,GW,TRTTAP,6,TX
TX1700101,NEW CANEY MUD,L,00001,GW,EP001,6,TX
TX1700101,NEW CANEY MUD,L,00002,GW,EP002,6,TX
TX1700101,NEW CANEY MUD,L,00003,GW,EP003,6,TX
TX1700116,MONTGOMERY COUNTY UD 3,S,TP10511,GW,EP001,6,TX
TX1700116,MONTGOMERY COUNTY UD 3,S,TP21702,GW,EP002,6,TX
TX1700118,MONTGOMERY COUNTY MUD 15,S,EP002,GW,TRTTAP,6,TX
TX1700119,MONTGOMERY COUNTY WCID 1,S,EP002,GW,TRTTAP,6,TX
TX1700133,SPRING CREEK UTILITY DISTRICT,L,EP001,GW,TRTTAP,6,TX
TX1700139,MONTGOMERY COUNTY MUD 36,S,EP001,SW,EP001,6,TX
TX1700169,MONTGOMERY COUNTY MUD 7,L,35567,MX,EP001,6,TX
TX1700176,MONTGOMERY COUNTY MUD 8,S,EP001,GW,EP001,6,TX
TX1700176,MONTGOMERY COUNTY MUD 8,S,EP002,GW,EP002,6,TX
TX1700176,MONTGOMERY COUNTY MUD 8,S,EP003,GW,EP003,6,TX
TX1700178,DOBBIN PLANTERSVILLE WSC 1,S,TP001,GW,EP001,6,TX
TX1700178,DOBBIN PLANTERSVILLE WSC 1,S,TP002,GW,EP002,6,TX
TX1700178,DOBBIN PLANTERSVILLE WSC 1,S,TP003,GW,EP003,6,TX
TX1700207,TEXAS NATIONAL MUD,S,10001,GW,EP001,6,TX
TX1700220,MONTGOMERY COUNTY MUD 9,S,EP003,GW,TRTTAP,6,TX
TX1700279,CARRIAGE HILLS,S,TP10641,GW,EP001,6,TX
TX1700279,CARRIAGE HILLS,S,TP10642,GW,EP002,6,TX
TX1700286,MONTGOMERY COUNTY UD 4,S,TP10646,GW,EP001,6,TX
TX1700286,MONTGOMERY COUNTY UD 4,S,P1700286A,GW,EP002,6,TX
TX1700319,MONTGOMERY COUNTY MUD 19,S,10001,GW,EP001,6,TX
TX1700319,MONTGOMERY COUNTY MUD 19,S,10002,GW,EP002,6,TX
TX1700319,MONTGOMERY COUNTY MUD 19,S,10003,GW,EP003,6,TX
TX1700332,MONTGOMERY COUNTY MUD 39,S,EP001,SW,EP001,6,TX
TX1700334,RAYFORD ROAD MUD,L,56553,GW,EP001,6,TX
TX1700334,RAYFORD ROAD MUD,L,56554,MX,EP002,6,TX
TX1700348,MONTGOMERY COUNTY MUD 46,L,01348,MX,EP001,6,TX
TX1700386,DECKER HILLS,S,10001,GW,EP001,6,TX
TX1700386,DECKER HILLS,S,10002,GW,EP002,6,TX
TX1700386,DECKER HILLS,S,10003,GW,EP003,6,TX
TX1700386,DECKER HILLS,S,10004,GW,EP004,6,TX
TX1700458,MONTGOMERY COUNTY MUD 47,L,35582,MX,EP1,6,TX
TX1700470,MONTGOMERY COUNTY MUD 60,L,00471,MX,EP001,6,TX
TX1700471,THE WOODLANDS MUD 1,S,10001,MX,EP001,6,TX
TX1700546,MONTGOMERY COUNTY MUD 18,S,EP002,GW,TRTTAP,6,TX
TX1700554,MONTGOMERY COUNTY MUD 67,S,EP001,SW,TRTTAP,6,TX
TX1700583,CONROE ISD MOOREHEAD JR HIGH SCHOOL,S,EP001,GW,TRTTAP,6,TX
TX1700592,TOWN OF CUT AND SHOOT,S,EP002,GW,TRTTAP,6,TX
TX1700638,Montgomery Trace,L,00023,GW,EP010,6,TX
TX1700638,Montgomery Trace,L,00020,GW,MISDST,6,TX
TX1700638,Montgomery Trace,L,00015,GW,TP01,6,TX
TX1700638,Montgomery Trace,L,00016,GW,TP02,6,TX
TX1700638,Montgomery Trace,L,00017,GW,TP03,6,TX
TX1700638,Montgomery Trace,L,00018,GW,TP04,6,TX
TX1700638,Montgomery Trace,L,00019,GW,TP05,6,TX
TX1700638,Montgomery Trace,L,00021,GW,TP07,6,TX
TX1700638,Montgomery Trace,L,00022,GW,TP08,6,TX
TX1700648,WOODLAND OAKS SUBDIVISION,S,TP002,GW,EP,6,TX
TX1700666,OLD EGYPT SUBDIVISION,S,TP19456,GW,EP001,6,TX
TX1700666,OLD EGYPT SUBDIVISION,S,TP21320,GW,EP002,6,TX
TX1700666,OLD EGYPT SUBDIVISION,S,TP10614,GW,EP003,6,TX
TX1700666,OLD EGYPT SUBDIVISION,S,TP411945,GW,EP006,6,TX
TX1700678,BENDERS LANDING WATER PLANT 1 & 2,S,BN01,GW,EP001,6,TX
TX1700678,BENDERS LANDING WATER PLANT 1 & 2,S,BN02,GW,EP002,6,TX
TX1700678,BENDERS LANDING WATER PLANT 1 & 2,S,BN03,GW,EP003,6,TX
TX1700716,MONTGOMERY COUNTY MUD 94,S,TP20896,GW,EP001,6,TX
TX1700717,MONTGOMERY COUNTY MUD 89,S,EP002,GW,TRTTAP,6,TX
TX1700752,VALLEY RANCH MUD 1,S,10001,GW,EP001,6,TX
TX1700762,MONTGOMERY COUNTY MUD 112,S,20001,GW,EP001,6,TX
TX1700773,MONTGOMERY COUNTY MUD 119 SPRING TRAILS,S,EP002,GW,TRTTAP,6,TX
TX1700859,WOODRIDGE MUD,S,EP001,GW,TRTTAP,6,TX
TX1700886,THIRD COAST SERVICES,S,TP411648,GW,EP002,6,TX
TX1710001,CITY OF DUMAS,L,EP001,GW,EP001,6,TX
TX1710003,CITY OF CACTUS,S,EP003,GW,TRTTAP,6,TX
TX1720001,CITY OF DAINGERFIELD,S,10001,SW,EP001,6,TX
TX1740003,CITY OF NACOGDOCHES,L,56917,SW,EP001MC,6,TX
TX1740003,CITY OF NACOGDOCHES,L,56919,GW,EP003MC,6,TX
TX1740005,APPLEBY WSC,S,EP001,GW,EP001,6,TX
TX1740005,APPLEBY WSC,S,EP002,GW,EP002,6,TX
TX1740005,APPLEBY WSC,S,EP003,GW,EP003,6,TX
TX1740005,APPLEBY WSC,S,EP005,GW,EP005,6,TX
TX1740005,APPLEBY WSC,S,EP006,GW,EP006,6,TX
TX1740005,APPLEBY WSC,S,EP007,GW,EP007,6,TX
TX1740005,APPLEBY WSC,S,EP008,GW,EP008,6,TX
TX1740005,APPLEBY WSC,S,EP004,GW,TRTTAP004,6,TX
TX1740010,D & M WSC,S,TP10999,GW,EP001,6,TX
TX1740010,D & M WSC,S,TP19729,GW,EP002,6,TX
TX1740010,D & M WSC,S,TP19825,GW,EP003,6,TX
TX1740010,D & M WSC,S,TP22034,GW,EP004,6,TX
TX1740010,D & M WSC,S,TP22035,GW,EP005,6,TX
TX1750002,CITY OF CORSICANA,L,56968,SW,EP0001MC,6,TX
TX1750002,CITY OF CORSICANA,L,56969,SW,EP0002MC,6,TX
TX1750012,CHATFIELD WSC,S,EP001,SW,TRTTAP,6,TX
TX1750014,EMHOUSE WATER SYSTEM,S,20001,SW,EP001,6,TX
TX1750014,EMHOUSE WATER SYSTEM,S,20002,SW,EP002,6,TX
TX1750014,EMHOUSE WATER SYSTEM,S,20003,SW,EP003,6,TX
TX1750015,M E N WSC,S,EP002,SW,TRTTAP,6,TX
TX1750019,RICE WSC,S,EP003,SW,EP003,6,TX
TX1750019,RICE WSC,S,EP002,SW,TRTTAP,6,TX
TX1750023,WINKLER WSC,S,20003,SW,EP003,6,TX
TX1750024,NAVARRO MILLS WSC,S,EP001,MX,TRTTAP,6,TX
TX1760022,SOUTH NEWTON WSC,S,EP004,GW,TRTTAP,6,TX
TX1770002,CITY OF SWEETWATER,L,57022,SW,EP001MC,6,TX
TX1780002,CITY OF BISHOP,S,EP001,SW,TRTTAP,6,TX
TX1780003,CITY OF CORPUS CHRISTI,L,57033,SW,EP001MC1,6,TX
TX1780005,NUECES COUNTY WCID 3,L,00001,SW,EP001,6,TX
TX1780006,NUECES COUNTY WCID 4,L,00007,SW,EP00001,6,TX
TX1780006,NUECES COUNTY WCID 4,L,00008,SW,EP00002,6,TX
TX1780017,CORPUS CHRISTI NAVAL AIR STATION,S,EP001,SW,TRTTAP,6,TX
TX1790001,PERRYTON MUNICIPAL WATER SYSTEM,S,EP002,GW,TRTTAP,6,TX
TX1810001,CITY OF BRIDGE CITY,S,EP001,GW,EP001,6,TX
TX1810001,CITY OF BRIDGE CITY,S,EP003,GW,EP003,6,TX
TX1810001,CITY OF BRIDGE CITY,S,EP004,GW,EP004,6,TX
TX1810004,"CITY OF ORANGE, TX",L,71192,GW,001,6,TX
TX1810004,"CITY OF ORANGE, TX",L,71012,GW,002,6,TX
TX1810004,"CITY OF ORANGE, TX",L,71200,GW,003,6,TX
TX1810005,ORANGE COUNTY WCID 1,L,57083,GW,EP002,6,TX
TX1810005,ORANGE COUNTY WCID 1,L,61661,GW,EP003,6,TX
TX1810005,ORANGE COUNTY WCID 1,L,19754,GW,EP005,6,TX
TX1810006,ORANGE COUNTY WCID 2,S,TP11141,GW,EP001,6,TX
TX1810006,ORANGE COUNTY WCID 2,S,TP11140,GW,EP002,6,TX
TX1810006,ORANGE COUNTY WCID 2,S,TP19893,GW,EP003,6,TX
TX1810144,MAURICEVILLE MUD,S,EP001,GW,EP001,6,TX
TX1810144,MAURICEVILLE MUD,S,EP002,GW,EP002,6,TX
TX1810144,MAURICEVILLE MUD,S,EP003,GW,EP003,6,TX
TX1810144,MAURICEVILLE MUD,S,EP004,GW,EP004,6,TX
TX1810144,MAURICEVILLE MUD,S,EP005,GW,EP005,6,TX
TX1810186,ORANGEFIELD WSC,S,TP18972,GW,EP001,6,TX
TX1810186,ORANGEFIELD WSC,S,TP11226,GW,EP002,6,TX
TX1820001,CITY OF MINERAL WELLS,L,57214,SW,EP001MC,6,TX
TX1820076,POSSUM KINGDOM WSC,S,EP001,SW,TRTTAP,6,TX
TX1830001,CITY OF CARTHAGE,S,EP001,SW,TRTTAP,6,TX
TX1840001,CITY OF ALEDO,S,G1840001HGW,GW,EP1,6,TX
TX1840001,CITY OF ALEDO,S,G1840001HSW,SW,EP2,6,TX
TX1840001,CITY OF ALEDO,S,G1840001G,GW,EP3,6,TX
TX1840001,CITY OF ALEDO,S,G1840001F,GW,EP4,6,TX
TX1840003,CITY OF SPRINGTOWN,S,TP15027,GW,EP001,6,TX
TX1840003,CITY OF SPRINGTOWN,S,TP18505,SW,EP002,6,TX
TX1840005,CITY OF WEATHERFORD,L,57327,SW,EP002MC,6,TX
TX1840006,CITY OF HUDSON OAKS,S,11368,GW,EP001,6,TX
TX1840006,CITY OF HUDSON OAKS,S,11364,GU,EP002,6,TX
TX1840006,CITY OF HUDSON OAKS,S,19585,GW,EP004,6,TX
TX1840006,CITY OF HUDSON OAKS,S,11505,GW,EP005,6,TX
TX1840006,CITY OF HUDSON OAKS,S,11507,GW,EP006,6,TX
TX1840008,WALNUT CREEK SUD,L,57331,SW,EP006MC,6,TX
TX1840027,CITY OF WILLOW PARK,S,EP016,GW,TRTTAP,6,TX
TX1840079,PARKER COUNTY SUD SURFACE,S,EP001,SW,EP001,6,TX
TX1840079,PARKER COUNTY SUD SURFACE,S,EP002,SW,EP002,6,TX
TX1840111,TOWN OF ANNETTA DEER CREEK,S,10001,GW,EP001,6,TX
TX1840111,TOWN OF ANNETTA DEER CREEK,S,10002,GW,EP002,6,TX
TX1840111,TOWN OF ANNETTA DEER CREEK,S,10003,GW,EP003,6,TX
TX1840111,TOWN OF ANNETTA DEER CREEK,S,10004,GW,EP004,6,TX
TX1840111,TOWN OF ANNETTA DEER CREEK,S,10005,GW,EP005,6,TX
TX1840111,TOWN OF ANNETTA DEER CREEK,S,10006,GW,EP006,6,TX
TX1840111,TOWN OF ANNETTA DEER CREEK,S,10007,GW,EP007,6,TX
TX1840111,TOWN OF ANNETTA DEER CREEK,S,10008,GW,EP008,6,TX
TX1850003,FRIONA MUNICIPAL WATER SYSTEM,S,EP004,GW,TRTTAP,6,TX
TX1860001,CITY OF FORT STOCKTON,L,EP002,GW,TRTTAP,6,TX
TX1860026,PECOS COUNTY WCID 1,S,20001,GW,EP001,6,TX
TX1870002,"CITY OF LIVINGSTON, TX",L,0003,SW,003,6,TX
TX1870009,ONALASKA WSC,S,EP004,GW,TRTTAP,6,TX
TX1870017,YAUPON COVE,S,TP11654,GW,EP001,6,TX
TX1870017,YAUPON COVE,S,TP11656,GW,EP002,6,TX
TX1870034,CANYON PARK WSC,S,10001,GW,EP001,6,TX
TX1870156,LAKE LIVINGSTON VILLAGE,S,TP11789,GW,EP001,6,TX
TX1870166,LAKE LIVINGSTON PINESHADOWS EAST,S,TP21758,SW,EP001,6,TX
TX1870166,LAKE LIVINGSTON PINESHADOWS EAST,S,TP002,GW,EP002,6,TX
TX1880001,AMARILLO MUNICIPAL WATER SYSTEM,L,57550,MX,EP001MC1,6,TX
TX1880001,AMARILLO MUNICIPAL WATER SYSTEM,L,57551,GW,EP002MC2,6,TX
TX1880001,AMARILLO MUNICIPAL WATER SYSTEM,L,57548,MX,EP004MC3,6,TX
TX1880001,AMARILLO MUNICIPAL WATER SYSTEM,L,57549,MX,EP005MC4,6,TX
TX1880001,AMARILLO MUNICIPAL WATER SYSTEM,L,57552,GW,EP006,6,TX
TX1880001,AMARILLO MUNICIPAL WATER SYSTEM,L,57553,SW,EP007,6,TX
TX1890002,CITY OF PRESIDIO,S,EP001,GW,TRTTAP,6,TX
TX1900001,CITY OF EMORY,S,TX1900001,SW,EP001,6,TX
TX1910001,CANYON MUNICIPAL WATER SYSTEM,L,90001,SW,EP001,6,TX
TX1910001,CANYON MUNICIPAL WATER SYSTEM,L,90002,GW,EP002,6,TX
TX1910001,CANYON MUNICIPAL WATER SYSTEM,L,90003,GW,EP003,6,TX
TX1910001,CANYON MUNICIPAL WATER SYSTEM,L,90004,GW,EP004,6,TX
TX1940008,RED RIVER COUNTY WSC,S,TP12084,GW,EP004,6,TX
TX1940008,RED RIVER COUNTY WSC,S,TP12086,GW,EP005,6,TX
TX1940008,RED RIVER COUNTY WSC,S,TP12085,GW,EP007,6,TX
TX1940008,RED RIVER COUNTY WSC,S,TP411586,GW,EP008,6,TX
TX1950001,CITY OF PECOS,L,00001,GW,EP001,6,TX
TX1950006,MADERA VALLEY WSC,S,EP002,GW,EP002,6,TX
TX1950006,MADERA VALLEY WSC,S,EP003,GW,EP003,6,TX
TX1950006,MADERA VALLEY WSC,S,EP005,GW,EP005,6,TX
TX1980002,CITY OF CALVERT,S,001,GW,001,6,TX
TX1980004,CITY OF HEARNE,S,EP004,GW,TRTTAP,6,TX
TX1990001,CITY OF ROCKWALL,L,35726,SW,EP001,6,TX
TX1990002,CITY OF ROYSE CITY,L,35728,SW,EP001,6,TX
TX1990004,BLACKLAND WSC,S,EP003,SW,TRTTAP,6,TX
TX1990006,CITY OF FATE,L,19901,SW,1738707,6,TX
TX1990012,R C H WSC,S,EP001,SW,TRTTAP,6,TX
TX1990014,CITY OF HEATH,S,EP001,SW,TRTTAP,6,TX
TX2010001,CITY OF HENDERSON,L,57766,GW,EP001MC,6,TX
TX2010001,CITY OF HENDERSON,L,57767,GW,EP003MC,6,TX
TX2010001,CITY OF HENDERSON,L,57770,GW,EP004MC,6,TX
TX2010001,CITY OF HENDERSON,L,12178,GW,EP005,6,TX
TX2010001,CITY OF HENDERSON,L,57769,GW,EP006MC,6,TX
TX2010001,CITY OF HENDERSON,L,57771,GW,EP007MC,6,TX
TX2010001,CITY OF HENDERSON,L,12182,GW,EP008,6,TX
TX2010001,CITY OF HENDERSON,L,61162,SW,EP009MC,6,TX
TX2010002,CITY OF OVERTON,S,TP003,GW,EP,6,TX
TX2010004,ARLAM CONCORD WSC,S,EP001,GW,EP001,6,TX
TX2010004,ARLAM CONCORD WSC,S,EP002,GW,EP002,6,TX
TX2010050,CHALK HILL SUD,S,EP004,GW,TRTTAP,6,TX
TX2020067,G M WSC,S,EP012,SW,TRTTAP,6,TX
TX2040033,SAN JACINTO SUD,S,EP005,GW,TRTTAP,6,TX
TX2050002,CITY OF INGLESIDE,S,EP002,SW,TRTTAP,6,TX
TX2050003,CITY OF MATHIS,S,EP001,SW,TRTTAP,6,TX
TX2050005,CITY OF PORTLAND,L,35775,SW,EP001,6,TX
TX2050006,CITY OF SINTON,S,EP001,GW,EP001,6,TX
TX2050006,CITY OF SINTON,S,EP002,GW,EP002,6,TX
TX2050007,CITY OF TAFT,S,EP001,SW,EP001,6,TX
TX2050015,CITY OF ARANSAS PASS,S,EP001,SW,EP001,6,TX
TX2050078,RINCON WSC,S,EP003,SW,TRTTAP,6,TX
TX2060012,RICHLAND SUD,S,TP101,GW,01,6,TX
TX2060012,RICHLAND SUD,S,TP102,GW,02,6,TX
TX2080001,CITY OF SNYDER,L,EP001,SW,TRTTAP,6,TX
TX2100001,CITY OF CENTER,S,EP002,SW,TRTTAP,6,TX
TX2100014,SHELBYVILLE WSC,S,10001,GW,EP001,6,TX
TX2100014,SHELBYVILLE WSC,S,10002,GW,EP002,6,TX
TX2100031,PAXTON WSC JACKSON PLANT,S,10001,SW,EP001,6,TX
TX2120002,CITY OF LINDALE,S,EP006,GW,TRTAP,6,TX
TX2120002,CITY OF LINDALE,S,EP007,GW,TRTTAP,6,TX
TX2120004,CITY OF TYLER,L,58093,SW,EP001MC1,6,TX
TX2120004,CITY OF TYLER,L,62039,SW,EP012MC9,6,TX
TX2120006,CITY OF BULLARD,S,TP12515,GW,EP001,6,TX
TX2120006,CITY OF BULLARD,S,TP12517,GW,EP002,6,TX
TX2120006,CITY OF BULLARD,S,TP21622,GW,EP004,6,TX
TX2120006,CITY OF BULLARD,S,TP412072,GW,EP005,6,TX
TX2120009,DEAN WSC,S,TP12522,GW,EP003,6,TX
TX2120009,DEAN WSC,S,TP12523,GW,EP004,6,TX
TX2120009,DEAN WSC,S,TP20812,GW,EP005,6,TX
TX2120012,STARRVILLE-FRIENDSHIP WSC,S,20001,GW,EP001,6,TX
TX2120012,STARRVILLE-FRIENDSHIP WSC,S,20002,GW,EP002,6,TX
TX2120012,STARRVILLE-FRIENDSHIP WSC,S,20003,GW,EP003,6,TX
TX2120012,STARRVILLE-FRIENDSHIP WSC,S,20004,GW,EP004,6,TX
TX2120015,CRYSTAL SYSTEMS,S,TP12529,GW,EP003,6,TX
TX2120015,CRYSTAL SYSTEMS,S,TP12530,GW,EP004,6,TX
TX2120015,CRYSTAL SYSTEMS,S,TP21192,GW,EP005,6,TX
TX2120015,CRYSTAL SYSTEMS,S,TP411163,GW,EP006,6,TX
TX2120016,JACKSON WSC,S,EP004,GW,TRTTAP,6,TX
TX2120017,LINDALE RURAL WSC,L,00002,GW,EP002,6,TX
TX2120017,LINDALE RURAL WSC,L,00003,GW,EP003,6,TX
TX2120017,LINDALE RURAL WSC,L,00004,GW,EP004,6,TX
TX2120020,SAND FLAT WSC,S,EP003,GW,TRTTAP,6,TX
TX2120024,WALNUT GROVE WSC,S,P12552,GW,EP001,6,TX
TX2120024,WALNUT GROVE WSC,S,TP12555,GW,EP002,6,TX
TX2120024,WALNUT GROVE WSC,S,TP19794,GW,EP006,6,TX
TX2120025,CITY OF WHITEHOUSE,S,EP004,SW,TRTTAP,6,TX
TX2120063,SOUTHERN UTILITIES,L,58152,GW,EP001MC,6,TX
TX2120063,SOUTHERN UTILITIES,L,58153,GW,EP002MC,6,TX
TX2120063,SOUTHERN UTILITIES,L,58154,GW,EP003MC,6,TX
TX2120063,SOUTHERN UTILITIES,L,58155,GW,EP004MC,6,TX
TX2120063,SOUTHERN UTILITIES,L,TP12587,GW,EP005,6,TX
TX2120063,SOUTHERN UTILITIES,L,58157,GW,EP006MC,6,TX
TX2120063,SOUTHERN UTILITIES,L,58158,GW,EP007MC,6,TX
TX2120063,SOUTHERN UTILITIES,L,58160,GW,EP008MC,6,TX
TX2120063,SOUTHERN UTILITIES,L,58159,GW,EP009MC,6,TX
TX2120063,SOUTHERN UTILITIES,L,58166,GW,EP010MC,6,TX
TX2120063,SOUTHERN UTILITIES,L,58165,GW,EP011MC,6,TX
TX2120063,SOUTHERN UTILITIES,L,58164,GW,EP012MC,6,TX
TX2120063,SOUTHERN UTILITIES,L,58163,GW,EP013MC,6,TX
TX2120063,SOUTHERN UTILITIES,L,58162,GW,EP014MC,6,TX
TX2120063,SOUTHERN UTILITIES,L,58161,GW,EP015MC,6,TX
TX2120063,SOUTHERN UTILITIES,L,58167,GW,EP016MC,6,TX
TX2120063,SOUTHERN UTILITIES,L,58168,GW,EP017MC,6,TX
TX2120063,SOUTHERN UTILITIES,L,59891,GW,EP018MC,6,TX
TX2120063,SOUTHERN UTILITIES,L,59892,GW,EP019MC,6,TX
TX2120063,SOUTHERN UTILITIES,L,59893,GW,EP020MC,6,TX
TX2120063,SOUTHERN UTILITIES,L,59894,GW,EP021MC,6,TX
TX2120063,SOUTHERN UTILITIES,L,59895,GW,EP022MC,6,TX
TX2120063,SOUTHERN UTILITIES,L,59896,GW,EP023MC,6,TX
TX2120063,SOUTHERN UTILITIES,L,61714,GW,EP024MC,6,TX
TX2120063,SOUTHERN UTILITIES,L,17829,GW,EP025,6,TX
TX2120063,SOUTHERN UTILITIES,L,17828,GW,EP026MC,6,TX
TX2120063,SOUTHERN UTILITIES,L,10001,SW,EPCC,6,TX
TX2120105,EMERALD BAY MUD,S,10001,GW,EP001,6,TX
TX2140003,FALCON RURAL WSC,S,19685,SW,PE1,6,TX
TX2140004,UNION WSC,S,EP002,SW,TRTTAP,6,TX
TX2140007,CITY OF ROMA,L,00001,SW,EP001,6,TX
TX2140016,RIO WSC,S,EP002,SW,TRTTAP,6,TX
TX2140018,CITY OF RIO GRANDE CITY,L,58237,SW,PLANT2,6,TX
TX2140028,EL SAUZ WSC,S,P2140028A,SW,EP001,6,TX
TX2150001,CITY OF BRECKENRIDGE,S,EP001,SW,EP001,6,TX
TX2190003,TULIA MUNICIPAL WATER SYSTEM,S,EP003,GW,TRTTAP,6,TX
TX2200001,CITY OF ARLINGTON,L,58278,SW,EP001MC1,6,TX
TX2200001,CITY OF ARLINGTON,L,58279,SW,EP002MC2,6,TX
TX2200002,CITY OF AZLE,L,58280,SW,EP001MC,6,TX
TX2200003,CITY OF BEDFORD,L,EP006,SW,TRTTAP,6,TX
TX2200010,CITY OF EVERMAN,S,EP005,GW,TRTTAP,6,TX
TX2200011,CITY OF FOREST HILL,L,35840,SW,EP001,6,TX
TX2200012,CITY OF FORT WORTH,L,58294,SW,EP001MC1,6,TX
TX2200012,CITY OF FORT WORTH,L,58295,SW,EP003MC2,6,TX
TX2200012,CITY OF FORT WORTH,L,58296,SW,EP004MC3,6,TX
TX2200012,CITY OF FORT WORTH,L,58297,SW,EP005MC4,6,TX
TX2200012,CITY OF FORT WORTH,L,21876,SW,EP006MC5,6,TX
TX2200013,CITY OF GRAPEVINE,L,58298,SW,EP001MC,6,TX
TX2200013,CITY OF GRAPEVINE,L,58299,SW,TRAEAST,6,TX
TX2200014,CITY OF HALTOM CITY,L,35843,SW,EP001,6,TX
TX2200014,CITY OF HALTOM CITY,L,35844,SW,EP002,6,TX
TX2200017,CITY OF KENNEDALE,S,EP003,SW,TRTTAP,6,TX
TX2200018,CITY OF MANSFIELD,L,58308,SW,EP001MC,6,TX
TX2200022,CITY OF RICHLAND HILLS,S,EP005,GW,TRTTAP,6,TX
TX2200023,CITY OF SAGINAW,L,35849,SW,EP001,6,TX
TX2200029,BENBROOK WATER AUTHORITY,L,58321,SW,EP001MC,6,TX
TX2200029,BENBROOK WATER AUTHORITY,L,58325,GW,EP005MC,6,TX
TX2200029,BENBROOK WATER AUTHORITY,L,58326,GW,EP007MC,6,TX
TX2200029,BENBROOK WATER AUTHORITY,L,58332,GW,EP009MC,6,TX
TX2200029,BENBROOK WATER AUTHORITY,L,58331,GW,EP010MC,6,TX
TX2200029,BENBROOK WATER AUTHORITY,L,58327,GW,EP011MC,6,TX
TX2200029,BENBROOK WATER AUTHORITY,L,58334,GW,EP012MC,6,TX
TX2200029,BENBROOK WATER AUTHORITY,L,58328,GW,EP013MC,6,TX
TX2200029,BENBROOK WATER AUTHORITY,L,58330,GW,EP014MC,6,TX
TX2200031,CITY OF EULESS,L,58338,SW,EP001MC,6,TX
TX2200031,CITY OF EULESS,L,58339,GW,EP003MC,6,TX
TX2200031,CITY OF EULESS,L,58336,GW,EP005MC,6,TX
TX2200034,CITY OF CROWLEY,L,00001,SW,EP01,6,TX
TX2200043,CITY OF COLLEYVILLE,L,35853,SW,EP001,6,TX
TX2200044,COMMUNITY WSC,S,EP001,SW,TRTTAP,6,TX
TX2200054,CITY OF HURST,L,16617,SW,EP001MC,6,TX
TX2200054,CITY OF HURST,L,58370,GW,EP005MC,6,TX
TX2200054,CITY OF HURST,L,58367,GW,EP006MC,6,TX
TX2200054,CITY OF HURST,L,58368,GW,EP007MC,6,TX
TX2200060,CITY OF LAKE WORTH,S,10004,SW,EP4,6,TX
TX2200060,CITY OF LAKE WORTH,S,10001,SW,TRTTAP001,6,TX
TX2200060,CITY OF LAKE WORTH,S,10003,GW,TRTTAP003,6,TX
TX2200060,CITY OF LAKE WORTH,S,10005,GW,TRTTAP005,6,TX
TX2200063,CITY OF NORTH RICHLAND HILLS,L,35859,SW,EP001,6,TX
TX2200063,CITY OF NORTH RICHLAND HILLS,L,35860,SW,EP002,6,TX
TX2200071,CITY OF SANSOM PARK,S,EP007,GW,TRTTAP,6,TX
TX2200075,CITY OF SOUTHLAKE,L,10001,SW,PS1,6,TX
TX2200081,CITY OF WHITE SETTLEMENT,L,58405,SW,EP001MC,6,TX
TX2200081,CITY OF WHITE SETTLEMENT,L,58409,GW,EP005MC,6,TX
TX2200081,CITY OF WHITE SETTLEMENT,L,58411,GW,EP008MC,6,TX
TX2200081,CITY OF WHITE SETTLEMENT,L,58412,GW,EP010MC,6,TX
TX2200096,CITY OF KELLER,L,35872,SW,EP001,6,TX
TX2200328,CITY OF WATAUGA,L,35879,SW,EP001,6,TX
TX2200328,CITY OF WATAUGA,L,22553,SW,EP002,6,TX
TX2200332,NAVAL AIR STN JOINT RESERVE BASE,S,EP001,SW,EP001,6,TX
TX2210001,CITY OF ABILENE,L,58563,SW,EP002MC2,6,TX
TX2210001,CITY OF ABILENE,L,58564,SW,EP003MC3,6,TX
TX2210001,CITY OF ABILENE,L,61999,SW,EP004MC4,6,TX
TX2210008,POTOSI WSC,S,EP001,SW,EP001,6,TX
TX2210011,CITY OF TYE,S,10001,SW,EP1,6,TX
TX2210013,DYESS AIR FORCE BASE,S,TP18684,SW,EP001,6,TX
TX2210013,DYESS AIR FORCE BASE,S,TP21344,SW,EP002,6,TX
TX2210022,STEAMBOAT MOUNTAIN WSC,S,EP001,SW,EP001,6,TX
TX2210022,STEAMBOAT MOUNTAIN WSC,S,EP002,SW,EP002,6,TX
TX2230001,CITY OF BROWNFIELD,S,EP004,SW,TRTTAP,6,TX
TX2250001,CITY OF MOUNT PLEASANT,L,58609,SW,EP001MC,6,TX
TX2250004,TRI SUD,L,35909,SW,EP001,6,TX
TX2260001,CITY OF SAN ANGELO,L,58618,MX,EP001MC,6,TX
TX2260008,CONCHO RURAL WATER GRAPE CREEK,S,EP005,GW,TRTTAP,6,TX
TX2260027,GOODFELLOW AIR FORCE BASE,S,EP004,SW,TRTTAP,6,TX
TX2270001,CITY OF AUSTIN WATER & WASTEWATER,L,TP15095,SW,EP002,6,TX
TX2270001,CITY OF AUSTIN WATER & WASTEWATER,L,TP15093,SW,EP003,6,TX
TX2270001,CITY OF AUSTIN WATER & WASTEWATER,L,TP410790,SW,EP004,6,TX
TX2270002,CITY OF MANOR,L,EP005,GW,BELLFARMS,6,TX
TX2270002,CITY OF MANOR,L,EP006,GW,CARRIAEG,6,TX
TX2270002,CITY OF MANOR,L,EP008,GW,STONEWATER,6,TX
TX2270002,CITY OF MANOR,L,EP007,GW,TRTTAP,6,TX
TX2270008,CREEDMOOR MAHA WSC,S,EP004,GW,TRTTAP,6,TX
TX2270011,JONESTOWN WSC,S,EP001,SW,EP001,6,TX
TX2270012,LAKEWAY MUD,L,12345,SW,EP002,6,TX
TX2270014,CITY OF PFLUGERVILLE,L,EP003,GW,EP003,6,TX
TX2270014,CITY OF PFLUGERVILLE,L,EP004,GW,EP004,6,TX
TX2270014,CITY OF PFLUGERVILLE,L,EP007,SW,EP007,6,TX
TX2270027,TRAVIS COUNTY WCID 17,L,58693,SW,EP001MC,6,TX
TX2270027,TRAVIS COUNTY WCID 17,L,58694,SW,EP002MC,6,TX
TX2270033,MANVILLE WSC,L,11008,SW,EP0008MWSC,6,TX
TX2270033,MANVILLE WSC,L,11009,GW,EP0009,6,TX
TX2270033,MANVILLE WSC,L,11001,GW,EP001MWSC,6,TX
TX2270033,MANVILLE WSC,L,11002,GW,EP002MWSC,6,TX
TX2270033,MANVILLE WSC,L,11003,GW,EP003MWSC,6,TX
TX2270033,MANVILLE WSC,L,58697,GW,EP004MC,6,TX
TX2270033,MANVILLE WSC,L,11010,GW,EP005,6,TX
TX2270033,MANVILLE WSC,L,11006,GW,EP006MWSC,6,TX
TX2270033,MANVILLE WSC,L,11007,GW,EP007MWSC,6,TX
TX2270054,SANDY CREEK RANCHES SUBDIVISION,S,TP21629,GW,EP001,6,TX
TX2270054,SANDY CREEK RANCHES SUBDIVISION,S,TP13222,GW,EP002,6,TX
TX2270054,SANDY CREEK RANCHES SUBDIVISION,S,TP13223,GW,EP003,6,TX
TX2270054,SANDY CREEK RANCHES SUBDIVISION,S,TP13260,GW,EP004,6,TX
TX2270083,TRAVIS COUNTY WCID 18,S,EP001,SW,EP001,6,TX
TX2270092,CITY OF LAGO VISTA,S,EP003,SW,TRTTAP,6,TX
TX2270161,WINDERMERE COMMUNITY,L,58774,GW,EP001MC1,6,TX
TX2270161,WINDERMERE COMMUNITY,L,58775,GW,EP003MC3,6,TX
TX2270161,WINDERMERE COMMUNITY,L,58780,GW,EP005,6,TX
TX2270161,WINDERMERE COMMUNITY,L,58778,GW,EP006MC4,6,TX
TX2270161,WINDERMERE COMMUNITY,L,62025,GW,EP008MC6,6,TX
TX2270182,TRAVIS COUNTY WCID 10,S,EP001,SW,EP001,6,TX
TX2270196,AUSTIN WHITE LIME COMPANY MCNEIL PLANT &,S,20001,GW,EP001,6,TX
TX2270226,NORTH AUSTIN MUD 1,L,20001,SW,EP1,6,TX
TX2270227,WELLS BRANCH MUD 1,L,35968,SW,EP001,6,TX
TX2270235,WEST TRAVIS COUNTY PUBLIC UTILITY AGENCY,L,58842,SW,EP001MC,6,TX
TX2270255,AUSTINS COLONY,S,P2270255B,GW,EP003,6,TX
TX2270255,AUSTINS COLONY,S,P2270255A,GW,EP004,6,TX
TX2270264,NORTHTOWN MUD,L,10002,SW,EP002,6,TX
TX2270403,TRAVIS COUNTY MUD 18,S,20001,SW,EP001,6,TX
TX2270403,TRAVIS COUNTY MUD 18,S,20002,SW,EP002,6,TX
TX2290001,CITY OF WOODVILLE,S,EP002,GW,EP002,6,TX
TX2290001,CITY OF WOODVILLE,S,EP003,GW,EP003,6,TX
TX2290001,CITY OF WOODVILLE,S,EP004,GW,EP004,6,TX
TX2290001,CITY OF WOODVILLE,S,EP005,GW,EP005,6,TX
TX2290037,TYLER COUNTY SUD,S,EP006,GW,TRTTAP,6,TX
TX2300002,CITY OF GILMER,S,EP003,GW,TRTTAP,6,TX
TX2300006,DIANA SUD,S,TP13460,SW,EP001,6,TX
TX2300006,DIANA SUD,S,TP13462,SW,EP004,6,TX
TX2300006,DIANA SUD,S,TP16925,SW,EP007,6,TX
TX2300006,DIANA SUD,S,TP20325,SW,EP008,6,TX
TX2300012,PRITCHETT WATER SUPPLY CORPORATION,S,EP019,GW,TRTTAP,6,TX
TX2320002,CITY OF UVALDE,L,59056,GW,EP001MC,6,TX
TX2320002,CITY OF UVALDE,L,59064,GW,EP002MC,6,TX
TX2320002,CITY OF UVALDE,L,59057,GW,EP003MC,6,TX
TX2320002,CITY OF UVALDE,L,59058,GW,EP004MC,6,TX
TX2320002,CITY OF UVALDE,L,59063,GW,EP006MC,6,TX
TX2320002,CITY OF UVALDE,L,59062,GW,EP007MC,6,TX
TX2320002,CITY OF UVALDE,L,59066,GW,EP009MC,6,TX
TX2320002,CITY OF UVALDE,L,59060,GW,EP011MC,6,TX
TX2320004,KNIPPA WSC,S,TP1,GW,TP1,6,TX
TX2330001,DEL RIO UTILITIES COMMISSION,L,61695,GU,EP005MC,6,TX
TX2330006,LAUGHLIN AIR FORCE BASE,S,10001,SW,EP001,6,TX
TX2340001,"CITY OF CANTON, TX",S,EP004,SW,TRTTAP,6,TX
TX2340004,CITY OF VAN,S,18425MOONRD,GW,EP001,6,TX
TX2340005,CITY OF WILLS POINT,S,EP001,SW,TRTTAP,6,TX
TX2340010,FRUITVALE WSC,S,EP004,GW,TRTTAP,6,TX
TX2340012,MACBEE SUD,S,EP001,SW,TRTTAP,6,TX
TX2340019,SOUTH TAWAKONI WSC,S,EP001,SW,TRTTAP,6,TX
TX2350002,CITY OF VICTORIA,L,90001,SW,EP005,6,TX
TX2350060,MARTIN LUTHER LUTHERAN CHURCH,S,10001,GW,EP001,6,TX
TX2360001,CITY OF HUNTSVILLE,L,36016,SW,EP001,6,TX
TX2360001,CITY OF HUNTSVILLE,L,59226,GW,EP001MC,6,TX
TX2360001,CITY OF HUNTSVILLE,L,59227,GW,EP002MC,6,TX
TX2360001,CITY OF HUNTSVILLE,L,PBCU004,GW,EP004MC,6,TX
TX2360010,RIVERSIDE SUD,S,TP13777,GW,EP001,6,TX
TX2360010,RIVERSIDE SUD,S,TP13774,GW,EP002,6,TX
TX2360010,RIVERSIDE SUD,S,TP13773,GW,EP003,6,TX
TX2370001,CITY OF HEMPSTEAD,S,EP001,GW,EP001,6,TX
TX2370001,CITY OF HEMPSTEAD,S,EP002,GW,EP002,6,TX
TX2370002,PRAIRIE VIEW A&M UNIVERSITY,S,EP002,GW,TRTTAP,6,TX
TX2370003,CITY OF WALLER,S,EP002,GW,EP002,6,TX
TX2370003,CITY OF WALLER,S,EP003,GW,EP003,6,TX
TX2370003,CITY OF WALLER,S,EP004,GW,EP004,6,TX
TX2370004,BROOKSHIRE MWD,S,TP13840,GW,EP001,6,TX
TX2370004,BROOKSHIRE MWD,S,TP13839,GW,EP002,6,TX
TX2370005,PATTISON WSC,S,20001,GW,EP001,6,TX
TX2370005,PATTISON WSC,S,20002,GW,EP002,6,TX
TX2370063,G & W WSC,S,001,GW,EP001,6,TX
TX2370063,G & W WSC,S,002,GW,EP002,6,TX
TX2380001,CITY OF MONAHANS,S,EP001,GW,TRTTAP,6,TX
TX2390001,CITY OF BRENHAM,L,15126,SW,EP001,6,TX
TX2390002,CITY OF BURTON,S,20001,GW,EP001,6,TX
TX2400001,CITY OF LAREDO,L,59423,SW,EP001MC1,6,TX
TX2400001,CITY OF LAREDO,L,59424,SW,EP006,6,TX
TX2400022,WEBB COUNTY WATER UTILITIES,S,EP001,SW,TRTTAP,6,TX
TX2410002,CITY OF EL CAMPO,L,59443,GW,EP001MC,6,TX
TX2410002,CITY OF EL CAMPO,L,59444,GW,EP002MC,6,TX
TX2410002,CITY OF EL CAMPO,L,59445,GW,EP003MC,6,TX
TX2410002,CITY OF EL CAMPO,L,59446,GW,EP004MC,6,TX
TX2410005,CITY OF WHARTON,S,EP003,GW,TRTTAP,6,TX
TX2430001,CITY OF WICHITA FALLS,L,00001,SW,EP001,6,TX
TX2430001,CITY OF WICHITA FALLS,L,00002,SW,EP002,6,TX
TX2430003,CITY OF IOWA PARK,S,EP001,SW,EP001,6,TX
TX2430005,CITY OF BURKBURNETT,L,36043,SW,EP001,6,TX
TX2430005,CITY OF BURKBURNETT,L,59518,GW,EP002MC,6,TX
TX2430006,WICHITA VALLEY WSC,S,TP15138,SW,EP001,6,TX
TX2430006,WICHITA VALLEY WSC,S,P2430006A,SW,EP002,6,TX
TX2430006,WICHITA VALLEY WSC,S,P2430006D,SW,EP005,6,TX
TX2430007,SHEPPARD AIR FORCE BASE,L,36048,SW,EP001,6,TX
TX2440001,CITY OF VERNON,L,59532,GW,EP001MC,6,TX
TX2450001,CITY OF RAYMONDVILLE,L,11111,SW,EPOO1,6,TX
TX2450006,SEBASTIAN MUD,S,20001,SW,EP001,6,TX
TX2450006,SEBASTIAN MUD,S,20002,SW,EP002,6,TX
TX2450006,SEBASTIAN MUD,S,20003,SW,EP003,6,TX
TX2460001,CITY OF GEORGETOWN,L,005,GW,005,6,TX
TX2460001,CITY OF GEORGETOWN,L,00008,SW,008,6,TX
TX2460001,CITY OF GEORGETOWN,L,00010,SW,010,6,TX
TX2460001,CITY OF GEORGETOWN,L,59546,SW,EP001MC1,6,TX
TX2460001,CITY OF GEORGETOWN,L,59547,GU,EP002MC2,6,TX
TX2460001,CITY OF GEORGETOWN,L,62042,GU,EP004MC4,6,TX
TX2460003,CITY OF ROUND ROCK,L,59550,SW,EP001MC1,6,TX
TX2460003,CITY OF ROUND ROCK,L,59551,GW,EP002MC2,6,TX
TX2460003,CITY OF ROUND ROCK,L,00009,SW,TRTTAP,6,TX
TX2460004,CITY OF TAYLOR,L,36067,SW,EP001,6,TX
TX2460006,CITY OF BARTLETT,S,TP101,GW,01,6,TX
TX2460007,CITY OF HUTTO,L,36070,SW,EP001,6,TX
TX2460007,CITY OF HUTTO,L,36069,MX,EP002,6,TX
TX2460009,CITY OF CEDAR PARK,L,59561,SW,EP001MC,6,TX
TX2460009,CITY OF CEDAR PARK,L,19001,SW,EP003MC,6,TX
TX2460011,JARRELL SCHWERTNER WSC,S,TP14284,GW,EP001,6,TX
TX2460011,JARRELL SCHWERTNER WSC,S,TP14288,SW,EP002,6,TX
TX2460011,JARRELL SCHWERTNER WSC,S,TP14286,SW,EP004,6,TX
TX2460011,JARRELL SCHWERTNER WSC,S,P2460011B,SW,EP005,6,TX
TX2460011,JARRELL SCHWERTNER WSC,S,P2460011C,SW,EP006,6,TX
TX2460011,JARRELL SCHWERTNER WSC,S,EP007,SW,EP007,6,TX
TX2460012,CITY OF LEANDER,L,36074,SW,EP004,6,TX
TX2460012,CITY OF LEANDER,L,36073,SW,MR003,6,TX
TX2460022,JONAH WATER SUD,L,06048,SW,EP001,6,TX
TX2460022,JONAH WATER SUD,L,09792,MX,EP005,6,TX
TX2460022,JONAH WATER SUD,L,09794,GW,EP006,6,TX
TX2460022,JONAH WATER SUD,L,09796,GW,EP008,6,TX
TX2460022,JONAH WATER SUD,L,09799,GW,EP009,6,TX
TX2460022,JONAH WATER SUD,L,09800,GW,EP010,6,TX
TX2460061,BRUSHY CREEK MUD,L,12656,SW,EP002,6,TX
TX2460110,BLOCK HOUSE MUD,S,EP002,SW,TRTTAP,6,TX
TX2460120,WILLIAMSON TRAVIS COUNTY MUD 1,S,EP001,SW,TRTTAP,6,TX
TX2460128,FERN BLUFF MUD,S,EP001,SW,EP001,6,TX
TX2460145,WILLIAMSON COUNTY MUD 10,S,EP001,SW,EP001,6,TX
TX2460152,WILLIAMSON COUNTY WSID 3,S,EP001,GW,EP001,6,TX
TX2460157,SONTERRA MUD,S,EP001,GW,EP001,6,TX
TX2460157,SONTERRA MUD,S,EP002,GW,EP002,6,TX
TX2460157,SONTERRA MUD,S,EP003,GW,EP003,6,TX
TX2460159,WILLIAMSON COUNTY MUD 11,S,20001,SW,EP001,6,TX
TX2470001,CITY OF FLORESVILLE,S,EP005,GW,03,6,TX
TX2470001,CITY OF FLORESVILLE,S,EP004,GW,TRTTAP,6,TX
TX2470005,SUNKO WSC,S,EP002,GW,TRTTAP,6,TX
TX2470009,OAK HILLS WSC,S,EP001,GW,EP001,6,TX
TX2470009,OAK HILLS WSC,S,EP003,GW,EP003,6,TX
TX2470015,S S WSC,L,12661,GW,EP001,6,TX
TX2470015,S S WSC,L,03044,GW,EP002,6,TX
TX2470015,S S WSC,L,03189,GW,EP003,6,TX
TX2470015,S S WSC,L,04325,GW,EP004,6,TX
TX2470015,S S WSC,L,09436,GW,EP005,6,TX
TX2480001,CITY OF KERMIT,S,EP002,GW,TRTTAP,6,TX
TX2490003,CITY OF BRIDGEPORT,S,EP001,SW,TRTTAP,6,TX
TX2490005,CITY OF DECATUR,S,EP001,SW,TRTTAP,6,TX
TX2490016,WEST WISE SUD,S,EP002,SW,TRTTAP,6,TX
TX2500002,CITY OF MINEOLA,S,EP004,GW,TRTTAP,6,TX
TX2500004,CITY OF WINNSBORO,S,EP001,SW,TRTTAP,6,TX
TX2500006,GOLDEN WSC,S,EP006,GW,TRTTAP,6,TX
TX2500007,JONES WSC,S,EP004,GW,TRTTAP,6,TX
TX2500012,HOLLY LAKE RANCH,S,EP007,GW,TRTTAP,6,TX
TX2500015,BRIGHT STAR-SALEM SUD,S,TP14533,GW,EP001,6,TX
TX2500015,BRIGHT STAR-SALEM SUD,S,TP14535,GW,EP002,6,TX
TX2500015,BRIGHT STAR-SALEM SUD,S,TP14539,SW,EP004,6,TX
TX2500015,BRIGHT STAR-SALEM SUD,S,TP20337,SW,EP005,6,TX
TX2500015,BRIGHT STAR-SALEM SUD,S,TP410814,SW,EP006,6,TX
TX2500016,FOUKE WSC,S,EP004,GW,TRTTAP,6,TX
TX2500018,RAMEY WSC,S,EP006,GW,TRTTAP,6,TX
TX2500020,SHARON WSC,S,EP010,GW,TRTTAP,6,TX
TX2500039,LAKE FORK WSC,S,EP003,GW,TRTTAP,6,TX
TX2510001,CITY OF DENVER CITY,S,EP001,GW,TRTTAP,6,TX
TX2520001,CITY OF GRAHAM,S,EP001,SW,TRTTAP,6,TX
TX2520007,FORT BELKNAP WSC,S,EP001,SW,EP001,6,TX
TX2530002,ZAPATA COUNTY WATERWORKS SWTP,L,00001,SW,EP01,6,TX
TX2540001,CITY OF CRYSTAL CITY,S,10001,GW,EP001TRTTAP,6,TX
TX2540001,CITY OF CRYSTAL CITY,S,10002,GW,EP002TRTTAP,6,TX
TX2540001,CITY OF CRYSTAL CITY,S,10003,GW,EP003TRTTAP,6,TX
TX2540001,CITY OF CRYSTAL CITY,S,10004,GW,EP004TRTTAP,6,TX
